Protein_ID,median_Tm
A0A023PXQ4_YMR173W-A,52.4030340964799
A0A023T4K3_,37.9629473421417
A0A023T778_Magohb,54.932538679234
A0A061ACF5_fbl-1,49.4592155176475
A0A061ACH4_CELE_Y62E10A.13,42.5931308043435
A0A061ACH8_B0001.3,37.9994780790578
A0A061ACH9_C47E12.3,42.5175268044759
A0A061ACI3_fbl-1,43.8922110363647
A0A061ACL3_cars-1,41.9732450498217
A0A061ACL6_CELE_M18.6,49.0447748613113
A0A061ACM7_CELE_ZK792.1,45.6447044990157
A0A061ACQ8_CELE_Y92H12A.2,38.5572610934804
A0A061ACR1_CELE_T14G10.5,47.3698568021073
A0A061ACX4_cas-2,42.6682481509474
A0A061AD29_C42C1.4,37.2951801873865
A0A061AJJ3_CELE_F32B5.6,39.4037261652373
A0A067XG53_Cask,51.42440868219735
A0A068BIS6_B3galt4,53.0589794168965
A0A068BIT0_Slc39a7,53.06460347137905
A0A077LSK8_CELE_Y51H4A.24,50.7222112253083
A0A077S2U6_Lyz2,60.9454519614626
A0A077S9N1_Lyz1,57.59084779356765
A0A078BPG0_CELE_F09E10.7,41.1098418725276
A0A087WNV1_Agfg1,51.93614808826915
A0A087WP63_Gm42715,48.74422156832785
A0A087WPH5_Glb1l,51.84012157773335
A0A087WPL5_Dhx9,52.5063734363803
A0A087WPP8_Abi2,50.83195638137275
A0A087WPR9_Fam134a,51.18658114151905
A0A087WPX0_Ktn1,51.1098679729406
A0A087WQ86_Dock10,49.9217510037019
A0A087WQC2_Tmem237,62.1389348583393
A0A087WQE6_Tceb1,49.6827192074865
A0A087WQS2_Bzw1,46.64968527765495
A0A087WQT0_Stk16,44.2295642361028
A0A087WR24_Edem3,53.7593561455331
A0A087WR70_Sgk3,46.5624442065846
A0A087WR75_Atf7ip,51.2709329033584
A0A087WRE5_Nudt16,53.402889223431444
A0A087WRE7_Adhfe1,54.5625793875719
A0A087WRJ2_Abhd14b,51.05829169878115
A0A087WRM0_Cdv3,47.4576895300732
A0A087WRM2_Itm2c,53.94133907076635
A0A087WRV0_Gm973,52.5244989819715
A0A087WRW6_Mdfic,52.13807217486965
A0A087WS03_Pign,51.1349225594149
A0A087WST1_Il19,47.6744217095885
A0A0A0MPG3_crygn2,47.22738225276
A0A0A0MQ68_Gcdh,50.1514316636714
A0A0A0MQ73_Kmt2d,51.0495387343918
A0A0A0MQ79_Prrc2c,53.5148097477681
A0A0A0MQ89_Actr5,48.3475234675623
A0A0A0MQ90_S100a13,65.8182247596879
A0A0A0MQ98_Jmjd1c,49.7147715294812
A0A0A0MQ99_Swi5,49.87954445624885
A0A0A0MQA5_Tuba4a,48.000395534541056
A0A0A0MQD1_Tdrd7,44.323938927102
A0A0A0MQD4_9530068E07Rik,48.4298973929686
A0A0A0MQE5_Camsap1,47.418737268914896
A0A0A0MQF5_Otud6b,44.469857424560544
A0A0A0MQM0_Eif5a,49.43100937272765
A0A0A0MQM6_Pou2f1,49.45128585622305
A0A0A0MQN4_Atg7,45.94626675272045
A0A0A6YVR9_Surf1,51.54756335142835
A0A0A6YVS2_Tmco1,51.8503009153079
A0A0A6YVU8_Gm9774,45.28764602073335
A0A0A6YW28_Usp4,43.38511284357445
A0A0A6YW87_Cnih4,52.1763237815922
A0A0A6YWA7_Chst10,48.96047357419715
A0A0A6YWB0_Mbnl1,49.313858376479104
A0A0A6YWG7_Rapgef2,48.8484164217842
A0A0A6YWP2_Smyd3,42.1985268328721
A0A0A6YWT5_Traip,45.7870278335916
A0A0A6YWY3_Tnr,53.97629572719875
A0A0A6YX18_Atp6v1h,53.0069391361326
A0A0A6YX21_Sft2d2,50.555560130257604
A0A0A6YX25_Lman2l,43.277683014447405
A0A0A6YX40_Igsf3,52.1840333008394
A0A0A6YX73_Prkar2a,46.13937410009745
A0A0A6YXG1_Mast4,50.8440392856665
A0A0A6YXL6_Lrba,47.00549974766765
A0A0A6YXM5_Rcor3,49.9594779250467
A0A0A6YY22_Cyb561d2,49.2131251741092
A0A0A6YY64_Pfkfb3,49.4973518812169
A0A0A6YY67_Camsap2,50.714857887837
A0A0B4J1E6_Fcgr2b,55.2300391187011
A0A0B4J1G0_Fcgr4,52.4882979529185
A0A0B4J1K8_Dcun1d1,47.948861481815754
A0A0D2X7Z2_Eef1akmt1,48.562312989166045
A0A0F6AIX5_Ldah,44.3755933674821
A0A0G2JDF7_Usp30,40.6807363889342
A0A0G2JDH8_Slc35a3,47.119263112332
A0A0G2JDI9_Abcd3,56.4945019504616
A0A0G2JDQ1_Mef2c,50.7056454004447
A0A0G2JDS8_Ung,47.9094176881511
A0A0G2JDW7_Rps27,47.44943866254205
A0A0G2JE03_Anapc5,51.48567478561145
A0A0G2JE93_Stard3nl,52.34970764820565
A0A0G2JE97_Ttc14,50.69260488919165
A0A0G2JEB8_Slc7a7,57.5532683618924
A0A0G2JEG2_2810403A07Rik,49.6939398315734
A0A0G2JEG3_Slc35f6,46.79586752791095
A0A0G2JEH5_Alg14,52.206755818908604
A0A0G2JEK2_Crip1,54.213902919916
A0A0G2JET2_Camkk2,49.2468134452642
A0A0G2JF30_Klhl7,46.3324021536361
A0A0G2JF44_Ift22,48.12254940649575
A0A0G2JFB2_Tdrkh,47.356641672821794
A0A0G2JFC9_Sass6,49.3506383780755
A0A0G2JFF1_Ppp1cc,50.4239860213318
A0A0G2JFF9_Hax1,50.314834229487005
A0A0G2JFH9_Ap5z1,52.59353601008365
A0A0G2JFJ6_Ints3,48.5215304217976
A0A0G2JFN1_Rprd2,49.007687941132204
A0A0G2JFQ4_Nbeal2,48.8949202799038
A0A0G2JFT8_Rufy3,46.855795945230355
A0A0G2JFY0_Spata5,56.1508673839626
A0A0G2JFZ4_Tsc22d2,49.7558756832383
A0A0G2JGD2_S100a4,55.22568114447935
A0A0G2JGF1_Il6ra,51.6672671910467
A0A0G2JGL8_Dhx30,48.311833010220056
A0A0G2JGP4_Nras,46.0638732274775
A0A0G2JGX4_Atp1a3,54.35051464570439
A0A0G2KY26_,52.3925006989256
A0A0H2UH13_Elp6,53.3058607100857
A0A0H2UKB8_Usp33,47.945444223223404
A0A0H2UKQ1_gatm,48.8700608371427
A0A0J9YIW4_zgc:101723,48.9645582416851
A0A0J9YTR2_0610012G03Rik,48.82807734475175
A0A0J9YTU1_Khk,51.15890529937565
A0A0J9YTU3_Specc1,52.9487311194565
A0A0J9YTY0_Sept11,54.2163280013995
A0A0J9YU61_Clock,48.3739838228445
A0A0J9YU83_Morc3,46.832160902454746
A0A0J9YU93_Ociad2,53.3804346720362
A0A0J9YUM4_Ctbp1,50.80413898220445
A0A0J9YUN2_Ube2a,51.91153235042745
A0A0J9YUT8_Rbm19,46.91997529329
A0A0J9YUZ4_Hmgb1,52.97277381013225
A0A0J9YV01_Zeb2,46.6415787308531
A0A0J9YV20_Sdad1,43.1839402380795
A0A0K2H409_GT50_00055,70.9378071070039
A0A0K2H416_GT50_00155,72.3307144302429
A0A0K2H440_GT50_00230,62.1772041720388
A0A0K2H450_GT50_00375,66.9691769345725
A0A0K2H482_GT50_00680,67.6878927128711
A0A0K2H4B3_GT50_00855,78.0432419055141
A0A0K2H4B6_cobB,67.2696812131967
A0A0K2H4C3_GT50_00905,73.1077860964971
A0A0K2H4F8_GT50_01030,72.8295706970246
A0A0K2H4H8_GT50_01150,72.9839103195114
A0A0K2H4L3_GT50_00795,68.3151595075716
A0A0K2H4P5_GT50_01635,75.5589775797356
A0A0K2H4P8_GT50_01655,66.5276163604462
A0A0K2H4Q8_GT50_01710,67.4673116504071
A0A0K2H4T3_GT50_01840,70.1223954504636
A0A0K2H4T8_GT50_01865,62.9392804248789
A0A0K2H4U2_GT50_01830,72.5511588252886
A0A0K2H4U6_GT50_01855,73.8276512905096
A0A0K2H4V9_miaB,69.2676109134101
A0A0K2H4W0_GT50_01940,70.862756919773
A0A0K2H4W1_GT50_02005,79.2763545794653
A0A0K2H4W4_mutS,61.6180768465661
A0A0K2H4W7_GT50_02035,64.4147948708315
A0A0K2H4W9_GT50_02055,60.9673952585389
A0A0K2H4X0_GT50_01480,72.5243563684397
A0A0K2H4X4_GT50_02080,65.2201741010523
A0A0K2H4Y0_GT50_01530,72.3508156617402
A0A0K2H4Y3_GT50_02070,71.6803069908413
A0A0K2H4Y7_asd,68.4376816382522
A0A0K2H4Y8_GT50_02095,73.8868842095128
A0A0K2H4Z0_GT50_02160,68.5861753292788
A0A0K2H4Z5_truB,73.4008264061581
A0A0K2H4Z6_rnj,71.7233736579863
A0A0K2H4Z9_GT50_01650,62.1841372290775
A0A0K2H502_nusA,74.9200027752454
A0A0K2H505_rpsO,74.1922856788169
A0A0K2H509_infB,70.3537473608437
A0A0K2H511_dxr,67.2180629372187
A0A0K2H513_GT50_01730,71.5655722976225
A0A0K2H514_polC,62.0745139707238
A0A0K2H519_cheB,63.4383185754458
A0A0K2H521_GT50_02250,75.9860944883753
A0A0K2H522_GT50_00295,84.387582456786
A0A0K2H523_GT50_01780,80.0274668205982
A0A0K2H524_nnrE,79.6264348497841
A0A0K2H533_GT50_02300,66.5002674889415
A0A0K2H535_GT50_02365,61.1312916230946
A0A0K2H537_GT50_01860,72.6538916533706
A0A0K2H545_GT50_02415,70.5233195233752
A0A0K2H551_codY,75.7548602987044
A0A0K2H554_topA,71.7668189327716
A0A0K2H563_trmD,75.0736210002417
A0A0K2H564_GT50_02000,68.7457655417523
A0A0K2H568_ffh,68.7085875345698
A0A0K2H569_GT50_02025,64.6596854387146
A0A0K2H570_sucC,71.6379173515725
A0A0K2H571_GT50_00690,70.7384508605975
A0A0K2H572_GT50_02550,70.424984727965
A0A0K2H574_GT50_02050,76.7792369913446
A0A0K2H576_GT50_02500,66.089890629365
A0A0K2H577_GT50_02580,63.5353838164105
A0A0K2H580_GT50_02075,72.7345442269115
A0A0K2H582_GT50_02605,67.1099837412195
A0A0K2H586_smc,65.8148197286461
A0A0K2H594_priA,67.334542395437
A0A0K2H597_GT50_02615,71.8536662910825
A0A0K2H598_GT50_02685,71.1817363090103
A0A0K2H599_GT50_02705,70.657093414559
A0A0K2H5A0_GT50_02180,65.214181329178
A0A0K2H5A1_GT50_00890,70.3155367915306
A0A0K2H5A2_rsgA,68.214775403669
A0A0K2H5A5_GT50_02205,72.7102063185894
A0A0K2H5A6_GT50_00915,60.9678136686351
A0A0K2H5A7_fmt,68.9239201255867
A0A0K2H5B1_proS,71.2111357809975
A0A0K2H5B2_gmk,73.5444904080803
A0A0K2H5B7_GT50_02725,71.2960406237948
A0A0K2H5C2_cysI,71.2353254536992
A0A0K2H5C3_GT50_02305,71.6227360346361
A0A0K2H5D0_mqo,66.3519479035589
A0A0K2H5D4_pyrE,69.5306855182731
A0A0K2H5D5_carB,68.4103256515224
A0A0K2H5D6_fliI,63.2302325370772
A0A0K2H5D8_carA,67.5260574374118
A0A0K2H5D9_pyrR,69.3008280939776
A0A0K2H5E0_GT50_02915,70.1980534942788
A0A0K2H5E3_GT50_02935,70.1087267962329
A0A0K2H5E7_pyrD,65.5456143745442
A0A0K2H5F1_ftsA,63.0077056234279
A0A0K2H5F5_GT50_01310,68.2897299143076
A0A0K2H5F7_rplS,67.9052925733378
A0A0K2H5F8_ileS,67.8467659320093
A0A0K2H5G3_rpsP,74.408230945176
A0A0K2H5G4_GT50_02950,74.4051602798361
A0A0K2H5G5_murE,75.6818971233384
A0A0K2H5G7_GT50_01410,69.5472990037241
A0A0K2H5G9_bshC,59.187873565959
A0A0K2H5H0_rnc,62.4253255094875
A0A0K2H5H2_rpmF,84.9939299359179
A0A0K2H5H5_fapR,82.6148094480382
A0A0K2H5H6_coaD,60.4614809096189
A0A0K2H5I0_GT50_02620,67.9949017592962
A0A0K2H5J1_GT50_03210,60.0644287178274
A0A0K2H5J7_GT50_03235,68.3857850351457
A0A0K2H5J8_GT50_02700,70.790480928222
A0A0K2H5K6_GT50_03280,70.690173855758
A0A0K2H5L1_GT50_03220,71.5415600929224
A0A0K2H5L4_glpK,67.9178435092109
A0A0K2H5L6_GT50_03340,78.3830438628632
A0A0K2H5L7_GT50_03345,75.7967855347236
A0A0K2H5L8_rnj,72.4405790601182
A0A0K2H5M1_GT50_03375,70.3893286371432
A0A0K2H5N5_GT50_03385,64.1256270078823
A0A0K2H5Q4_GT50_03490,69.8916042228137
A0A0K2H5Q6_GT50_02955,71.0746206300888
A0A0K2H5Q9_GT50_03515,63.3717312383413
A0A0K2H5R2_miaA,76.8440284486155
A0A0K2H5R9_GT50_03565,71.8000719917577
A0A0K2H5S2_GT50_03655,78.736658443487
A0A0K2H5S5_rsmH,67.5273152665058
A0A0K2H5S9_rny,64.4521407206668
A0A0K2H5T6_cinA,70.2016481889977
A0A0K2H5U1_fabG,64.0888333372728
A0A0K2H5U3_nfo,77.9633859106722
A0A0K2H5U7_ispG,65.8246436961139
A0A0K2H5U8_GT50_02090,58.8081747325057
A0A0K2H5U9_dnaG,66.7386139310387
A0A0K2H5V1_GT50_03815,60.940425444195
A0A0K2H5V8_GT50_03870,73.4376587748055
A0A0K2H5W4_pnp,75.2099675384986
A0A0K2H5W8_GT50_03310,63.5748364127103
A0A0K2H5X0_dnaJ,68.0806819422138
A0A0K2H5X4_lepA,66.6210156479128
A0A0K2H5Y3_dapH,71.8966687928021
A0A0K2H5Y7_rpsB,67.8958862084096
A0A0K2H5Z1_aroE,70.9200380340717
A0A0K2H5Z3_psd,61.8142723098777
A0A0K2H5Z5_GT50_03470,66.100730155284
A0A0K2H600_GT50_03495,70.6958073491929
A0A0K2H602_GT50_04125,73.2757216312705
A0A0K2H606_mtnN,73.0209438007809
A0A0K2H612_GT50_04180,66.568387390178
A0A0K2H619_GT50_03595,71.1775514406794
A0A0K2H622_alaS,67.5057814346281
A0A0K2H626_hslU,65.3283136788342
A0A0K2H628_GT50_04245,71.1481873359
A0A0K2H634_GT50_02470,71.8552431362128
A0A0K2H638_aspS,67.1731879263419
A0A0K2H640_secD,63.5544351612473
A0A0K2H642_GT50_04255,72.3605349421906
A0A0K2H643_GT50_04325,63.9289960121915
A0A0K2H646_tgt,70.1239112218986
A0A0K2H648_GT50_04350,74.1677670702205
A0A0K2H650_queA,75.4561352955796
A0A0K2H651_GT50_04305,79.8281623156672
A0A0K2H653_sigA,73.5161202590172
A0A0K2H655_GT50_04335,69.6917318791324
A0A0K2H657_ftsY,74.2979899142128
A0A0K2H658_era,69.0170472926784
A0A0K2H660_GT50_04445,73.5541337194703
A0A0K2H662_GT50_03865,66.2109148945608
A0A0K2H663_GT50_02585,70.1562647576609
A0A0K2H666_ruvB,59.6246775035345
A0A0K2H671_prmA,72.071516689176
A0A0K2H673_GT50_04500,73.9522334920966
A0A0K2H675_GT50_04525,66.9890508392639
A0A0K2H676_nadE,65.8765216782511
A0A0K2H677_GT50_04530,62.3473793128367
A0A0K2H682_GT50_04555,67.4589829928972
A0A0K2H684_GT50_04460,68.6869332621582
A0A0K2H692_GT50_04605,74.9681186122821
A0A0K2H695_GT50_04625,69.9724544995218
A0A0K2H697_GT50_04630,73.3253736243625
A0A0K2H698_GT50_04075,76.3157042302135
A0A0K2H699_maf,62.6536929111233
A0A0K2H6A2_hemL,71.9848394597309
A0A0K2H6A3_GT50_04120,73.6466297282074
A0A0K2H6A9_GT50_04590,63.5802724634833
A0A0K2H6B0_lon,66.1864527502706
A0A0K2H6C1_GT50_04670,72.7059667422175
A0A0K2H6C7_murI,66.761764703135
A0A0K2H6C8_pyrF,72.8713641105682
A0A0K2H6D0_pyrC,78.0383277519761
A0A0K2H6D1_GT50_04835,69.1840750909853
A0A0K2H6E7_GT50_04795,76.4759576619672
A0A0K2H6E8_ruvA,76.6497699686306
A0A0K2H6F0_GT50_04945,70.4131935908498
A0A0K2H6F2_murD,72.303095192858
A0A0K2H6F4_sdhB,69.8196936527413
A0A0K2H6G3_obg,71.8621010858102
A0A0K2H6G6_GT50_05020,72.5408588389548
A0A0K2H6G7_GT50_05000,69.8285375537514
A0A0K2H6G8_rplU,72.1901788054256
A0A0K2H6H0_GT50_03130,71.4007794150562
A0A0K2H6H1_GT50_05045,79.0928695258162
A0A0K2H6H6_infC,76.7638240743009
A0A0K2H6H7_rnhC,66.144799195188
A0A0K2H6I5_thrS,71.7333286062417
A0A0K2H6I6_coaE,70.9652255950569
A0A0K2H6I9_pheS,71.4354278969658
A0A0K2H6J0_nrdR,74.4446082857135
A0A0K2H6J1_GT50_04620,81.5306870912291
A0A0K2H6J8_GT50_05180,73.1719266760249
A0A0K2H6J9_rplT,72.6975264709027
A0A0K2H6K2_mdh,72.3395820343327
A0A0K2H6K6_engB,70.3554209517014
A0A0K2H6K7_GT50_05185,71.6580533805415
A0A0K2H6L2_fabG,65.9282174853761
A0A0K2H6L3_dnaE,64.0213381782299
A0A0K2H6L6_ilvC,78.9555901040262
A0A0K2H6L9_GT50_05235,67.1329965650388
A0A0K2H6M0_GT50_05170,76.9885728116758
A0A0K2H6M2_GT50_04775,74.8972266337351
A0A0K2H6M4_GT50_05265,76.3876790785929
A0A0K2H6M5_GT50_03485,78.9417899045616
A0A0K2H6M6_accA,61.8055648159211
A0A0K2H6N0_GT50_03510,67.005859566787
A0A0K2H6N2_sdhA,70.4046462521029
A0A0K2H6N6_GT50_05245,71.675458910197
A0A0K2H6P1_GT50_04880,67.556292280318
A0A0K2H6P2_argG,60.9608716691611
A0A0K2H6Q0_mutS2,64.4330879457309
A0A0K2H6Q4_GT50_03635,65.1800750584512
A0A0K2H6Q6_ackA,66.0049347328641
A0A0K2H6Q8_ezrA,66.0051078109386
A0A0K2H6R6_GT50_05480,67.7718798092945
A0A0K2H6S1_rpmI,74.0242935728746
A0A0K2H6S3_cshB,68.2510466853817
A0A0K2H6S7_thiI,71.8782631115009
A0A0K2H6S9_GT50_03820,66.6170906103104
A0A0K2H6T0_rpsD,71.5084267973711
A0A0K2H6T3_GT50_05145,67.4933550861958
A0A0K2H6U0_tyrS,67.4516119295114
A0A0K2H6U1_accD,61.7233149967831
A0A0K2H6U5_GT50_05225,68.5962369987214
A0A0K2H6U9_GT50_05250,82.4852773630936
A0A0K2H6V0_GT50_05615,69.14027040159
A0A0K2H6V2_GT50_05540,71.2363970170128
A0A0K2H6V5_trmB,69.2381595939179
A0A0K2H6W1_leuS,71.6260353745287
A0A0K2H6W2_murC,73.1337479269126
A0A0K2H6W3_GT50_04040,68.5956470746412
A0A0K2H6W4_GT50_05700,70.7527416683027
A0A0K2H6W7_GT50_05630,66.2164860628801
A0A0K2H6W9_GT50_04065,70.5932339313548
A0A0K2H6X7_GT50_05685,72.4080618197545
A0A0K2H6Y0_GT50_04135,72.4506363659464
A0A0K2H6Y8_tpx,82.6320186335483
A0A0K2H6Z3_menD,75.6054668821832
A0A0K2H6Z4_ppnK,69.2596834610359
A0A0K2H6Z6_metK,67.8753765052287
A0A0K2H6Z9_mnmA,71.7434293663139
A0A0K2H700_GT50_05495,75.9555399484454
A0A0K2H708_hisS,64.2107312094638
A0A0K2H712_apt,69.8016317746399
A0A0K2H717_menB,70.0597401136081
A0A0K2H723_GT50_06255,74.3593863869464
A0A0K2H734_GT50_05580,76.9052330052621
A0A0K2H740_rpmA,76.0422982286678
A0A0K2H741_GT50_06285,64.0474985796747
A0A0K2H749_GT50_06415,84.6507588926842
A0A0K2H755_GT50_04560,63.1987513485063
A0A0K2H756_GT50_05715,71.2194781160423
A0A0K2H758_GT50_06270,74.2096638309841
A0A0K2H765_GT50_04610,64.7702632224338
A0A0K2H766_GT50_05775,76.9031667930253
A0A0K2H770_valS,73.6499960033039
A0A0K2H771_pckA,70.9891029134462
A0A0K2H773_GT50_06365,69.6049296844312
A0A0K2H775_GT50_04665,72.4474728243948
A0A0K2H776_GT50_05840,70.3304309834344
A0A0K2H783_dapF,63.5589114725657
A0A0K2H785_GT50_05895,70.7808143873054
A0A0K2H788_clpX,68.2405737779024
A0A0K2H791_GT50_06570,82.3657600157226
A0A0K2H792_GT50_06480,63.7415089895082
A0A0K2H797_GT50_06505,70.3031824002184
A0A0K2H799_GT50_06665,69.0720498598231
A0A0K2H7A3_metN,57.3828022764656
A0A0K2H7A5_rph,78.2475747949306
A0A0K2H7A6_GT50_06645,69.4279541908523
A0A0K2H7B3_GT50_06750,61.7840858232025
A0A0K2H7B6_uvrC,67.9300947917699
A0A0K2H7C3_GT50_06220,66.9877025764659
A0A0K2H7C6_GT50_06655,71.6411236129926
A0A0K2H7C7_pgi,79.4428139032092
A0A0K2H7C8_GT50_04900,67.145021273091
A0A0K2H7D2_GT50_06275,75.3635816160945
A0A0K2H7D8_zapA,70.2921223433699
A0A0K2H7E9_pheT,70.7636083272291
A0A0K2H7F1_GT50_06410,64.3775544742028
A0A0K2H7F2_smpB,68.0724052913007
A0A0K2H7F7_GT50_06990,73.932740418983
A0A0K2H7F9_rnr,71.4940610392281
A0A0K2H7G5_GT50_06485,69.003792719519
A0A0K2H7G7_GT50_07050,76.8831515750915
A0A0K2H7H1_clpP,72.0355540646107
A0A0K2H7H2_GT50_05110,64.6796762987417
A0A0K2H7H4_lipA,79.3203926740701
A0A0K2H7H5_GT50_07055,72.554335922278
A0A0K2H7H6_GT50_07120,71.5537955720461
A0A0K2H7H7_GT50_05135,66.8997377809737
A0A0K2H7I3_GT50_05165,66.8438546092259
A0A0K2H7I5_GT50_07125,66.7790660559304
A0A0K2H7J0_pfkA,76.1886535359935
A0A0K2H7J6_uvrA,68.5951946224487
A0A0K2H7J7_GT50_06660,71.118650681535
A0A0K2H7K0_whiA,70.9453134729854
A0A0K2H7K4_uvrB,70.8778613579341
A0A0K2H7K5_argH,67.4105611492953
A0A0K2H7K9_GT50_07270,61.6705297456528
A0A0K2H7L7_GT50_05330,64.8615808864075
A0A0K2H7L9_GT50_07335,64.5176584288171
A0A0K2H7M1_GT50_06805,74.4071388239566
A0A0K2H7M8_GT50_07280,73.629074030271
A0A0K2H7N8_GT50_05435,58.3930066541665
A0A0K2H7P3_secA,63.4439596974236
A0A0K2H7P5_GT50_05460,81.3243847259511
A0A0K2H7Q5_GT50_05510,83.8477625529
A0A0K2H7R0_pgk,70.1688220793585
A0A0K2H7R6_GT50_07600,82.0134466821359
A0A0K2H7R8_GT50_07115,63.8726451697659
A0A0K2H7S0_GT50_07625,75.4577914244031
A0A0K2H7S4_GT50_07650,66.0347990835548
A0A0K2H7S5_hisD,73.831880358635
A0A0K2H7T0_ppaX,74.8650407737748
A0A0K2H7T4_GT50_07730,68.6310708624399
A0A0K2H7U4_GT50_07785,61.9631917953545
A0A0K2H7U6_GT50_07685,66.3165773871119
A0A0K2H7U8_GT50_07790,74.5731122625906
A0A0K2H7V2_secA,68.2456102803324
A0A0K2H7W6_GT50_07400,68.9539518540848
A0A0K2H7X9_GT50_05855,65.3629089741522
A0A0K2H7Y2_GT50_07890,64.6418652460184
A0A0K2H7Z2_menE,74.6516881469836
A0A0K2H7Z4_GT50_08030,74.1552963270377
A0A0K2H805_GT50_07615,70.7584104208753
A0A0K2H812_GT50_08175,75.1838230231944
A0A0K2H816_GT50_07665,71.7845801492447
A0A0K2H820_GT50_07690,71.8825641012908
A0A0K2H821_GT50_08215,79.4972305351858
A0A0K2H822_GT50_08235,62.8464060699196
A0A0K2H825_GT50_08240,75.0867859906754
A0A0K2H826_GT50_07725,76.8243012839935
A0A0K2H851_GT50_08400,66.0511788120361
A0A0K2H889_atpG,57.5455695284893
A0A0K2H890_atpA,63.8335646887945
A0A0K2H891_GT50_08120,70.0432952457941
A0A0K2H897_GT50_08165,64.7439458487176
A0A0K2H8A5_GT50_08610,74.6294927562663
A0A0K2H8A7_upp,71.2615566912532
A0A0K2H8B0_tdk,72.6308368122596
A0A0K2H8B3_murA,64.8349328360103
A0A0K2H8B8_GT50_08685,75.5563676539459
A0A0K2H8B9_pyrG,70.0708018635146
A0A0K2H8C2_rho,64.5090601488822
A0A0K2H8C7_GT50_08670,73.713769547632
A0A0K2H8C9_argS,71.7074515086374
A0A0K2H8D1_GT50_06975,71.9370337603068
A0A0K2H8E1_eutD,68.1186587190822
A0A0K2H8E3_lipL,70.3642253351611
A0A0K2H8F0_GT50_08810,78.5732480791111
A0A0K2H8F1_GT50_08880,75.9320040828554
A0A0K2H8F2_GT50_08875,69.2826936317776
A0A0K2H8G0_glyQS,66.9458373752393
A0A0K2H8G2_hisH,69.6936868723406
A0A0K2H8G3_azoR,66.7950896707546
A0A0K2H8G5_GT50_08990,64.670459019693
A0A0K2H8G9_GT50_09010,77.4452607890139
A0A0K2H8H0_hprK,64.9733699702569
A0A0K2H8I2_GT50_09105,71.0337574902745
A0A0K2H8I6_GT50_09140,62.5695641341657
A0A0K2H8I7_GT50_09135,67.2876780593785
A0A0K2H8I8_atpD,65.0263869997973
A0A0K2H8J7_glyA,69.2286207238811
A0A0K2H8K0_GT50_09150,71.7383601522503
A0A0K2H8K6_mnmG,75.3421349469626
A0A0K2H8L2_glpX,73.4570938462092
A0A0K2H8M4_dnaA,77.3619835249546
A0A0K2H8M7_gyrA,70.5491432738297
A0A0K2H8M8_serS,70.0538818806137
A0A0K2H8N2_pdxS,75.1939082188494
A0A0K2H8P3_GT50_08845,81.4377122650656
A0A0K2H8P4_GT50_09495,69.052186538578
A0A0K2H8P6_GT50_07605,71.7660021722107
A0A0K2H8Q0_rnmV,70.9514470205349
A0A0K2H8Q6_ipk,67.8944188671874
A0A0K2H8Q7_metG,67.3980366802193
A0A0K2H8Q8_GT50_07655,66.4792013204607
A0A0K2H8R2_prs,70.9760119818271
A0A0K2H8R3_glmU,75.8660067955295
A0A0K2H8R4_GT50_07680,76.4152324456799
A0A0K2H8R5_GT50_09005,69.8515823783268
A0A0K2H8R8_mfd,64.823156547084
A0A0K2H8S1_pth,64.7413870941841
A0A0K2H8S4_GT50_09055,75.7429946371715
A0A0K2H8S5_GT50_09645,68.8838339393761
A0A0K2H8S8_GT50_09100,78.164508094842
A0A0K2H8T0_GT50_09670,81.1216364939638
A0A0K2H8T2_hslO,78.2988775688749
A0A0K2H8T4_coaX,78.5961287106634
A0A0K2H8T5_GT50_09705,68.4749424749058
A0A0K2H8T8_purA,63.2978842750491
A0A0K2H8U2_lysS,70.6414444115705
A0A0K2H8U3_rpsR,67.0743887153755
A0A0K2H8U6_GT50_09880,74.5382520357516
A0A0K2H8U9_mcsB,77.2915554101182
A0A0K2H8V1_GT50_09905,71.7377046102154
A0A0K2H8V2_noc,67.9036555270237
A0A0K2H8V7_GT50_09275,65.3947423990148
A0A0K2H8V9_GT50_09925,71.4675243586125
A0A0K2H8W0_cysS,72.8541657976633
A0A0K2H8W1_rplK,77.726293405194
A0A0K2H8W2_GT50_09305,66.5644120367873
A0A0K2H8W3_GT50_07935,77.4856207838615
A0A0K2H8W5_nusG,75.5271095043136
A0A0K2H8W6_rpoB,67.7015916787307
A0A0K2H8W8_GT50_09975,75.2594699667982
A0A0K2H8W9_rplJ,67.1708244069232
A0A0K2H8X0_fusA,76.3007800610775
A0A0K2H8X2_pdxT,72.9857271801391
A0A0K2H8X4_rpsG,68.2919144861791
A0A0K2H8X6_rplD,71.2721845991394
A0A0K2H8X9_rpsC,62.9749555869188
A0A0K2H8Y0_rplC,73.5401663700937
A0A0K2H8Y3_rplB,68.0402110107747
A0A0K2H8Y6_rplV,68.1040058655223
A0A0K2H8Y7_GT50_09490,60.45418840204
A0A0K2H8Z0_rplR,74.8431299995801
A0A0K2H8Z2_rplN,67.3013886555744
A0A0K2H8Z3_rpsN,76.3068871955017
A0A0K2H8Z7_rplF,72.7217194306743
A0A0K2H8Z8_rpmD,68.037873164885
A0A0K2H8Z9_GT50_08150,63.446344049257
A0A0K2H900_rpsK,70.9367377159511
A0A0K2H907_rpsM,70.1045719548507
A0A0K2H908_rplQ,71.2757731316932
A0A0K2H912_rplM,68.1039140422645
A0A0K2H923_ftsH,68.3224570088895
A0A0K2H927_glmS,72.025891299582
A0A0K2H928_GT50_09740,78.3905317476547
A0A0K2H939_GT50_08355,68.1962233255693
A0A0K2H940_ispD,69.1970429131672
A0A0K2H944_rocD,68.1581262797958
A0A0K2H949_GT50_10430,78.7156810909323
A0A0K2H961_rpsL,69.3709905458964
A0A0K2H965_rpsJ,63.0783166026119
A0A0K2H966_GT50_10540,71.729617049693
A0A0K2H967_ddl,66.6037378215976
A0A0K2H970_murG,60.5675178874467
A0A0K2H972_rpsQ,68.1968740191264
A0A0K2H973_cshA,64.6679667834909
A0A0K2H975_GT50_10645,73.7323043180916
A0A0K2H976_rpsH,66.8534602133642
A0A0K2H978_GT50_10625,78.9212224205428
A0A0K2H979_GT50_10750,73.7798663356887
A0A0K2H988_tsaD,69.5598188966997
A0A0K2H992_rex,63.675321993893
A0A0K2H996_rpsI,73.4797736849503
A0A0K2H999_GT50_08585,75.7503165092484
A0A0K2H9A3_fumC,65.9093457301218
A0A0K2H9A9_guaA,74.3768647338055
A0A0K2H9B5_purQ,74.1194305656132
A0A0K2H9B8_GT50_10950,75.0954142183098
A0A0K2H9B9_purC,62.4035078906108
A0A0K2H9C0_rocA,75.3524064028741
A0A0K2H9C1_purH,67.8412616175273
A0A0K2H9C7_GT50_11015,75.0666496922707
A0A0K2H9C8_GT50_08780,80.8127217639316
A0A0K2H9D4_GT50_11030,57.4706873885632
A0A0K2H9D5_GT50_10475,72.519508140569
A0A0K2H9D6_gatC,78.0061217795539
A0A0K2H9E4_GT50_11085,71.814579933454
A0A0K2H9E8_gatB,73.0082554948481
A0A0K2H9F6_murF,71.7397754336306
A0A0K2H9G3_GT50_11215,67.0205323132424
A0A0K2H9G7_GT50_10650,67.5217889245135
A0A0K2H9I4_GT50_09170,62.6069192067715
A0A0K2H9I7_ychF,62.4009919532642
A0A0K2H9I9_GT50_11300,69.1588794329571
A0A0K2H9J6_mnmE,68.6303385883366
A0A0K2H9K2_gyrB,67.0819822591636
A0A0K2H9K5_GT50_11395,69.4418421024001
A0A0K2H9K7_GT50_09375,68.7671689829181
A0A0K2H9L0_purL,63.8924602202501
A0A0K2H9L4_GT50_11495,69.0865673799211
A0A0K2H9L5_purD,63.2253526228491
A0A0K2H9L6_recR,74.0170390166507
A0A0K2H9L9_GT50_11525,78.3143339689233
A0A0K2H9M4_GT50_11050,64.9977062065933
A0A0K2H9M8_gatA,72.4849140920142
A0A0K2H9M9_rsmA,69.051204088567
A0A0K2H9N1_GT50_09590,66.3305204830873
A0A0K2H9N8_GT50_11555,66.1169225040697
A0A0K2H9P1_GT50_11220,66.4516460715272
A0A0K2H9Q1_GT50_11615,81.3574690806278
A0A0K2H9Q2_thiC,67.8567360469127
A0A0K2H9R4_radA,75.71485892854
A0A0K2H9R8_GT50_11740,65.1337630620349
A0A0K2H9R9_GT50_09910,70.501765987506
A0A0K2H9T0_rplA,71.4599979684099
A0A0K2H9T2_GT50_11410,71.9459668525036
A0A0K2H9T3_GT50_11830,76.8081611863893
A0A0K2H9T5_rpoC,66.3566868889268
A0A0K2H9T9_sat,81.8343656448832
A0A0K2H9U6_GT50_11925,70.8143966392454
A0A0K2H9U8_rplW,70.4940352231806
A0A0K2H9U9_GT50_11500,72.8390021207547
A0A0K2H9V7_rplE,66.1640758027198
A0A0K2H9W0_GT50_12000,82.7377085164968
A0A0K2H9W1_rpsE,65.2977037019939
A0A0K2H9W5_map,72.3844787591647
A0A0K2H9W9_rpoA,71.8460364958469
A0A0K2H9X4_GT50_12095,64.6899918980906
A0A0K2H9Y1_GT50_12145,63.7484494073506
A0A0K2H9Y2_GT50_10210,67.7449281027702
A0A0K2H9Y4_GT50_12160,67.7875260246139
A0A0K2H9Y8_GT50_10305,72.4563302177364
A0A0K2H9Z3_glmM,70.8940923827002
A0A0K2H9Z7_ldh,74.1656755306974
A0A0K2HA02_GT50_11715,65.8837805051367
A0A0K2HA03_GT50_10390,66.2575346603872
A0A0K2HA04_GT50_12390,65.9522595212392
A0A0K2HA07_GT50_10415,67.7578913175759
A0A0K2HA12_GT50_12480,74.7286152906896
A0A0K2HA14_GT50_12435,73.5437960223474
A0A0K2HA18_GT50_12505,71.8365523089355
A0A0K2HA21_GT50_12470,63.1920843244526
A0A0K2HA26_GT50_11835,76.5217401203889
A0A0K2HA28_GT50_12560,79.7910832808408
A0A0K2HA33_GT50_12585,71.5382868513158
A0A0K2HA39_GT50_12605,81.3007653606791
A0A0K2HA40_GT50_12570,69.5209526467486
A0A0K2HA49_GT50_10640,71.455529597513
A0A0K2HA54_GT50_10745,69.9444973124408
A0A0K2HA55_GT50_12645,67.5324605804007
A0A0K2HA60_GT50_12675,59.1997251117962
A0A0K2HA67_GT50_12795,70.5985605311735
A0A0K2HA72_yhaM,69.3354428943897
A0A0K2HA87_hemH,74.1758198358057
A0A0K2HA88_hemE,71.845262285206
A0A0K2HA89_hemL,70.6912566117017
A0A0K2HA91_purS,80.1681081944674
A0A0K2HA96_purN,67.8639796487508
A0A0K2HAA4_GT50_12960,63.5488351716032
A0A0K2HAA5_GT50_12405,70.4497370390475
A0A0K2HAA6_ligA,75.1155525516666
A0A0K2HAB3_addA,66.6574115377024
A0A0K2HAB5_GT50_12475,66.4981771587927
A0A0K2HAC9_GT50_13135,79.584373017634
A0A0K2HAD6_GT50_11210,66.6157950684939
A0A0K2HAD7_GT50_12600,81.6805851969666
A0A0K2HAE0_GT50_13150,62.053292827398
A0A0K2HAE7_potA,69.9010442117139
A0A0K2HAE8_GT50_12655,75.0894750583364
A0A0K2HAG9_GT50_13370,70.2142380980031
A0A0K2HAH1_GT50_12815,61.2466298789974
A0A0K2HAH8_GT50_13390,71.1218692880806
A0A0K2HAI8_GT50_13440,70.6874789382618
A0A0K2HAJ1_GT50_11485,69.8042669761606
A0A0K2HAK3_GT50_13555,58.4032658086968
A0A0K2HAK5_GT50_13585,75.4159503891564
A0A0K2HAL3_argJ,66.4801870124334
A0A0K2HAL7_GT50_11550,65.2281308501252
A0A0K2HAL9_GT50_13660,75.1298822588793
A0A0K2HAM0_GT50_13625,71.6069294436893
A0A0K2HAM3_GT50_13155,70.2394783981683
A0A0K2HAM5_fabH,76.8093148793563
A0A0K2HAN0_GT50_13180,64.9074488450349
A0A0K2HAN4_GT50_13735,71.1224485389536
A0A0K2HAP2_GT50_13790,75.2813005504587
A0A0K2HAP4_GT50_13750,57.9276499889547
A0A0K2HAP5_GT50_13265,60.6440650998188
A0A0K2HAP7_GT50_13815,72.3790995873377
A0A0K2HAR0_ppnK,60.9581891075983
A0A0K2HAR9_GT50_13420,71.9264656724742
A0A0K2HAS5_GT50_13445,68.3443212177652
A0A0K2HAT8_GT50_14010,77.1894804078249
A0A0K2HAU2_GT50_12010,74.9515661440256
A0A0K2HAV2_recX,66.2334230231252
A0A0K2HAV3_GT50_14125,64.845494903229
A0A0K2HAW2_GT50_14190,65.994802322574
A0A0K2HAW4_carB,69.6422062518448
A0A0K2HAX8_murB,69.1181964236905
A0A0K2HAX9_GT50_14270,66.6218022844295
A0A0K2HAY1_queG,75.2955617742931
A0A0K2HAY9_GT50_12460,67.7375027343673
A0A0K2HB04_GT50_13840,73.201642385055
A0A0K2HB08_mtnW,74.1119132945213
A0A0K2HB11_GT50_12590,65.8316765585555
A0A0K2HB13_GT50_14475,72.4935896949629
A0A0K2HB22_GT50_14495,76.7003230062413
A0A0K2HB24_GT50_14510,61.574963358565
A0A0K2HB33_GT50_14525,74.2666856818244
A0A0K2HB46_queF,70.6730786746188
A0A0K2HB49_GT50_12915,63.9350040145729
A0A0K2HB50_GT50_14180,69.5660465489206
A0A0K2HB59_GT50_14620,82.549863343449
A0A0K2HB61_GT50_14665,64.4353516592046
A0A0K2HB63_odhA,67.2664982714822
A0A0K2HB66_GT50_14265,74.5332158384724
A0A0K2HB73_GT50_14715,66.9594104232357
A0A0K2HB78_gcvPA,69.1217053147607
A0A0K2HB81_GT50_14765,64.5612939598785
A0A0K2HB83_GT50_14790,69.6574319383012
A0A0K2HB91_GT50_14850,75.8796497278763
A0A0K2HB97_GT50_13145,74.1536673218662
A0A0K2HBA1_GT50_14945,64.895242768137
A0A0K2HBA4_folD,67.1700022784432
A0A0K2HBA7_GT50_14910,60.9375108946465
A0A0K2HBA8_GT50_13200,69.4845451848564
A0A0K2HBA9_GT50_14955,77.6489168884489
A0A0K2HBB0_GT50_15005,74.584000451269
A0A0K2HBB4_GT50_15030,66.0613789869424
A0A0K2HBB5_GT50_14965,68.883275017261
A0A0K2HBB6_buk,71.4973511153039
A0A0K2HBC0_GT50_15040,68.7389743583834
A0A0K2HBC3_GT50_15025,67.452678485203
A0A0K2HBE4_GT50_13435,83.7987159959416
A0A0K2HBG6_GT50_15360,68.0805991775161
A0A0K2HBH5_GT50_15450,79.0365208209723
A0A0K2HBH7_gcvPB,68.9926697111939
A0A0K2HBI4_zwf,71.1793613562079
A0A0K2HBI9_namA,69.4010759315569
A0A0K2HBJ0_GT50_15540,70.5289782756876
A0A0K2HBJ1_clpB,70.3233762661449
A0A0K2HBJ7_GT50_13695,61.3144668759203
A0A0K2HBJ8_GT50_15550,72.5001577867986
A0A0K2HBJ9_GT50_15590,58.4346041532642
A0A0K2HBK2_trpS,67.198603833274
A0A0K2HBK3_deoB,80.6540600166025
A0A0K2HBK5_xseA,67.1918262828846
A0A0K2HBK7_GT50_13745,71.9354863803044
A0A0K2HBK8_spoIIAB,70.0440409981271
A0A0K2HBL0_argR,73.4389728921889
A0A0K2HBL1_deoA,68.1390244402187
A0A0K2HBL4_ribBA,71.7423628942098
A0A0K2HBL9_GT50_15020,63.9804273947655
A0A0K2HBM0_scpB,71.5031851754893
A0A0K2HBM3_GT50_15690,78.7173375633784
A0A0K2HBM4_GT50_15045,65.321581937166
A0A0K2HBM5_GT50_15670,75.1009683883797
A0A0K2HBM8_GT50_13855,67.4610941852006
A0A0K2HBN0_GT50_15755,69.8972615208981
A0A0K2HBN6_GT50_15780,69.8222743043788
A0A0K2HBQ9_GT50_14020,66.8794336094424
A0A0K2HBR6_GT50_15920,64.229846295952
A0A0K2HBR7_GT50_15875,79.3951085908289
A0A0K2HBT0_GT50_16015,71.5291417833075
A0A0K2HBT6_rnz,76.9136500479821
A0A0K2HBU2_GT50_16010,72.5979533869081
A0A0K2HBU4_GT50_16095,74.0996402433035
A0A0K2HBU8_engA,71.7269883859367
A0A0K2HBV1_GT50_14280,67.6693383886204
A0A0K2HBV5_GT50_15580,82.3414003694325
A0A0K2HBW4_aroB,64.6179046600474
A0A0K2HBX6_mgsA,71.1692625959983
A0A0K2HBX8_GT50_16235,73.1112160475885
A0A0K2HBX9_hisC,70.2485960911024
A0A0K2HBY2_GT50_15745,60.5281290806492
A0A0K2HBY9_GT50_16245,81.5919706244674
A0A0K2HBZ0_GT50_16365,69.2809420077118
A0A0K2HBZ3_panC,67.7319342591279
A0A0K2HBZ4_dapB,74.7627195882949
A0A0K2HBZ6_GT50_15820,78.1161577128891
A0A0K2HBZ7_GT50_14505,72.8649683015896
A0A0K2HBZ8_asnC,66.8273946091466
A0A0K2HC08_galK,62.8788556673984
A0A0K2HC10_GT50_16445,64.3255039337897
A0A0K2HC15_GT50_16425,69.2310476572817
A0A0K2HC17_GT50_16595,68.5550589550409
A0A0K2HC18_galT,72.0035976980031
A0A0K2HC25_GT50_16005,76.7239527646574
A0A0K2HC38_gpsA,73.4191377158326
A0A0K2HC42_GT50_16760,62.685221503466
A0A0K2HC46_GT50_14660,73.6525526677616
A0A0K2HC53_GT50_14725,78.2578880025184
A0A0K2HC55_GT50_16770,74.529359201107
A0A0K2HC58_gcvT,66.739274990044
A0A0K2HC63_lipM,69.0752088838508
A0A0K2HC76_GT50_16900,74.096224495072
A0A0K2HC79_GT50_14895,69.1820828922011
A0A0K2HC80_cca,68.3263622443848
A0A0K2HC86_dxs,63.5822944448858
A0A0K2HC89_GT50_16915,72.4206446073572
A0A0K2HC91_GT50_14980,58.981235338404
A0A0K2HC96_GT50_15010,82.8050426028007
A0A0K2HCA1_GT50_15035,73.8930038645728
A0A0K2HCA5_GT50_16450,75.8293559567062
A0A0K2HCB2_GT50_17100,69.6954204048864
A0A0K2HCB4_GT50_16515,68.1769871836398
A0A0K2HCC4_GT50_17155,71.4433391870875
A0A0K2HCC5_ilvD,76.8913781977167
A0A0K2HCD1_GT50_17255,76.3802364049117
A0A0K2HCF5_GT50_17400,77.7628464431398
A0A0K2HCG6_GT50_17335,67.3965266524361
A0A0K2HCH6_cobB,72.8625375588449
A0A0K2HCI1_lysA,63.3041697371013
A0A0K2HCI2_GT50_17030,76.7237650788413
A0A0K2HCI7_GT50_15710,72.7096175704755
A0A0K2HCJ0_GT50_15735,73.6630172086379
A0A0K2HCJ3_GT50_15760,64.1756469995235
A0A0K2HCJ7_GT50_17605,66.6227665384062
A0A0K2HCK1_GT50_15810,73.8463879319101
A0A0K2HCL2_proA,64.1009859062969
A0A0K2HCL7_GT50_17725,67.4486261979851
A0A0K2HCM1_GT50_15915,84.7471797941313
A0A0K2HCM3_GT50_17620,74.3908975521976
A0A0K2HCM4_hmp,66.4801480818056
A0A0K2HCN2_katG,70.4302838140321
A0A0K2HCP4_purU,63.3659962628129
A0A0K2HCP6_GT50_17930,74.5266037951105
A0A0K2HCP8_cmk,76.162150004675
A0A0K2HCP9_GT50_17770,68.9319215881536
A0A0K2HCQ5_parC,67.7710367191226
A0A0K2HCQ7_GT50_16100,70.9235293765941
A0A0K2HCR6_aroC,71.6705538890817
A0A0K2HCS2_GT50_18120,78.3296993782231
A0A0K2HCS4_GT50_18010,74.3185456447098
A0A0K2HCS5_aroA,67.1077705972645
A0A0K2HCS6_cobT,61.4821231899445
A0A0K2HCT1_GT50_18185,67.8515581704794
A0A0K2HCU3_metA,68.7892615294661
A0A0K2HCU5_panB,65.0891632799697
A0A0K2HCU8_GT50_18150,74.4241623689257
A0A0K2HCU9_cbiA,64.0183916951037
A0A0K2HCV2_GT50_17595,62.4850965712448
A0A0K2HCV3_cbiD,64.6940263210578
A0A0K2HCV4_GT50_18180,63.3023271415061
A0A0K2HCV9_GT50_18205,62.4185710434936
A0A0K2HCW6_GT50_16440,79.4922714514468
A0A0K2HCW9_narZ,65.3359553434466
A0A0K2HCX3_GT50_18310,72.1109706934987
A0A0K2HCX5_GT50_18290,77.6493778914002
A0A0K2HCX6_GT50_16505,81.4678776644295
A0A0K2HCX7_GT50_17740,67.6580963094314
A0A0K2HCY0_GT50_18330,66.7257254333872
A0A0K2HCY1_speE,76.0813838453839
A0A0K2HCY4_GT50_18515,69.8262897234727
A0A0K2HCY7_GT50_16600,76.7092264758951
A0A0K2HCY8_GT50_18410,66.4702516920959
A0A0K2HCZ1_gyrB,64.6128579308077
A0A0K2HCZ3_GT50_18445,79.0076346600913
A0A0K2HD00_GT50_18460,66.3663445335161
A0A0K2HD06_pepT,73.1395942959905
A0A0K2HD10_GT50_18510,80.7002250844697
A0A0K2HD13_GT50_16765,83.2793552518663
A0A0K2HD16_GT50_18015,69.3100795990444
A0A0K2HD21_ilvA,68.2689456167716
A0A0K2HD35_GT50_16890,71.4587284901103
A0A0K2HD37_GT50_18145,66.0530961085287
A0A0K2HD39_GT50_18830,66.1447923316056
A0A0K2HD42_GT50_18175,67.8353084455221
A0A0K2HD60_GT50_18285,69.1633333393398
A0A0K2HD62_dsdA,68.4711833854311
A0A0K2HD65_GT50_18315,75.182577585382
A0A0K2HD82_GT50_18965,71.2184572717979
A0A0K2HD84_GT50_18450,59.921389309804
A0A0K2HD85_aroK,69.7561379012887
A0A0K2HD93_GT50_18505,64.5071566877233
A0A0K2HD96_deoD,82.0177499861946
A0A0K2HD99_GT50_19220,78.8910282647666
A0A0K2HDA6_GT50_19090,58.8256917462721
A0A0K2HDC0_GT50_19230,65.9999244717789
A0A0K2HDE4_GT50_17450,76.8897766603449
A0A0K2HDH2_GT50_19085,68.7881444528259
A0A0K2HDL5_GT50_19125,76.5659370306337
A0A0K2HDQ3_thyA,80.5122374362754
A0A0K2HDR2_GT50_18125,62.9840930102562
A0A0K2HDR6_cobQ,59.1893477592671
A0A0K2HDS1_GT50_18190,61.9026001185697
A0A0K2HDS6_GT50_18215,65.270436179979
A0A0K2HDZ9_GT50_18835,83.5146390947689
A0A0K2HE32_bioB,73.8369794163367
A0A0K2HE36_GT50_19110,68.7634674021368
A0A0K2HE62_GT50_15675,72.9355827117292
A0A0K3AR42_etr-1,39.2389756759539
A0A0K3ARK6_CELE_F40F8.1,44.1446892943621
A0A0K3ARM6_lin-23,34.7839234143872
A0A0K3AS01_ncl-1,46.8176861161834
A0A0K3AS90_egl-8,46.2246264490381
A0A0K3ASC5_unc-62,42.768452202267
A0A0K3ASC7_lec-12,43.72225741373
A0A0K3ASH9_CELE_Y50D4B.4,42.3052304484245
A0A0K3ASN8_CELE_K04F1.9,36.5556548462922
A0A0K3ASW2_gck-1,42.9192864829421
A0A0K3AT05_comt-3,38.5743615553239
A0A0K3AT91_nlg-1,42.1769702814639
A0A0K3ATC0_tbh-1,46.6802419383589
A0A0K3AUF2_B0432.7,42.0887736153552
A0A0K3AUJ4_C50D2.8,43.7825672498725
A0A0K3AUZ7_mrck-1,50.0793267538448
A0A0K3AVA9_nhr-86,50.8463368062612
A0A0K3AVH4_fbxa-72,46.0183103538062
A0A0K3AWH2_unc-75,46.7140164085317
A0A0K3AWT5_egl-26,40.2119495829694
A0A0K3AWX1_ubxn-3,49.4898866823804
A0A0K3AX46_BE0003N10.3,39.189159106314
A0A0K3AX69_CELE_R151.1,40.890520546395
A0A0K3AY70_cul-3,45.7911721367152
A0A0K3AYH6_fln-2,49.9757435604187
A0A0M3HEP3_Lias,51.98326178376335
A0A0M3HEQ7_Copg2,49.96836596511955
A0A0M7RE93_nhl-3,39.4353935711557
A0A0M7RF85_CELE_K07E8.7,40.3599959211706
A0A0M9JJ66_C45H4.18,32.4135435345067
A0A0N4SU14_si:ch211-251f6.7,56.061858797907
A0A0N4SUH4_Pum3,48.21128540469755
A0A0N4SUH8_Nfu1,53.8434303783096
A0A0N4SUM2_Hnrnpa2b1,58.4561677043792
A0A0N4SUS4_Brpf1,49.90467854221385
A0A0N4SUY2_Ptpro,47.80912811476925
A0A0N4SV29_Fancd2,49.74404880502955
A0A0N4SV80_Zfp638,50.63717689560875
A0A0N4SV89_Jagn1,47.8907655282193
A0A0N4SVB8_Arl8b,45.664920580676394
A0A0N4SVL0_Eif4g3,44.437892321038746
A0A0N4SW28_Gng12,54.572463013249305
A0A0N4SW71_Dcun1d2,47.41201714647
A0A0N4SW73_Rab11fip5,46.20829709327485
A0A0N4SW91_Fam60a,51.54094083525
A0A0N4SW93_C2cd5,48.37108047523575
A0A0N4SWB9_Tmcc1,53.04265043076015
A0A0N4SWD0_Scrn1,66.0721819739883
A0A0N5E9G7_Rfc1,47.1164187424884
A0A0R3P9C4_Smim4,50.5380148569602
A0A0R3P9C8_Ndufa9,46.491198765743746
A0A0R4IBQ0_ctsd,54.8338449498079
A0A0R4ICN8_syncripl,48.9597272451693
A0A0R4ICP0_si:ch1073-205c8.3,60.5628551143379
A0A0R4ID52_arr3b,49.8093974704336
A0A0R4IE20_ahsa1b,58.6394410381212
A0A0R4IGL6_hectd1,52.5474009056596
A0A0R4IIX4_cstf3,50.508382095981
A0A0R4IKL1_pcna,52.408511834679
A0A0R4IKN3_anxa5b,50.4717126207726
A0A0R4IP07_eef1g,47.0950092347996
A0A0R4IP59_col14a1b,53.2812089746881
A0A0R4ISB3_anxa3a,44.2196144626087
A0A0R4ITF1_lig3,46.1642435846836
A0A0R4IU05_ap1g1,57.481338106671
A0A0R4IU19_si:ch211-93f2.1,52.7094451335109
A0A0R4IV21_prkacbb,48.3204027677689
A0A0R4IVD0_arid1aa,51.9687099844048
A0A0R4IVL7_ccbl2,47.282505858362
A0A0R4IW11_si:dkey-264d12.5,66.9382344980576
A0A0R4IW87_nudt5,51.6506947812717
A0A0R4IWG3_metap1,52.2796487581398
A0A0R4IZW9_Sdf2,47.91126117595815
A0A0R4IZX1_Def6,45.2595695448002
A0A0R4IZY0_Thop1,52.1540102060582
A0A0R4IZY9_Dus3l,47.960958893399294
A0A0R4IZZ6_Fnbp4,52.9516269530861
A0A0R4J005_Lims1,49.94607954371655
A0A0R4J007_Pald1,50.07011065548975
A0A0R4J008_Hdac2,50.67148758418985
A0A0R4J009_Actr6,52.142881369292056
A0A0R4J015_Abcc3,46.2058120034855
A0A0R4J018_Tpmt,48.359774148021
A0A0R4J022_Gpr137b,52.3268717888592
A0A0R4J023_Auh,53.324320492743
A0A0R4J027_Acod1,52.18855804625885
A0A0R4J036_Nefm,57.8329464900762
A0A0R4J050_Acy1,55.1470555587578
A0A0R4J060_Sap130,45.7281641953464
A0A0R4J064_Adpgk,55.01471888469155
A0A0R4J079_Acbd3,46.78312529901655
A0A0R4J083_Acadl,51.77292865686255
A0A0R4J091_Pole3,52.8101701254454
A0A0R4J092_Manba,54.2246551567322
A0A0R4J094_Fahd2a,46.151824063730345
A0A0R4J0A5_Fam126a,50.77782600902615
A0A0R4J0B4_Cmas,49.989250669739704
A0A0R4J0B5_BC017158,50.667865794022845
A0A0R4J0C0_Nsmce1,51.3149435599099
A0A0R4J0C8_Eri1,45.6450108682645
A0A0R4J0D1_Saraf,46.42581787189315
A0A0R4J0D3_Stt3b,48.295719492028454
A0A0R4J0E4_Ints7,50.215630784559394
A0A0R4J0F6_Gak,47.73974546310275
A0A0R4J0G0_Pck2,44.9597440266747
A0A0R4J0G2_Mettl25,49.15070305032605
A0A0R4J0G4_Ranbp10,48.8727006840355
A0A0R4J0H5_Gnptg,53.0550158582097
A0A0R4J0H7_Ncapd2,47.072058142740545
A0A0R4J0H8_Fndc3b,43.53314032765195
A0A0R4J0I4_Chtf18,45.82235233807775
A0A0R4J0I6_Acad11,49.11263898340645
A0A0R4J0I9_Lrp1,52.1894088361469
A0A0R4J0J5_Ints9,52.65982541220065
A0A0R4J0K1_Sep15,51.87077429634425
A0A0R4J0K4_Tm7sf3,50.2736625085023
A0A0R4J0L6_Mrps35,46.6959054914514
A0A0R4J0L8_Ccdc174,55.37631259192845
A0A0R4J0M1_Tbcc,50.699037609472995
A0A0R4J0M7_Fam19a2,54.4884698603866
A0A0R4J0M9_Vcpip1,43.6150967889792
A0A0R4J0N5_Pdcd2,50.3169816212122
A0A0R4J0P1_Acad8,52.5834266583636
A0A0R4J0P5_Pstpip1,47.662485445726105
A0A0R4J0P6_Parn,52.36171809447515
A0A0R4J0Q6_Trim56,48.053433774056
A0A0R4J0S3_Rtn4ip1,45.668382484041445
A0A0R4J0S4_Llgl1,49.2689602750454
A0A0R4J0T2_Clec12a,52.9158945435773
A0A0R4J0T4_Ikbkb,45.35067598618875
A0A0R4J0T5_Celf1,47.68931393769085
A0A0R4J0T8_Arfgap3,48.65010339089005
A0A0R4J0U2_Ppp4r2,53.0463303970853
A0A0R4J0U7_Commd5,51.74489720683745
A0A0R4J0U8_Trmt1l,50.087951669812
A0A0R4J0V5_Polr2a,51.4754561581435
A0A0R4J0W6_Lrrc40,46.9434380117633
A0A0R4J0Z0_Gtpbp6,44.087299043315056
A0A0R4J0Z1_Pdia4,49.468062616673095
A0A0R4J100_Gpr84,53.41225892492705
A0A0R4J107_Apeh,56.22956470821165
A0A0R4J114_Diexf,46.0836446911536
A0A0R4J131_Btd,49.1440390761996
A0A0R4J138_Arsb,60.2716988079665
A0A0R4J150_Osbpl8,43.0084038051494
A0A0R4J156_Rnls,60.1198158827645
A0A0R4J159_Mbd1,48.46245655659145
A0A0R4J170_Smarca4,47.70426891032925
A0A0R4J172_Dennd4b,48.7641495433357
A0A0R4J174_Ecsit,49.80496130772465
A0A0R4J175_Brd9,48.1584875936392
A0A0R4J176_Nudt6,50.4405429520731
A0A0R4J177_Ccndbp1,46.8181080182789
A0A0R4J187_Xrcc6,49.948721676567004
A0A0R4J190_Bst1,56.49449860510825
A0A0R4J195_Rprd1b,50.7263488885921
A0A0R4J1A1_Chml,51.60478502469225
A0A0R4J1A6_Gas2l3,47.98447556520165
A0A0R4J1A7_Arid3a,44.4855364007419
A0A0R4J1C2_Capns1,51.1378347296043
A0A0R4J1C5_Atpaf2,49.98418933909885
A0A0R4J1C8_Cd68,61.2771338566024
A0A0R4J1D0_Cpne2,46.0790425791476
A0A0R4J1E8_Tatdn1,53.3114808429394
A0A0R4J1F2_Psen2,57.2616066681192
A0A0R4J1F6_Uap1,50.1726199293183
A0A0R4J1F8_Wdhd1,48.79345399642145
A0A0R4J1G5_Erlin1,52.6750539020855
A0A0R4J1G9_Steap3,46.82120708980685
A0A0R4J1I5_Foxp4,48.8777592545898
A0A0R4J1I6_Nup210,49.3757894203421
A0A0R4J1J0_Speg,45.4807422619056
A0A0R4J1J1_Pnkd,53.674415428299696
A0A0R4J1J3_St3gal5,50.27337304623095
A0A0R4J1K4_Slc4a2,49.78440308134075
A0A0R4J1L2_Eef1d,51.8898876899558
A0A0R4J1N2_Arsk,47.3033184232266
A0A0R4J1N8_Rdh13,47.03111648705165
A0A0R4J1N9_Tfam,51.84995705168465
A0A0R4J1W7_Cdc23,51.0372160342744
A0A0R4J1Z3_Tmem33,51.356513809245854
A0A0R4J206_Mocs2,58.0529512748146
A0A0R4J215_Gpatch11,60.449493700413754
A0A0R4J221_Plec,50.9569770444389
A0A0R4J233_Sept10,51.219314286344
A0A0R4J242_Chid1,48.3546821961368
A0A0R4J243_Suds3,54.26832582957575
A0A0R4J254_Xpo4,50.1921545366492
A0A0R4J259_Syncrip,53.0720900875433
A0A0R4J260_Otud4,48.835686269453
A0A0R4J263_Agpat1,51.521446923190794
A0A0R4J272_Tmem70,50.91582883238385
A0A0R4J275_Ndufa12,46.57680876405355
A0A0R4J2A1_Spcs1,51.00267483374055
A0A0R4J2B2_Kctd12,55.17822151053885
A0A0R4J2B5_2310022A10Rik,47.61225451960295
A0A0R4J2C9_Cep57l1,46.8080758868896
A0A0R4J2D4_Mon1a,51.264292055710555
A0A0S4XRS7_ulp-2,38.9714322977444
A0A0T7CIX3_sago-1,37.4080752904554
A0A0U1RML6_sago-2,45.6500075689676
A0A0U1RNK7_Dock7,48.9318220527533
A0A0U1RNL1_Maz,51.05097983517665
A0A0U1RNN5_Spn,49.2860973519102
A0A0U1RP13_Cdipt,49.773074730512
A0A0U1RP81_Immt,55.11783139062385
A0A0U1RPG9_Uri1,57.8975855773291
A0A0U1RPL0_Atxn2l,49.1064119466484
A0A0U1RPM2_Fes,44.373383538831945
A0A0U1RQ37_Ube2s,51.04311309665415
A0A0X1KG62_Nelfb,49.7427921890368
A0A0X1KG66_Emc10,49.415526925501396
A0A126GUP6_MP1,40.9758184638665
A0A131MAZ4_CELE_K02C4.3,39.1462424535789
A0A131MCD3_nhl-1,37.3853171347177
A0A131MCR8_tag-325,46.2845484842407
A0A131MD37_trpp-11,43.1338697752494
A0A140LG28_nxt2,52.8183405183086
A0A140LHA2_Bub3,50.19808825964245
A0A140LHL5_Sirt2,49.93214990467855
A0A140LHN4_Slc35a2,57.02963188181165
A0A140LHQ0_Med25,51.1611130211149
A0A140LHR3_Spcs2,49.28521674954145
A0A140LHU0_Adam9,53.6803339820488
A0A140LHY5_Bptf,49.9437710109982
A0A140LI54_Pnpla6,48.6583919278297
A0A140LIT2_Dhcr7,44.38528780736485
A0A140LIW3_Frmpd3,48.66096673387775
A0A140LIW6_Pold3,45.40764289296505
A0A140LJ29_Tacc2,48.3605269316635
A0A140LJA4_Irf2,51.1241969326113
A0A140T8J4_Hebp1,50.9623508891181
A0A140T8Q6_Milr1,52.702113784874
A0A140T8R7_Rcor1,48.37745550497705
A0A163UT65_dhs-11,41.6135422019348
A0A163VU15_CELE_Y75B8A.6,45.4397523890908
A0A164D380_tbc-14,46.4078374705927
A0A168H1X0_tbc-14,42.0400603729052
A0A168H2N7_sqst-5,54.1036204882836
A0A168H2S6_osm-10,46.0381370425511
A0A168H2V5_cutl-23,44.0436008383483
A0A168H5H9_hum-2,40.4014515907065
A0A168H9Z7_unc-132,30.4516037418576
A0A171EBK7_Vsir,53.46972380052925
A0A171EBL2_Rnf213,48.12718766535395
A0A171KXD3_Prmt1,49.3916247107145
A0A1C3NSM7_CELE_Y72A10A.1,51.6869414781249
A0A1C3NSN4_CELE_R17.3,40.9591983676462
A0A1D5NSB3_puf60b,49.2942470380173
A0A1D5NT14_tppp3,54.008866109415
A0A1I6CM54_zyg-8,42.2079177762218
A0A1I6CMB1_CELE_W02H5.2,38.7529301177737
A0A1L1QZU5_mybpc3,51.4706336197175
A0A9S2_CELE_Y38F2AR.12,46.9968493644466
A0ELI5_Edc3,49.16201002066565
A0JNU3_Aspg,57.8912155983834
A0JNY3_Gphn,55.86827410156335
A0MNP4_Wdr61,50.6699724250923
A0PK78_Ccdc25,45.2058656180837
A1A4T4_Pik3r5,50.8017093983583
A1A5H8_yes1,51.5810800959394
A1A708_CG4951,45.981611400639
A1BN54_Actn1,53.219480013544995
A1L013_Cactin,46.98737754399015
A1L243_mesdc2,53.697589253652
A1L2D9_cfi,50.7368562050003
A1L2Z0_Smc1b,52.738930309959954
A1L314_Mpeg1,51.335992017854
A1L341_Dyrk1a,49.698269236189745
A1L347_Hspa1l,47.8988332737467
A1L361_Tbk1,43.6587810037412
A1L3B8_Psmd7,48.5262494064928
A1L3P4_Slc9a6,54.6385619915226
A1L3S7_Gatad2b,50.6809167868176
A1L4X7_AHL14,52.1141578039659
A1Z6J5_Tbce,37.6231837977767
A1Z7A8_coil,41.6122545967434
A1Z7T0_Pkn,38.7603124790813
A1Z8J0_CG7741,41.1220784347432
A1Z8P9_Mtor,40.5899043105722
A1Z9A2_CG4646,43.9388211700265
A1Z9A8_CG4679,46.2016670690527
A1Z9E2_mip120,43.7134614803217
A1Z9P3_Shroom,36.8982662747936
A1Z9X0_aPKC,43.011242052225
A1ZA47_Zasp52,46.2456328630056
A1ZA92_CG8414,37.3270775725254
A1ZAB5_clu,40.4526589830873
A1ZAJ2_unc-104,40.5589799756014
A1ZAU8_Patronin,43.0771949962864
A1ZAW5_icln,43.2188960210966
A1ZB42_MED9,57.636807192859
A1ZB86_slim,39.1467229672981
A1ZBE8_CG15099,41.8379521277841
A1ZBT5_MED8,47.8850036908739
A1ZBW7_CG16742,48.3955747075864
A1ZBY1_Fem-1,35.2955720804337
A2A432_Cul4b,50.47962602419235
A2A468_Ncoa3,47.2351810550717
A2A4A1_Dnajc24,48.5669621376694
A2A4A6_Plcg1,46.8757659590044
A2A4P0_Dhx8,53.6991822089886
A2A4Z0_Ube2c,48.2301896135551
A2A547_Rpl19,54.5571321798304
A2A5R0_Trp53rkb,52.5042821885796
A2A5R2_Arfgef2,48.07604376796875
A2A5V2_Sh3bp1,49.6750089231449
A2A5Y4_Kansl1,48.1931993080901
A2A6H1_Lasp1,64.3508727442458
A2A6P4_Fam104a,41.63272344850775
A2A6Q5_Cdc27,52.08650226853265
A2A6S1_Tmem104,50.76813188114675
A2A6U3_Sept9,52.335355946471395
A2A6Z2_Cd300lf,57.4484459901881
A2A791_Zmym4,47.6561124676331
A2A7A7_H6pd,49.04774306853115
A2A7F6_Clcn6,45.4720535531597
A2A7S7_Yars,46.99496924460345
A2A7S8_Kiaa1522,53.09527446463585
A2A838_Epb41,48.0771838590767
A2A848_Acox1,50.3704330443006
A2A8E2_0610037L13Rik,51.529635315907754
A2A8L5_Ptprf,45.709849406693
A2A8R7_Zcchc11,48.3037841292545
A2A8T9_Efcab14,54.7715123909161
A2A8V9_Srrm1,55.17031749629295
A2A8W8_Mknk1,48.6391825467944
A2A8Y5_Oscp1,51.7841863582454
A2A8Z1_Osbpl9,43.8981767142033
A2A9F7_Gpn2,50.3439524663709
A2A9I0_Gosr2,51.663065400387055
A2A9K3_Cep85,49.04040669070975
A2A9W3_Mif4gd,47.6093047255424
A2A9W7_Gga3,48.413892994812
A2AA71_Sec24a,47.2028499826093
A2AAN0_Exoc7,47.051072257126094
A2AAP0_Rnf157,62.1412587376412
A2AAV6_Metrnl,53.4614820760236
A2AAY5_Sh3pxd2b,47.121568884544146
A2AB59_Arhgap27,47.17309283210621
A2AB83_Trim11,46.753987575443
A2ABV5_Med14,51.746929565903955
A2ABY3_Pcyt2,46.9703856189103
A2AC19_Suv39h1,48.787615730216004
A2AC29_Ebp,52.9601388366706
A2ACG7_Rpn2,50.63737589839735
A2ACV6_Soga1,47.1868937855943
A2ACZ1_Ebna1bp2,52.7254449348535
A2AD03_Chm,49.696781088321345
A2AD84_Stk26,45.505964241168044
A2ADA5_Pusl1,47.9816339166692
A2ADE0_Plekhm2,48.9053361541879
A2ADR8_Ppp1r8,52.43920158128205
A2ADY9_Ddi2,50.483453433116
A2AE15_Cfp,52.64584379617145
A2AE27_Ampd2,55.5680026509547
A2AE89_Gstm1,48.39473975979425
A2AEB4_Morf4l2,53.05423788266
A2AEM2_Clcc1,53.406184455101155
A2AES3_Otud5,49.23373817356095
A2AEW0_Tfe3,57.4654950198163
A2AF47_Dock11,50.16163991532155
A2AFF6_Stag2,52.764654251354244
A2AFQ0_Huwe1,49.8525881008473
A2AFQ9_Gemin5,47.5246975264604
A2AFY7_Ttc17,49.19394083635005
A2AG36_Pigo,50.29932493917505
A2AG58_,55.8197457061326
A2AG68_Atp7a,49.1708491810824
A2AGH8_Med12,50.39010907779425
A2AGT5_Ckap5,46.56194682708
A2AH25_Arhgap1,49.1912445499415
A2AHG0_Lzts3,58.7940708161938
A2AHJ7_Dgkz,46.694078557811
A2AI05_Ndor1,52.2554453654058
A2AI52_Usp8,46.560838940901704
A2AIL4_Ndufaf6,48.9051571013007
A2AIV8_Card9,46.3300306237151
A2AJ15_Man1b1,47.548781309190545
A2AJ71_Fubp3,51.2890773106245
A2AJ72_Fubp3,49.434596688745955
A2AJ88_Pnpla7,51.91697725333845
A2AJG0_Rpp38,52.80464468091425
A2AJH3_Nmt2,47.49867983813995
A2AJI1_Map7d1,51.1062978493226
A2AJL3_Fggy,60.527615622816
A2AJQ3_Dpy19l4,50.239000066795796
A2AJT5_Pnisr,58.3447534533461
A2AKG8_Focad,47.7472807703793
A2AKH4_Snap23,52.6801455751447
A2AKI5_Itgav,49.16834756854345
A2AKV6_Alkbh3,53.54209780772575
A2AL12_Hnrnpa3,55.1404459770567
A2AL50_Agps,51.624170365224245
A2ALA4_Med22,51.7689685258785
A2ALF2_Dnajc8,52.71989622654685
A2ALW5_Dnajc25,45.9073071542565
A2AMD0_Gm12666,48.5743738890628
A2AMH5_Slc44a1,55.0136746349639
A2AMS3_Galt,53.5460462965586
A2AMU9_Mrto4,54.5647002417914
A2AMW0_Capzb,55.18497987168395
A2AN08_Ubr4,47.9442180235577
A2AN37_Uck1,49.9594874433412
A2AN61_Ciz1,53.43538097554375
A2AN96_Rbbp9,49.8306900637301
A2ANC6_Ap5s1,50.6792639343453
A2ANY6_Mdn1,45.7318819342116
A2AP32_Ndufb6,50.797559901833395
A2AP88_Zc3h6,52.105594772895955
A2API3_Ints8,47.648089129168454
A2APY6_Esf1,51.140344916960956
A2APY7_Ndufaf5,52.920072737827354
A2AQ17_Ndufaf1,48.53087307304135
A2AQ19_Rtf1,51.12988820816895
A2AQ43_Fnbp1,46.63162971140965
A2AQA7_Aqr,48.0754816112393
A2AQJ5_Tmem87a,54.3152191139277
A2AQJ8_Ganc,49.3305581063511
A2AQN5_Acss2,50.419562134258
A2AQU8_Srxn1,50.534391476905
A2AQV2_Chst14,49.0196350223393
A2AQY8_Ccbl1,51.4471949966703
A2AQZ5_Phyhd1,49.14302192083555
A2AR02_Ppig,50.1920349428288
A2AR26_Slc2a6,53.0015580952755
A2AR78_Tank,47.691768157919356
A2ARQ2_Serf2,48.76989259938975
A2AS70_Mllt10,53.2406538346643
A2ASK1_Nsun6,47.5450008426756
A2ASQ1_Agrn,57.9142124460089
A2ASR7_Bmi1,47.53110387998019
A2ASS6_Ttn,49.9647663490067
A2ASZ8_Slc25a25,49.40569645544875
A2AT37_Upf2,46.01488506808635
A2AT93_Plcb4,46.7586630363328
A2ATI9_Gorasp2,45.484971782645744
A2ATN4_Fam78a,50.7185713257955
A2ATP5_Myef2,47.51860553543485
A2ATR9_Ube2l6,46.7793369611266
A2ATU0_Dhtkd1,48.5419261732839
A2AU35_Psmf1,50.0441285719018
A2AU52_Commd7,48.2502563043495
A2AUE1_Dnajc5,48.6808660337537
A2AUK7_Epb41l1,47.0670693601597
A2AUR3_Pter,52.4984825593398
A2AUY4_Baz2b,47.2470642709777
A2AVJ7_Rrbp1,54.6998486137678
A2AVQ9_Ttc4,45.76240898644805
A2AVZ9_Slc43a3,54.5314638579831
A2AWA9_Rabgap1,45.4945213451506
A2AWF8_Ptprj,48.67332106867435
A2AWN8_Ythdf1,44.113213007804106
A2AWP6_Arhgef10l,48.62686012697795
A2AWP8_Arhgef10l,49.3733081529267
A2AWT6_Ubtf,50.89741188766105
A2BDX3_Mocs3,46.7888066108045
A2BE28_Las1l,47.516395522081
A2BE93_Set,59.3201021169506
A2BFF7_Dync1i2,55.292973552186396
A2BGI8_Ppih,50.18035042758815
A2BGN7_Manbal,45.41276435021204
A2BI12_Psip1,51.8413468837758
A2CE51_eef2l2,51.0819137575663
A2CF65_Clec10a,52.663488713526505
A2CG35_Rab12,42.52890766953835
A2CG63_Arid4b,47.07279904448975
A2CG76_Ehmt2,49.86694587325235
A2RS22_Coro1b,49.608320214298246
A2RS23_Pepd,56.1295884963073
A2RS58_Crkl,49.3380155390296
A2RS96_Tmed5,48.018773987514294
A2RSB1_Nap1l4,51.766433649982005
A2RSE4_Ube2b,47.016146728278756
A2RSF1_Commd1,52.683869345801
A2RSJ4_Uhrf1bp1l,58.3892987829362
A2RSS6_Aga,51.8526247521689
A2RSX7_Tyw5,50.0711299256128
A2RSX9_Arfip1,46.9050228688001
A2RSY1_Kansl3,50.43518230615405
A2RT28_Mars2,50.0231929003488
A2RTC8_March5,54.42931337254135
A2RTH5_Lcmt1,46.91583685248585
A2RTI3_Lgmn,45.2732701598153
A2RTL5_Rsrc2,57.363129077453
A2RTT4_Ube2n,50.079795669160745
A2RVK7_RRP41L,51.824152640417
A2VEY9_app,51.0359839631012
A3FPI6_CELE_K10C2.8,41.8614339412093
A3FPI7_CELE_F46G11.6,43.952429551011
A3KCG1_Orai1,52.654594004807
A3KG93_Kdm1a,48.26638642577215
A3KGB4_Tbc1d8b,43.645363840636
A3KGG8_Knstrn,51.2486425056085
A3KGQ6_Arpc5l,55.84182820387305
A3KGU5_Sptan1,52.906226674586705
A3KMP2_Ttc38,55.508834199400894
A3KQE8_prps1a,55.4135169919705
A3QM98_col-138,34.5093297481921
A3QMC8_tag-335,40.3019678901296
A4F308_clec-166,41.2179837822694
A4F316_clec-169,45.0584628092598
A4F318_clec-170,46.422517909922
A4F329_fbxa-32,43.6717301113931
A4F330_fbxa-31,45.6104800063128
A4F331_fbxa-29,36.3065418382119
A4F332_fbxa-30,37.3568163840012
A4FUP9_Glt1d1,51.3897254157454
A4FUS1_Rps16,47.135326747441354
A4GNA8_PSD3,39.6505448412473
A4GSN8_NUA,49.2447531914412
A4QMQ0_Mtif3,47.35740032809605
A4QN66_rnmt,52.9014603528451
A4QPD3_Rel,45.63478004994595
A4UVL1_CELE_D1086.17,40.0432324865328
A5A8Q6_CELE_F57C9.4,37.6392205724859
A5CVE4_Stim2,45.58457063876835
A5D6P3_Abcc1,49.6281252222128
A5GZX3_Glo1,52.89490681925525
A5HU98_guk-1,38.3730549041392
A5HW96_CELE_Y43F8B.3,52.3879210554148
A5JYS1_pcs-1,38.0873671337128
A5JYS8_CELE_F25H8.1,37.8074316351447
A5JYT1_nhr-12,49.5228338547315
A5JYU3_CELE_R07B7.9,46.1914734174195
A5JYU5_rad-50,37.0898450466547
A5JYW3_C25F9.11,44.0095121785886
A5JYW9_sin-3,43.0402027481138
A5JYY8_CELE_M04C9.1,41.7811333658257
A5PMP1_capn1b,53.6201036698738
A5PMV7_ppp2r1a,49.0658649398506
A5WUN5_si:ch211-253h3.1,53.4560542223887
A5Z2S4_saps-1,43.5155364792265
A5Z2T6_CELE_D1081.7,52.1158466424024
A5Z2U6_C27A7.5,36.8070332496091
A5Z2U7_CELE_F17B5.8,47.3705365221474
A5Z2U9_CELE_F30A10.14,44.9762614716815
A6H5X4_Phf11,54.8529976474686
A6H5Y3_Mtr,46.0144382666193
A6H5Z3_Exoc6b,47.1558486957146
A6H611_Mipep,45.0697642236165
A6H619_Phrf1,51.71214909121835
A6H624_Lysmd1,52.20258637037655
A6H630_Armt1,47.3371714349934
A6H659_Pag1,58.7880901723516
A6H6A9_Rabgap1l,45.6528970462325
A6H6S8_Bag4,50.731224569368
A6H8H2_Dennd4c,46.910408889704
A6MDC5_Cd276,57.4349773357759
A6MDD3_Cd109,53.17353777372005
A6MHQ4_NKAIN,42.5844270679321
A6PVA1_C44E4.5,45.2807342744583
A6PW84_P3h1,49.706695427213404
A6PWC3_Nrd1,49.05614158622655
A6PWP8_Madd,46.181456837479445
A6PWS5_Gsn,50.37804108278375
A6PWX9_Uqcc1,51.828469125238
A6PWY4_Wdr76,50.4926723189904
A6X8Z3_Igf2bp2,46.71270763043795
A6X8Z5_Arhgap31,46.31063894165
A6X919_Dpy19l1,49.1200935660834
A6X935_Itih4,55.7628512512135
A6ZI44_Aldoa,51.6673665031928
A7DT39_CELE_W03F8.6,40.8566470512087
A7DT40_CELE_F49D11.10,39.6989186364595
A7E1W8_Siglec15,47.69446502788345
A7E2K5_crybb1l2,47.7845045371596
A7E2L4_gnb2l1,51.50477398453
A7KQE9_etr-1,41.8924350306166
A7LPD8_hda-6,36.1077358557602
A7LPE6_gpdh-2,42.6924616146541
A7LPF3_sly-1,37.9863827841195
A7LPF5_B0393.9,50.6855910901376
A7LPI3_CELE_ZK662.6,40.3007570322823
A7LPJ5_CELE_F10A3.17,45.2589490952043
A7MC00_mapre2,48.5272978478922
A7MCK9_sec22bb,56.1116705639388
A7MCP2_zgc:174689,51.8910533590669
A7MCT6_Etnk2,52.3003430636456
A7RDN6_Rnls,50.3585307126888
A7VJA4_Gmfg,50.42396262252035
A7VMV2_Cryl1,50.90386699778015
A7WK39_pnc-1,50.8713267577738
A7WK41_CELE_Y94H6A.7,35.9130644914753
A7WM73_HEXO1,49.2316776069808
A8C1T7_Creld1,55.830497582105
A8C756_Thada,44.928983308969
A8DYE2_Trpm,42.917913265045
A8DYH2_CG34191,41.9271159972493
A8DYP0_Unc-89,43.6440599308626
A8DYY5_CG34183,44.8097046213082
A8E5E5_anxa3b,48.752838089044
A8E7L1_anxa13l,47.1255731684272
A8HAJ8_c8b,53.1848356331761
A8IP69_Ywhag,54.7146349332127
A8JNV4_Blos3,46.2090184961875
A8JR14_CG6171,45.9151695896365
A8JUV0_sno,39.8594343907189
A8KB14_idh1,51.6490067561832
A8KBS5_ak3,50.5874329855179
A8MPH9_kay,46.0993169012094
A8R7K9_VPS35C,42.8741548161683
A8WFK6_gpx-7,37.555343006213
A8WHS3_CELE_F23B12.4,42.01945249606
A8WHS5_saeg-1,38.0802118806546
A8WHT1_C53A5.17,38.9624292754583
A8WHT6_rskd-1,42.7789890642784
A8WHU4_CELE_T08G11.4,41.3665240248933
A8Y5E7_Azin2,58.6422339215577
A8Y5H7_Sec14l1,46.2614465755775
A8Y5J3_Cpsf3l,51.15069122517165
A8Y5Q1_Pdp1,43.72818689377405
A8Y5T6_Pars2,51.19878444068205
A9CLV6_Serinc1,47.8478735830321
A9D0C6_CELE_T02H6.1,40.5864998588886
A9E3L2_Fkbp1b,52.93731796522325
A9JR75_ppfia1,49.1284532330361
A9JRE6_dmgdh,52.4387942298314
A9JRF7_si:ch211-93f2.1,52.6218607762772
A9JRZ0_smurf2,48.0114390904688
A9JT49_pepd,54.3591889369522
A9JTC4_memo1,49.7942227951499
A9QY30_C27H6.9,35.3372123514922
A9Z1J6_CELE_K02D10.1,41.9370051293788
A9Z1L6_C23H3.3,35.7137433422541
B0F481_BIO3-BIO1,48.9016503212512
B0F9L4_GC6,38.064745539075
B0M0L9_C17C3.1,46.757856586736
B0M0N9_glna-1,39.0846369301973
B0QZF8_Usp36,53.2494213269881
B0QZI1_Top3a,45.0219683533584
B0QZL5_Pik3cd,49.58151471942355
B0QZM5_RP71-1G18.4-002,46.390812001777
B0R058_Gpcpd1,47.2560033496451
B0S5N0_ftr83,55.03349776165
B0S5S6_pdia5,55.7672903195821
B0UYA2_cryl1,49.6683735915088
B0V2P6_Dmxl2,62.6851666154426
B0V2Q7_Lclat1,50.3306434781585
B0V3H3_snrpa,44.2837956889405
B1APX2_5031439G07Rik,53.806338188493754
B1AQD3_Rab34,46.6621709421511
B1AQF4_Dusp3,48.85629264539945
B1AQR8_Lgals9,52.81927543840605
B1AR13_Cisd3,51.4753833702126
B1AR50_Gabarap,47.39564517446
B1ARD6_Slfn9,49.53827687315785
B1ASK8_Ube2j2,48.11817010951415
B1ASP2_Jak1,50.3211338302831
B1ASU9_Tlk2,49.3432059890364
B1ASZ3_Gk,53.34727654185835
B1AT03_Lig3,44.9020331106314
B1AT66_Slc16a6,55.7983124217458
B1AT82_Prpsap1,53.719181993534605
B1ATD2_Lcp2,47.452597809557346
B1ATI9_Gas7,45.94293570881855
B1ATS5_Atp2a3,51.133985375692
B1ATV0_Clcn5,44.81567075740525
B1ATZ0_Hgs,48.6317956096833
B1AU25_Aifm1,53.96814423151175
B1AU74_Mospd2,46.297347337366304
B1AU75_Nasp,50.7616956534373
B1AUN2_Eif2b3,50.76735670711095
B1AUY7_Naa10,49.0770167903587
B1AV66_Yipf6,56.8282119572352
B1AV77_Aldh3a2,45.50640187437955
B1AVF2_Tsc22d3,47.91024010677344
B1AVH7_Tbc1d2,47.93513837763155
B1AVP1_Aff1,52.13999615047925
B1AVY7_Kif16b,44.9150965144973
B1AVZ0_Uprt,53.8005421374403
B1AW21_Mtm1,50.6877330922461
B1AX98_Lrrc47,51.13598924532715
B1AXD8_Akirin2,51.8372585193338
B1AXN9_Rps6ka3,45.20519551972405
B1AY10_Nfx1,46.8719064330169
B1AY13_Usp24,44.8696167408798
B1AYC9_Apbb1ip,47.43098335724225
B1AYU7_Cwc22,48.41123332223145
B1AZ39_Chmp6,54.61099228633955
B1AZ46_Baiap2,50.941707183133346
B1AZ81_Vwa5b1,51.4306120724879
B1AZF9_Aatk,50.88059085916565
B1AZI6_Thoc2,49.819475297494705
B1AZP2_Dlgap4,57.7928949516561
B1B1D8_Mrpl2,49.3150118430378
B1GRL5_trpp-1,41.8859571208599
B1PSD9_Pde4d,46.7038165537369
B1Q255_C14H10.3,41.3713336685126
B1V8J2_CELE_Y43F8B.2,41.1139709092227
B2D6M2_lin-61,34.2983903762597
B2D6P3_obr-2,34.7407806811179
B2FD96_CELE_Y39F10B.1,43.6335096800385
B2FDA8_smc-3,34.1002489537662
B2GNX4_glrx3,50.2561107735967
B2GPT2_eif3m,44.4206411097946
B2GPU0_atp6v1c1a,48.6798911073417
B2GTC1_eif4a3,47.7808372998956
B2GTW6_cs,53.2592510817804
B2KF19_Zfp523,49.2632555874804
B2KF50_Uhrf1bp1,49.76862579474505
B2KF54_D17Wsu92e,48.3729212945577
B2KFS7_Klhl42,48.7061234987723
B2KGA7_Zbtb8os,44.7962562076461
B2LVG5_Cpsf4,50.3585612404284
B2M1R6_Hnrnpk,50.82770072486245
B2MWM9_Calr,46.85968124277975
B2MZB9_C47E12.11,40.741710680114
B2MZC3_nuaf-3,46.9612188016685
B2RPS1_Rab5b,49.1851562286548
B2RPW2_Mief1,50.60954561214495
B2RQ36_Rufy2,43.9528370234934
B2RQ57_Abl2,45.488415984263
B2RQ71_Dip2c,50.62674345996285
B2RQC6_Cad,42.8393736421405
B2RQG2_Phf3,55.846707741101
B2RQS1_Strn3,54.13024408533535
B2RR26_Nhlrc2,50.957081927537004
B2RRH9_Gmps,49.42771229843565
B2RRR9_Fut11,50.643836175445244
B2RRX1_Actb,53.124645071197804
B2RRZ7_Tradd,44.02124910313955
B2RS19_Max,54.135696016469
B2RS30_Trip6,51.86842783570175
B2RS41_Aldh5a1,52.0535622626924
B2RS80_Ggcx,49.44549898512385
B2RS91_Rrn3,48.8196173356883
B2RSI0_Arhgap31,50.36464476510735
B2RSR0_Cyp4v3,55.86238514737515
B2RSR2_Sec22a,46.767210554195955
B2RSU7_Gcc2,47.4688042476341
B2RT41_Zfc3h1,49.0322531668306
B2RT77_Twistnb,48.7890005725122
B2RT97_Psmd13,49.5843526769485
B2RTM0_Hist2h4,56.3357254234103
B2RU90_Prdm8,55.9140641598498
B2RUC7_Strap,53.787980789067646
B2RUJ2_Erbb2ip,48.6260889553477
B2RUK5_Mccc2,63.6744045811882
B2RUM8_Ddx18,47.459826621474
B2RUP8_Cln5,51.868590626633946
B2RUR3_Abcb1b,44.688515158524595
B2RUR8_Otud7b,47.5588730094316
B2RV69_Tmem199,53.78417730843945
B2RV71_Card19,48.88493722255165
B2RV73_Pofut2,46.3873638099951
B2RVD5_Hist1h2bk,53.2325126710428
B2RVL4_Bbc3,48.1937055653444
B2RVP3_Oxld1,55.7501077178213
B2RVP5_H2afv,53.44946909490065
B2RWB7_Tigar,50.0353969230641
B2RWI2_Lactb,55.07085133206175
B2RWS6_Ep300,46.05395402917455
B2RX66_Taok1,49.71103009457315
B2RXC1_Trappc11,49.0472769053956
B2RXC2_Itpkb,48.7227809486018
B2RXC6_Polr3a,49.3808163616847
B2RXP1_Lrch3,46.922182347282
B2RXQ8_Wdr82,53.7391634604316
B2RXR6_Ankrd44,51.155583460015
B2RXS4_Plxnb2,49.0514375891858
B2RXV4_Flvcr1,54.942375472930095
B2RXW1_Hal,51.56646833795995
B2RXW8_Ppfia1,48.39652717537485
B2RXX9_Myh7,50.2693796798735
B2RXY7_Cbr1,49.97048999101555
B2RY04_Dock5,48.40707239858391
B2RY56_Rbm25,52.7865945059639
B2Z894_Pfkfb2,49.96731189503
B3CJ34_gcn-1,32.1389270447347
B3CKG1_urm-1,45.8690870544272
B3DIH3_hapln1a,44.0756978742495
B3DJJ8_si:ch211-284b7.3,46.3934687365799
B3DKL0_atic,44.1893589344575
B3GWA1_nono-1,41.9704519717151
B3GWB3_CELE_E02H4.7,45.9836366008202
B3GWB9_vps-26,43.2082039390597
B3GWC0_ndx-9,40.2380421765617
B3GWD5_cka-1,42.9685465844466
B3H5K9_NEDD1,48.8438755668934
B3LFA4_At5g38830,41.1710215683775
B3LWU3_Sur-8,46.6216892097463
B3M1E1_Art4,40.2902563615073
B3MET8_GF12420,39.6341217403818
B3MGU5_GF11203,48.3250459027738
B3N6U7_cbx,41.5303233271197
B3N6Y7_GG24090,47.1656202818577
B3NQR5_Ciao1,43.6264501279722
B3NUC9_GG18422,53.150390599474
B3P8M3_EF-G2,37.8559254173382
B3WFY7_CELE_M04C9.3,43.6750385735123
B3WFZ3_C31H5.6,38.1589961395391
B4E3X6_spds-1,43.3664581688227
B4HEM8_HtrA2,40.4981973923679
B4HFV9_eIF-3p66,39.4352545709406
B4HHG8_eIF3-S7-2,40.3006491904084
B4HI06_Jupiter,42.2443328828514
B4HK67_eIF3-S6,39.4836116343605
B4HKS2_GM24332,39.4458139489085
B4HMY3_eIF3-S8,39.9718311111039
B4HN85_GM21825,48.0293272216197
B4HR35_GM20779,40.2798876562671
B4HR78_Nop17l,44.630838934645
B4HS00_Cirl,44.5980004999202
B4I195_Trip1,37.8119917394359
B4I1C2_eIF-3p40,39.7456604827107
B4I5P7_hook,43.4756330042354
B4I7U3_GM15855,40.6279222476234
B4I8G2_Art7,42.0517706198221
B4IAA7_Las,40.3933229144023
B4II68_GM23154,45.3008318020335
B4IL76_RpS3A,39.9743102402221
B4IMI7_IntS3,41.8708359245301
B4NTY9_eIF3ga,40.4853017115695
B4NXB9_GE18198,42.33552934745
B4P116_GE13328,52.2036661571792
B4P1N5_Eaf,50.8502738090682
B4P2Y8_dbe,40.3837519902954
B4P5F7_eIF3-S9,40.2607614275843
B4P624_Tret1,44.2638885996397
B4P9A8_GE12759,39.8357697983234
B4PEU8_RpS9,38.1164681422633
B4PJV6_GE22150,45.1289570031523
B4PU77_Sur-8,41.7838992062716
B4PXF5_GE15417,47.2598897202072
B4PY69_Pgam5,43.8085711943131
B4PYH5_mal,43.4513174472916
B4PZ52_GE15286,41.0768795288021
B4Q034_Cbp80,38.1883987632578
B4Q4M7_GD23409,39.209821894635
B4Q5D5_ico,41.3566859593014
B4Q785_PrBP,45.7475533716754
B4Q8A7_GD23643,39.915755085406
B4QBH8_Adk2,44.4946972763052
B4QCR6_Ars2,39.0573517706032
B4QE02_Fsn,40.2132911232367
B4QEE3_cbc,39.9363335394732
B4QFD2_Tango7,41.4295098237914
B4QGZ1_tun,44.7580254525239
B4QHD6_GD25576,45.0902191469096
B4QHG6_Lis-1,48.7888851017898
B4QHU5_Adam,46.2027310901727
B4QIG6_Fen1,44.0322712054949
B4QJ46_GD14899,37.1686024804007
B4QLP9_flower,43.2941484143118
B4QPR1_wls,37.2182920414732
B4QQE2_GD14793,44.7963608374997
B4QR64_GD12745,39.8709903714264
B4QRJ0_shep,42.3779945801502
B4QSF0_spas,36.7269277106743
B4QTL6_GD18783,44.0367304369721
B4QV17_Cbp20,39.4656628089423
B4QVL3_eIF3-S5-1,38.7161524118215
B4QWH9_eca,45.9744571922587
B4QX46_Manf,46.9886726500861
B4QZ45_GD18992,39.0134132685398
B4QZI8_Cisd2,40.4525579009601
B4R313_Pgam5,47.6422791146485
B4R345_GD17028,48.7415614952059
B4R4E9_GD17142,45.0254674288713
B5BM28_let-23,32.5065565386991
B5BM39_CELE_F49B2.7,39.8572044329957
B5WWL2_CELE_F52C12.6,46.3579878140044
B6VQ60_brc-1,43.6895597948929
B6VQ62_hum-4,40.3267245637079
B6VQ73_lpr-6,42.7420647693106
B6VQ83_C23H4.4,49.1103342783101
B6YY24_Fam91a1,52.4261410586305
B7FAS0_mcd-1,41.9307168528959
B7FAS6_sam-10,51.6495274382452
B7FAS8_ero-1,40.4599798962843
B7FAU2_Taz,45.6354658645884
B7FAU9_Flna,47.59385634085045
B7WN71_CELE_T05H10.4,46.1606143269499
B7WN92_ctg-2,39.5689918375538
B7WNB3_clec-146,45.5517321569313
B7WNB4_CELE_Y53C12A.10,34.1773353682649
B7Z031_pes,45.3422685874981
B7ZC21_Pkig,50.9021524936678
B7ZC46_Sept8,53.07251063029625
B7ZCJ0_Arhgap21,50.1996086341561
B7ZCU2_Abi1,49.651912172990805
B7ZMP1_Xpnpep3,51.2725464328129
B7ZNG0_Kif7,40.1881235323385
B7ZNP0_Edem3,49.750230699697696
B7ZNP2_Commd6,51.8777115065649
B7ZNS2_Dlgap4,51.45498377973385
B7ZP47_Wapl,47.750718689693045
B7ZWE5_Bcl10,49.237139932665
B7ZWL1_Cnot1,48.54315424578285
B8JJC1_Tdp1,54.08021853821205
B8JK39_Itga9,56.7210843787764
B8JK66_Pigp,59.3296215109379
B8JKK2_Rpl15,57.246934233141
B8JLW8_gmps,49.525569965075
B8JMZ1_ugp2a,47.9671412962428
B8ZXI1_Qtrt2,49.8368420565691
B9DFI7_At1g26850,40.2846088940892
B9DFK5_RE,36.7181231709437
B9DFS6_SNX2B,44.5247629682788
B9DFX7_PAA2,41.6034183132877
B9DGD6_ACS,45.1845874426613
B9EHD0_Lrrc25,54.0774590187228
B9EHG7_Asah2,59.2463188023714
B9EHN0_Uba1,44.9146089192857
B9EHN5_Slc2a9,54.6912415458334
B9EHY2_Zmpste24,53.3849233428671
B9EI21_Zmat3,51.2687513886071
B9EI61_Foxc2,53.4718327067577
B9EID1_Coq4,50.4293638099031
B9EIE9_Adss,54.6159389830124
B9EJ54_Nup205,48.749342852362
B9EJ80_Pdzd8,49.11474678549665
B9EJR8_Dnaaf5,46.20250488967035
B9EJX8_Ppil1,54.34484646210795
B9EKL6_Ptp4a1,50.7682289966605
B9EKS2_Kdm3b,48.317181833688295
B9EKS7_Pgs1,50.915386198956554
B9ZSG9_ztf-18,38.6616659927253
C0H3V2_mtlF,56.6938442790629
C0H3V8_yyzM,43.3733692335437
C0H3Y1_yhzD,40.69371854862
C0H405_ykzS,48.0696175471916
C0H437_yoyH,39.5072356461209
C0H453_yqzM,44.4348738035397
C0LGG8_At1g53430,56.7045603799874
C0LGG9_At1g53440,46.6412586087595
C0LGQ9_At4g20940,42.5750461510228
C0P278_CELE_F17C8.9,46.7731955880556
C0P283_unc-119,38.272762239751
C0P287_CELE_F56A8.9,48.6786407701946
C0SP85_yukE,41.1802140462938
C0SP86_sftA,50.0682823249292
C0SP89_yoaH,42.6492765766731
C0SP93_accD,42.6794772429452
C0SP94_yhfQ,46.9199273885283
C0SP95_ycnJ,47.6976646250402
C0SP98_ykfD,41.8780560937566
C0SPA0_amyX,51.5139220251122
C0SPA5_adhA,46.7957280837949
C0SPB0_ytcI,54.0599338531663
C0SPB1_yukJ,50.3407661979198
C0SPB4_yhaQ,40.4713519174939
C0SPC3_yjhB,46.8479847701011
C0VXV5_CELE_Y71F9B.9,41.5794893991224
C0VXV6_mrpl-46,32.6871893455673
C0Z1Y9_CELE_F40G9.17,40.962841747683
C1P622_let-767,36.2104128502101
C1P633_magi-1,40.2519036361802
C1P639_glb-19,45.1266067975495
C1P641_epi-1,44.800802232992
C2BR91_C39B5.5,39.9562377365754
C4ALD3_CELE_K10D2.8,40.2294895781601
C4PFH5_Psmc3ip,54.0705845954446
C4RVF5_C06E7.88,51.6593713381266
C5IG48_psmd13,50.6111319721675
C5VUK2_csn-6,38.1967359923395
C6KRK8_CELE_R102.4,48.3862766461082
C6KRL2_CELE_F23D12.11,40.2847677949306
D0IMZ5_fln-1,43.2378948117528
D0PV95_laf-1,35.6842003611907
D0QMC3_Mndal,52.3733144603177
D0Z5N4_gcn-2,38.2917808732596
D1GJ56_actn3a,55.5337571340502
D1MN85_ife-1,37.219326988574
D2KHZ9_GAPDH,48.13120891879625
D3DEL8_jac-1,43.8300062378353
D3NQB3_CELE_Y73F8A.24,49.8745984203397
D3NQB4_tag-349,37.0821330672736
D3YT36_pyk-2,43.2657959811104
D3YT50_sir-2.1,37.9282494687829
D3YT56_mars-1,41.6735871323082
D3YTQ9_Rps15,49.5846255937298
D3YTR5_Mbd3,51.1101817292922
D3YTT9_Zzz3,50.4087849890463
D3YTU2_Ogfod1,49.7133325890347
D3YTV3_Dhx34,49.5569648986598
D3YU12_Nmral1,44.29123021317915
D3YU17_Ncln,51.3129398601658
D3YUB9_Pabpn1,57.2651559700272
D3YUE7_Gramd4,47.90572671628935
D3YUL0_Zfand2a,52.8034380536069
D3YUM1_Ndufv1,52.139639451119706
D3YUP1_Carm1,52.50866814542025
D3YUP8_Ing3,53.3181349952287
D3YUS5_Rasal2,45.8164816998469
D3YUV1_Nrbp1,47.8663154860604
D3YUW8_Pogz,45.656390057828204
D3YUY3_Pip5k1a,47.2703945332266
D3YV69_Rab6a,46.840265477031394
D3YV77_Mvk,50.5527232064351
D3YVA8_Cln3,47.6047282111839
D3YVM8_Bloc1s1,51.85640281534155
D3YVU1_Usp16,43.6709999645402
D3YVV1_Tmem30a,49.80281324573045
D3YVW2_Golim4,50.17921660288755
D3YVY9_Dscc1,48.2613064079501
D3YVZ9_Mrps21,44.2732858694062
D3YW20_9030624J02Rik,47.514827551225
D3YW87_Flnc,50.3290500720193
D3YWD3_Tmem245,50.756511593483296
D3YWF6_Otub1,49.88348264811095
D3YWG7_Dcun1d3,46.218188104663255
D3YWH4_Tm9sf1,48.7181143514433
D3YWK1_Wipi2,48.9973822523049
D3YWR2_Blnk,48.76676267948805
D3YWS2_Eml2,48.73497826580625
D3YWS8_Leng8,48.48819745389715
D3YWT0_Sec11a,49.420690787857055
D3YWT1_Hnrnph3,47.78813659953305
D3YWX2_Ylpm1,49.2635265542143
D3YWY5_Aamdc,44.2372649336756
D3YX27_Htra2,48.555783064237346
D3YX49_Zfp384,46.5263228034661
D3YX52_Tm6sf1,52.01270039181885
D3YXD1_Ube2e2,41.8293597995884
D3YXK1_Samd1,47.55553474976435
D3YXL1_Ntpcr,44.6515499408887
D3YXP6_Pmvk,45.254696962649604
D3YXQ7_Zfp326,50.202295198656
D3YXZ3_Klc2,46.323727068384
D3YXZ5_Rbm47,48.2430668480978
D3YYD2_Fam111a,49.658665772730146
D3YYG8_Fam213a,48.8218844678803
D3YYK8_Mapre2,44.4292168195497
D3YYT1_Glyr1,50.54752553333725
D3YYW8_Rbm42,49.64185733160965
D3YZ09_Gar1,58.2805628290953
D3YZ54_Hacl1,53.3190959677328
D3YZ57_Fyn,46.4873098388439
D3YZ62_Myo5a,48.18027378066445
D3YZ64_Kctd9,48.4220577962839
D3YZ89_Mtfr1,50.5612831660117
D3YZ98_Pik3c3,49.84930357443115
D3YZC7_Brd8,55.1361387648187
D3YZC9_Sf1,54.351977376907655
D3YZG5_Ucp2,52.9619120734297
D3YZG8_Mthfd2l,54.07435824625985
D3YZN4_Spg7,47.42245573789275
D3YZP9_Ccdc6,53.53138322525875
D3YZU6_Haghl,51.627760338734404
D3YZW1_Srgap1,55.84554142041725
D3YZZ5_Tmed7,50.767297552922045
D3Z007_Irak3,47.02531739429995
D3Z041_Acsl1,44.93772192085605
D3Z061_Uba6,45.7567408203812
D3Z093_Lipt1,45.40181343950335
D3Z094_Tex30,47.81719392536305
D3Z0B9_Aldh16a1,53.30870424721755
D3Z0F5_Cops6,52.547697363638505
D3Z0I5_Trim59,48.2207914675134
D3Z0K6_Rsbn1l,51.3137011553763
D3Z0M9_Ddx23,53.987762318711304
D3Z0Q4_Mthfsd,54.0002386172786
D3Z0R8_Ttc7,47.98969075798825
D3Z0T0_Taf6,48.38636004349835
D3Z0U4_Chrac1,52.4845690676771
D3Z0Y1_Samsn1,46.0475866332234
D3Z108_Tmub1,48.8441728447706
D3Z132_Thoc6,52.1642807207362
D3Z191_Tmem106b,57.169243346898
D3Z197_Whsc1l1,48.6824313351992
D3Z1F3_Mospd3,48.4775537728046
D3Z1F7_4833439L19Rik,49.40259042082
D3Z1H9_Gltp,48.080887768610395
D3Z1M3_Mlec,50.3569591188227
D3Z1T2_2310009B15Rik,50.834676753590045
D3Z216_Tab2,48.2160052957275
D3Z286_Tmppe,52.0736427862199
D3Z2B4_Xpr1,50.4773824596587
D3Z2E3_Reps1,45.8317074393805
D3Z2E7_AI607873,46.49060660973545
D3Z2J6_Tmx2,50.3042577092001
D3Z2Q2_Stxbp5,50.85484714400465
D3Z2R5_Sepn1,50.879858458925156
D3Z2W0_Tnip1,50.6764609697699
D3Z373_Borcs8,51.1729701306016
D3Z3B2_Atp6v0c,50.14104163312395
D3Z3C1_Faim,46.2590761341919
D3Z3F8_Spg20,48.5363291792494
D3Z3I3_Nit1,63.3956113056696
D3Z3N1_Ino80c,49.1666742139152
D3Z3X2_Hsd3b7,50.8105032120236
D3Z3Y5_Sh2b3,49.3858583028484
D3Z440_Cops7a,54.5362159488223
D3Z458_Msmo1,49.6958326630425
D3Z479_Snx15,48.1157808071709
D3Z497_Gm7075,55.83829753159615
D3Z4C0_Farp2,48.27666156067
D3Z4C9_Uqcc2,52.1934025655543
D3Z4E6_Vezt,48.407018685821
D3Z4H6_Tia1,51.8899413410398
D3Z4I0_Pigg,53.69133676109005
D3Z4L9_Tnfaip2,47.320661660482344
D3Z4S3_Ptrhd1,55.9310482081175
D3Z512_Dnase2a,56.1720440773491
D3Z558_Dgcr6,44.99869945630445
D3Z568_Ndufb5,51.75485666399345
D3Z591_Fyttd1,48.9163366293526
D3Z5I1_Zc3hav1,45.5671085015094
D3Z5I9_Rbm33,49.518270159046594
D3Z5K6_Dnajc19,53.8323677406936
D3Z5N5_Pikfyve,52.5394612174766
D3Z5R0_Mb21d1,51.339326098593546
D3Z5U4_Prr14,48.644807387878444
D3Z5U5_P2rx4,57.4947581343865
D3Z5Y5_Cept1,50.3932714154368
D3Z600_Pex5,48.1674800398314
D3Z645_Vps29,52.111124211981604
D3Z656_Synj1,49.16532491006125
D3Z687_0610010K14Rik,50.9079549238647
D3Z698_Lhfpl2,52.68434868490395
D3Z6B9_Aldh1l2,50.00851201105145
D3Z6H3_Dctn6,59.3281959720575
D3Z6P9_Ddx43,46.3473832099804
D3Z6Q9_Bin2,49.2931120277429
D3Z6T3_Ctse,56.78564515741
D3Z6W2_Ptpn2,46.652964873581055
D3Z6W7_Gxylt1,50.409324360165755
D3Z730_Eif4e2,44.2917630623603
D3Z742_Mb21d2,54.0794984156492
D3Z767_Ttc33,51.311479597749454
D3Z769_Lin37,50.28282619019825
D3Z780_Eif2b4,48.748295466551795
D3Z7C6_Ptges3,46.640601179710245
D3Z7E5_Gsk3a,48.30196251186565
D3Z7E6_Pafah1b3,48.724084037113045
D3Z7F0_Ldhb,51.6620883828961
D3Z7H8_Cilp2,53.3982915367145
D3Z7J8_Ccdc61,51.9549542945388
D3Z7M5_Nop16,66.2138444865571
D3Z7P3_Gls,50.08804339232675
D3Z7Q2_Smim20,53.9708103193028
D3Z7R9_Ccpg1,48.78929229420635
D5MCV0_dod-22,51.4285435129408
D5MCW4_Cuta,53.182713867345996
D6R8W9_rbc-1,41.1986690066916
D6RCK1_Rad51,50.9444592990003
D6RE34_Cln6,53.4398768200547
D6RET6_Gpatch1,54.8543716630924
D6REU0_Fam188a,48.62467355110865
D6RGR4_Wdr83,53.0197478980201
D6RHA2_Renbp,53.167253025484044
D6RHK9_Dgkz,47.1917094183455
D6RHM2_Atp13a5,53.2957392654184
D6RIJ4_Sp100,50.4025489386939
D6RIN3_St14,52.9264002569614
D6RJ45_Mfsd12,50.93350411259875
D6RYE4_CELE_Y59E9AL.36,34.4431453348813
D6VPA0_math-38,43.0455841432625
D7SFI3_C02D5.4,49.9491372510172
D9N129_wdr-20,40.1808871151648
D9PTP5_snx-6,38.9510603796005
D9UBX6_RTM2,41.2166445366319
E0CX20_Bud31,53.605764125104955
E0CXA9_Mob4,54.071055867952495
E0CXC7_Sidt2,54.647328199088946
E0CXE7_Ctc1,47.502196868870996
E0CXJ5_Kctd18,47.5041411892138
E0CXN9_C130026I21Rik,49.80934538448635
E0CXS2_Tle3,50.94470593147405
E0CXW2_Adck5,54.0799066624147
E0CY16_Cadm1,50.4684835556296
E0CY18_Zfand2b,53.771064560484504
E0CY91_Ubl5,55.311839230108504
E0CYA9_Pole4,49.168884018818204
E0CYE2_Impdh1,51.4000225712786
E0CYG4_1700112E06Rik,45.9290759640594
E0CYH0_Wtap,53.9126833315507
E0CYH4_Wdr26,51.5247417988733
E0CYK4_Maf1,46.323707853977396
E0CYQ0_Kctd17,56.8706539087893
E0CYX9_Ccdc127,50.753664949164204
E0CZ04_Ggact,50.9340452736075
E0CZ50_Ndrg4,50.0913927369978
E0CZ61_Umad1,48.7354351470208
E0CZ72_Kif2a,46.356966578039305
E0CZ78_Ppp3cb,48.61814093619165
E0CZE0_Nae1,49.20485485172725
E0R7K2_CELE_Y113G7B.27,38.443745442971
E0R7K7_CELE_Y59A8B.10,44.3316722629579
E0R7L2_CELE_Y111B2A.12,43.4717281791688
E1B6Q6_CELE_ZK1127.13,40.4272265398475
E1B6R3_CELE_F54C8.7,46.3486097615572
E1B6T2_glb-24,50.2805244154882
E1B6T7_try-10,34.5008885502495
E1JH25_tea,42.8663631934722
E2JL04_iars-2,35.9619576925949
E2S038_Foxp1,47.4942253366931
E2S7J2_lipl-6,54.2155244765977
E3W745_C27A7.3,44.1108005063014
E3W753_CELE_W09C5.7,35.9998493719603
E5QCF5_C10H11.8,41.3063650176521
E7EM29_pho-12,41.6606185860966
E7EYE1_myom2a,54.2198976957549
E7F0A1_pfn1,46.2069004160788
E7F2L1_aak1b,52.2831807443831
E7F3I8_dhx15,50.1839427268686
E7F4V5_crybb1l2,48.1259964890563
E7F811_tom1l2,51.6328543212756
E7F8M1_crybb1l1,51.8889541719389
E7F8Y5_tpt1,46.4046591791451
E7F948_,47.517000177284
E7F9F6_cacna1g,50.450647527376
E7F9Y7_abhd10b,60.3702855075362
E7FCA3_myom2b,50.0475178428899
E7FCD8_atp6v1ab,44.8616823854636
E7FD56_naa25,46.5524068716404
E7FDY7_g6pd,51.2973098080875
E7FG56_si:dkey-23o4.5,46.8742778737485
E7FM69_hosl-1,44.3864334488424
E9P883_egl-3,51.5884027578402
E9P8A3_CELE_H19N07.3,38.0314779474182
E9PU93_Ash2l,50.8934857469099
E9PU96_Urb1,49.213857961044354
E9PUB7_Msto1,47.41814543377685
E9PUD2_Dnm1l,48.4103829390034
E9PUE1_R3hcc1,48.6365029014994
E9PUE7_Abr,46.53246557000925
E9PUF7_Arhgef1,45.3305857953889
E9PUH6_Crls1,57.102012191198995
E9PUK3_Fnbp1l,48.68227404528605
E9PUM0_Ercc1,50.9953367933132
E9PUM4_Tln2,49.08804036679065
E9PUQ5_Golga2,51.3542931933203
E9PUQ9_Piezo1,53.906361635736246
E9PUV9_Card10,46.4384209317741
E9PUW7_Xpo7,49.08793148251655
E9PUY1_Mrps12,47.5689396754318
E9PV24_Fga,48.8241564723608
E9PV28_Lin54,50.1376487424411
E9PV41_Diaph1,45.80924301932705
E9PV45_Usp24,47.585016998212055
E9PV69_Cacul1,46.2607690961605
E9PVA6_Git2,48.3469768249887
E9PVA8_Gcn1,44.2919202972298
E9PVC5_Eif4g1,45.44492045733835
E9PVC6_Eif4g1,45.2103306866368
E9PVD3_Dchs1,47.4554932972075
E9PVN6_Gm20498,50.7272659373805
E9PVP1_Aim1,46.7260340045985
E9PVW4_Vsig10,52.8794435563606
E9PVX6_Mki67,56.3390255183477
E9PVY8_Macf1,47.532397695329195
E9PVZ8_Golgb1,50.922348227981544
E9PW03_Gpaa1,50.8414313842582
E9PW15_Suz12,47.9886824186171
E9PW20_Chtop,50.746958821602405
E9PW66_Nap1l1,50.0617488453444
E9PWB1_Phldb1,46.0658793019123
E9PWC8_Papola,50.1524393123291
E9PWD9_Polrmt,46.8349693454321
E9PWG2_Trappc8,48.40946275277015
E9PWG6_Ncapg,47.3879546208004
E9PWH3_Apbb2,50.68344116258815
E9PWV3_Rps6ka1,45.2761190718616
E9PWY9_Farsa,45.8233631127317
E9PX10_Alg13,52.275069339035696
E9PX24_Lyrm9,54.1328563226347
E9PX30_Map4k5,48.1955680266916
E9PX53_Ppp4r1,49.12807328191765
E9PX59_Samd9l,45.9618927565493
E9PX66_Supt7l,50.9566880707233
E9PX68_Slc4a1ap,52.61344540252685
E9PX73_Ly9,55.384582006895755
E9PX91_Pisd,47.828694454183946
E9PXG1_Slc6a12,56.2163287591217
E9PXI0_Vav1,42.84156546814585
E9PXL0_Fam222b,50.391982348869
E9PXU2_Adam17,50.958041929653746
E9PY16_Adap1,47.762893726374
E9PY39_Gm20431,47.611680280758605
E9PY43_Erich1,52.981077965463754
E9PY48_Ncaph2,48.322423327790545
E9PY90_Ctage5,49.09894067088205
E9PYB0_Ahnak2,50.42187418269505
E9PYE2_Tyw3,52.3457736842223
E9PYF1_Rnpep,48.443663380307854
E9PYF7_Ap1ar,53.8730853451893
E9PYG5_Parvg,45.95649599969375
E9PYG6_Rasa1,47.0685208685006
E9PYH2_Acot7,58.1013580887143
E9PYH6_Setd1a,46.94158366584975
E9PYJ6_Focad,52.10978553065915
E9PYK0_Unc93b1,51.66269674806035
E9PYL2_Prr12,43.9017110665073
E9PYL6_Ikbke,48.0137109777702
E9PYL9_Gm10036,44.9916482449501
E9PYN2_Zfp346,47.83636764859365
E9PYT0_Arhgap5,44.784471691130705
E9PZ21_Rbms1,56.0542509998146
E9PZ28_Mitf,51.2655312005341
E9PZ91_Fhit,48.4008320060484
E9PZA7_Trrap,51.209488605492396
E9PZF0_Gm20390,62.8946786523051
E9PZJ8_Ascc3,45.4982982771831
E9PZM4_Chd2,50.221036351614
E9PZP3_Ripk3,46.2372991153451
E9PZY1_Hps3,43.181130612748
E9PZY8_1110037F02Rik,48.80045489538535
E9Q027_Cnot2,50.06308865327425
E9Q035_Gm20425,48.3295980681943
E9Q066_Larp4,47.3855989573599
E9Q070_Gm8730,50.3858783968972
E9Q0A3_Arhgef11,45.94454142337605
E9Q0A7_Oxr1,51.4979786047992
E9Q0I8_Homer1,53.6785780911498
E9Q0N0_Itsn1,47.32233661660915
E9Q0V1_Rft1,52.8056987188705
E9Q0Y4_Sipa1,50.646898883590296
E9Q137_Tex264,59.4150658637542
E9Q151_Slc6a8,53.80740361716575
E9Q156_Wdr4,52.583650938480346
E9Q179_Grsf1,46.80172305919805
E9Q1G8_Sept7,53.19864533054495
E9Q1I2_Nabp2,48.18666385243105
E9Q1K0_Snx25,47.4830229135499
E9Q1L2_Klhl5,47.4919719208883
E9Q1L5_Senp7,52.3581884123341
E9Q1M5_Ext2,48.6931035581261
E9Q1M6_Ankhd1,44.38406325203375
E9Q1P8_Irf2bp2,49.58841010561565
E9Q1S3_Sec23a,48.5472819144752
E9Q1T9_Cse1l,48.215758138096746
E9Q1V5_Smpd4,44.55401755731735
E9Q1W0_Camk2d,48.971521360869744
E9Q1W7_Tbck,46.157614918020755
E9Q1Z6_Gm14548,47.55664798054755
E9Q265_Sumf1,48.888192229794655
E9Q284_Coil,49.97124780243195
E9Q286_Ice1,52.5053162041541
E9Q2A6_Ptk2b,45.551642772160804
E9Q2B2_Ncor1,48.6395985946616
E9Q2H1_Ubr5,50.084418763053904
E9Q2I1_Clcn3,48.7136500409636
E9Q2I4_Elmsan1,46.906876857932204
E9Q2M9_Wdfy4,46.649989545970655
E9Q2W8_Borcs5,54.169804833011696
E9Q2X6_Smc4,47.35973023705225
E9Q2Y9_Desi1,46.4432381590546
E9Q309_Cep350,45.6447105966074
E9Q317_Gm10094,47.55147914884755
E9Q360_Ints10,48.95393499386155
E9Q394_Akap13,41.3701680656003
E9Q3C1_C2cd2,48.4902715499347
E9Q3G7_Atp11a,51.917022454775946
E9Q3H6_Coq10a,48.53455166246185
E9Q3I2_Apopt1,43.0166269134016
E9Q3L2_Pi4ka,47.03071381201935
E9Q3M0_Smad2,48.853949223533505
E9Q3P4_Cenpf,48.17435760465245
E9Q3X0_Mvp,53.8413178024817
E9Q3X4_Hps5,46.90888946326735
E9Q411_Nbas,45.0968612134958
E9Q414_Apob,51.8953576160458
E9Q421_Pigk,49.78367746850245
E9Q467_Abcc4,51.0185376801016
E9Q481_Smek1,51.1890466256626
E9Q496_Use1,47.2651659647628
E9Q4A5_Gm1818,47.17959546966845
E9Q4G7_Csnk1a1,49.787152661525
E9Q4K7_Kif13b,43.99562139320345
E9Q4M2_Lipe,47.42356370967015
E9Q4P1_Wdfy1,50.7762460778169
E9Q4R1_Fam102b,48.7612726356143
E9Q4S1_Pde8b,52.0315213375153
E9Q4Z2_Acacb,45.4937670148032
E9Q512_Trip11,44.808460816918895
E9Q555_Rnf213,44.6158999493509
E9Q577_Uimc1,54.0269536751124
E9Q586_Dctn1,46.12742401537206
E9Q5A8_Cep250,51.64259950398829
E9Q5B6_Hnrnpd,54.1306390948404
E9Q5C9_Nolc1,59.1561274841084
E9Q5D6_Ranbp9,52.2814270019623
E9Q5E0_Mef2d,49.6316649658786
E9Q5F9_Setd2,50.2175568983292
E9Q5G3_Kif23,48.4347316409224
E9Q5H2_Anp32e,45.23840882866985
E9Q5K9_Ythdc1,48.50784546575785
E9Q634_Myo1e,45.0098433464721
E9Q640_Rbm26,48.0726951065467
E9Q6A7_Bptf,47.8005147180091
E9Q6G4_Abca7,47.91078734905185
E9Q6L0_Clasp1,46.96825153429815
E9Q6P5_Ttc7b,50.6671773528483
E9Q6R4_Arid1b,49.2207348226486
E9Q6R7_Utrn,48.49808179193725
E9Q6U4_Pfdn4,56.0353425634463
E9Q6Z3_Tmem194,52.7705437783647
E9Q704_Pam,49.8684546184145
E9Q705_Bola3,53.54435323203565
E9Q723_Ttc13,49.562669761521505
E9Q784_Zc3h13,52.7815226821779
E9Q7B0_P4ha1,48.02342777550345
E9Q7C1_Med15,50.25877254541665
E9Q7C3_Plekhg4,50.442443516988504
E9Q7E9_Pacs2,50.9726232267763
E9Q7G0_Numa1,48.08357764202325
E9Q7K1_Guk1,45.633238621566804
E9Q7K5_0610011F06Rik,47.96608672629135
E9Q7L1_Urb2,47.946996171152904
E9Q7L3_Pbrm1,46.349069115308396
E9Q7N5_Gfm2,45.89505357719605
E9Q7P6_Fmn1,47.919534147860546
E9Q7T4_Snx13,48.865590999001455
E9Q7U2_Calcoco1,51.55274530017145
E9Q7W0_Rbpj,53.8998753736908
E9Q852_Mllt4,46.767165483623
E9Q855_Scamp3,54.2094922991245
E9Q8A3_Pi4kb,50.76009171643735
E9Q8D0_Dnajc21,44.6995662556209
E9Q8F1_Kdm5a,53.7557908789237
E9Q8I7_Nfxl1,52.050408943250545
E9Q8J8_Etv6,50.076765729394
E9Q8K8_Zc3h4,55.1450876106165
E9Q8L9_Rab11fip1,50.36554505566535
E9Q8N5_Clasp2,48.4983585833277
E9Q8R5_Trabd,49.251831855293005
E9Q8W9_Usp3,47.57131701490585
E9Q8Z5_Ctnnd1,43.9720244515497
E9Q912_Rap1gds1,48.626066009389305
E9Q9A9_Oas2,47.02366508845175
E9Q9B7_Kidins220,48.56697987654205
E9Q9E4_Cdk4,47.850237568615796
E9Q9F7_Ccdc146,57.6705621817002
E9Q9M5_Usp19,47.799798014549054
E9Q9N6_Mark2,48.32246160249795
E9Q9Q2_R3hdm1,49.93013753585805
E9Q9T4_Adcy10,58.373647047520095
E9Q9T6_Ddx55,50.104096530319296
E9Q9V3_Ncor2,50.977088095050846
E9Q9X1_Dst,46.801266457492346
E9Q9Y3_Ccdc7b,53.79283165555465
E9QA46_Pex3,44.9941891482882
E9QAB6_Ptar1,48.0984276938113
E9QAD4_Ccdc93,48.24080552109735
E9QAE3_Btaf1,47.71644946785345
E9QAG2_Phf6,47.8113987097216
E9QAI5_Cad,47.446033417495954
E9QAJ9_Arhgap17,46.17524079772045
E9QAM5_Helz2,50.5527265270328
E9QAP7_Taf4,54.2809183603222
E9QAQ7_Arid1a,49.33702847018155
E9QAS4_Chd4,48.27976383353355
E9QAT0_Fmr1,50.94923153539335
E9QAT4_Sec16a,50.05237953417695
E9QB02_Mars,46.3100596762157
E9QCE6_uap1,43.4780783119882
E9QD37_ube2d1a,58.7200851106586
E9QDZ8_tpk1,57.8052077094435
E9QF54_pudp,49.5186155512913
E9QFD2_uox,49.3795290119149
E9QFR8_actn2b,53.0522214519633
E9QG37_msi2b,50.7551533123789
E9QI58_ssbp3b,55.0140973282849
E9QJS0_Mrps10,46.7008590112069
E9QJT2_Naf1,50.19146206600015
E9QJT5_Acyp1,50.082672631179946
E9QJV4_Prpf39,45.604135166531
E9QK83_Utp20,44.222779234105246
E9QK89_Mdc1,49.569139732938694
E9QKB2_Habp4,54.5376889418266
E9QKE4_Rab3gap2,47.346080145999295
E9QKE9_Cux1,50.6047822433639
E9QKG2_Katna1,46.038216346788
E9QKG3_Trmt11,50.4873623077796
E9QKG6_Ankrd17,45.93287848945245
E9QKI5_Akt1s1,51.754738781369454
E9QKK8_Atp11c,51.98321276908635
E9QKL6_Ifi204,50.1084730281961
E9QKZ2_Ipo9,49.87407830815865
E9QL31_Dab2,46.405868787734406
E9QL43_Nupl2,54.4621865097891
E9QL65_Cog3,47.1738925700053
E9QL80_Lpgat1,46.95891244091935
E9QLA5_Inf2,47.42711159275365
E9QLB8_Adck4,47.804443435181
E9QLK3_Brat1,43.92339964892115
E9QLL2_Dnm3,51.64661913557665
E9QM06_Terf2,52.5898965187114
E9QM14_Cbll1,51.86039141643815
E9QM38_Slc12a2,44.834241226908446
E9QM77_Atxn2,48.42829411241565
E9QMA2_Fam172a,52.13976847397575
E9QMB7_Naa30,47.3143526597811
E9QME5_Trim33,46.93008528457355
E9QMH7_Ikbip,50.76895954972275
E9QMK9_9030617O03Rik,51.171198048076846
E9QMN5_Gatad2a,50.3482244020111
E9QMV2_Abracl,50.352527729705045
E9QMX4_Rps6kc1,46.990808427284605
E9QMX7_Arhgap30,49.9751101251329
E9QN31_Nop2,51.214498105759745
E9QN44_D2hgdh,50.69186655553485
E9QNE9_Map4k3,50.119724730365
E9QNG1_Itsn2,44.067149795521146
E9QNH7_Acbd5,45.464937550513895
E9QNL8_Itgal,53.543496007345
E9QNP0_Kxd1,52.72521130848325
E9QNR6_AI837181,48.94043704277115
E9QNT5_Taf12,47.6120177629878
E9QNW6_Pafah2,47.346183830161905
E9QP59_Lemd3,47.2903569398557
E9QP84_Med16,50.607746343333304
E9QP99_Golga3,52.6787977950342
E9QPI5_Pds5a,46.78195663914875
E9QPX3_Ndufs4,50.193606582278
E9QQ10_Akap9,53.84570668340425
E9QQ30_Eif2ak3,50.0160247681083
F0IWS9_CELE_R13D11.4,32.2380999309875
F1Q611_c6,52.8967250190475
F1Q6Z9_,50.5478888587627
F1QAP2_aprt,52.9961155855135
F1QC45_rp2,55.5700199552823
F1QGW6_eif2s3,55.0621497991721
F1QJM7_ciz1a,56.0405024620146
F1QLT6_,45.4927686171176
F1QMV0_capn2a,52.0705236782032
F1QNU7_si:ch211-251f6.6,48.6653479167698
F1QRX2_sumo3b,53.1644248706415
F1QSY7_iars,49.723640240095
F1QV21_eps15,51.9841324657773
F1R4W2_lgals3a,55.7514399349317
F1R4Z8_gsta.1,46.4618170062833
F1R8Q3_lrrc59,50.4352195967577
F1RCB0_fgg,51.9102162234374
F1RET2_smyd5,52.1582883673149
F2Z3U3_Raph1,47.8869780956947
F2Z3X6_Pdpk1,47.1878899410555
F2Z470_Hmgcr,51.1363287953361
F2Z490_Dgke,49.1565808636223
F2Z4A9_Smarca2,48.202068361280155
F3Y5P4_grdn-1,46.0696730093641
F3Y5R0_CELE_Y54E5A.7,33.3691714683577
F4HNU6_At1g06900,48.834156087944
F4HTM3_GCS1,51.1876895515081
F4HTT6_CYP26-2,50.425559154881
F4HWL4_At1g28350,48.9045120780645
F4HXV6_NUP155,39.7205121714527
F4HYF3_DCD,50.0068801292425
F4I116_At1g09620,38.4009145209279
F4I3B3_RBP47A,42.6527337260191
F4I6M1_POLIA,47.5481330211686
F4I7I0_ALAAT1,50.2383955704402
F4I893_ILA,35.4525640217922
F4I907_GLYR2,39.9857634499443
F4IAG2_SS3,41.249041757457
F4ICX9_TSA1,46.4553491247224
F4IEY4_At1g72740,50.7949036036684
F4IFC5_EMB2761,40.8407070378525
F4IG73_BCHC2,35.984103941684
F4IGA5_NUP133,45.1915353830294
F4IIM1_CSI1,39.2951543249499
F4IIS5_KIN5A,38.7967029256216
F4IKM1_At2g29340,54.0189066829549
F4IN23_BZIP34,45.6779904864004
F4IPY2_SYCO,47.7460490829297
F4IRR2_SAD2,40.1881364613562
F4IUX6_UPF2,40.5676395673859
F4IW10_MEFG2,41.9741391592469
F4IW47_TKL-2,41.524733900994
F4IXW2_BIG5,42.4638428340399
F4IYF8_At3g02760,42.79021616658
F4IYM4_DEX1,47.1764242008579
F4IZR5_XPO1B,37.2342809659304
F4J1H7_TRZ4,50.5593537647725
F4J2Z7_SDR4,43.5398112338969
F4J5S1_FMT,43.9974460837367
F4J738_At3g59020,40.863822686293
F4J8C6_VIP1,41.1743709288204
F4J8D3_TPLATE,43.3434384708571
F4J8L3_KIN7K,44.9221900699066
F4JCU0_SUA,50.8714772311505
F4JCU3_MVD2,47.0629878242994
F4JEX5_FIGL1,42.3404527456831
F4JFN3_HSP90-6,42.6986038660222
F4JGR5_PFP-BETA2,43.095000137869
F4JHH5_SEC15B,35.6425796544605
F4JHI7_SR34B,44.9826808559364
F4JJT9_At4g33760,42.4572579156157
F4JKH6_TSS,49.7963993828729
F4JLM5_At4g10320,42.9836404271079
F4JMJ1_HSP70-17,48.5244544898966
F4JML5_At4g16800,50.3388118605259
F4JNU8_P4H8,44.6411818961599
F4JPR7_PUX8,49.7702921792672
F4JRE0_TMN12,40.2954949281799
F4JSE7_EDR2,38.9818356006179
F4JTE7_GPP1,38.0254347044105
F4JVN6_TPP2,53.6163899232395
F4JZC2_ENGASE1,57.764336080402
F4K0E8_ISPG,48.3027272588618
F4K2E9_CUV,58.9347885776309
F4K410_SVR3,38.6883184873555
F4K487_PHOX3,43.585138664893
F4K5T4_At5g28040,45.891561132627
F4KAB8_MCM6,43.1843734573771
F4KBF3_AAE17,42.6725852554665
F4KE63_EMB2247,39.7164145702847
F4KEY9_NAA25,43.7793843363147
F4KFC7_MED26C,43.2273751621632
F4KGQ0_FBA4,44.9195885504057
F4KHG6_CTPA1,45.632808336886
F5GU60_CELE_T21F4.1,37.3421527275256
F5GU87_otub-3,33.9623391111194
F5GUB1_CELE_F58E6.13,41.6583898682923
F5GUD0_egl-10,37.6178653952184
F5GUI0_strl-1,38.1454043109325
F6NLI6_ppib,49.4940233434664
F6NV62_qkia,46.2132558576101
F6NZ18_pctp,52.7959896498419
F6P3G4_psmd11a,49.968140734953
F6PWU6_Usf2,52.321106625291
F6Q269_Jmjd8,46.5802280652521
F6QKK2_Arl8a,46.9646265497787
F6QM56_Athl1,53.3160655367178
F6RDM4_Gls,51.59280948459475
F6RG68_Fcho2,49.85795190035655
F6RK07_Dab2ip,53.1581012740078
F6RPJ9_Ide,49.4791956745741
F6S5I0_Mprip,53.3893610105785
F6SBR5_Cit,49.2074778674154
F6SGV3_Pdcd2l,48.9822490438671
F6SMJ7_Gtpbp8,47.1491892160779
F6SPQ1_Ppt2,52.27375092823185
F6T2X5_BC034090,58.31161594910765
F6T9H9_Mtmr1,49.96628484130375
F6T9K1_Drap1,57.8458444075195
F6TBV1_Magt1,50.9308221014156
F6TCF9_Bag1,53.76207489612945
F6TFF2_Pttg1ip,63.0815429055754
F6TLV3_Fndc3a,42.6943011762156
F6TN13_Rnpc3,50.1811698237434
F6TVP2_Samhd1,44.7729659687225
F6TWX0_Nfya,51.96187573430795
F6U529_Gls,54.8912584204954
F6U6E8_Nbeal1,49.2843458776555
F6U775_Opa1,44.9164186366592
F6UDR6_Rnf170,50.8681864919602
F6UK66_Ccdc50,54.8015121395137
F6UND7_Hck,43.63280792349475
F6UTB8_Fgfr1op,51.8892536738294
F6UV46_Hexdc,53.2176100163338
F6V059_Aebp2,48.7159346948602
F6V6T4_Tmed2,49.49950697063725
F6VAL0_Mff,50.7754887288899
F6WMJ3_Arhgef6,55.2657365913208
F6WYQ5_Atp8a1,55.77335034440595
F6X4N5_Stx16,49.0947976543206
F6XQM2_Plekho1,51.0471617064039
F6XVP7_Rnf31,47.563235604289545
F6XX07_Gm21970,57.099864077575305
F6XYC5_Ppp1r35,51.7296449281324
F6XZA4_Nkiras2,48.09995763375345
F6Y616_Paip1,51.2911563351679
F6Y765_Whsc1,51.8782315011161
F6YAM1_Zfp930,50.2478374702822
F6YRW4_Kdm2a,47.44743505231885
F6YX19_Pigx,53.71313681119385
F6YY69_Ywhaq,52.15175437720655
F6YZU5_Dlg5,47.4525686765616
F6Z6C6_Irf5,47.07402578835985
F6ZBL2_Mib1,52.33597293401235
F6ZBR8_Wiz,48.9420947423573
F6ZBY9_Tle4,50.42742112344425
F6ZFT1_Ndufab1,60.2578061866837
F6ZGI7_Mocs2,50.29972708098525
F6ZQA3_Numa1,49.187462873278704
F7A1B4_Eng,52.29118491038735
F7ACR9_Macf1,47.886487573249354
F7AGB5_Mettl17,48.0097122787633
F7AI87_Psmd4,53.26470307478235
F7AL76_Chd8,47.1531172257963
F7ANZ2_Arrdc1,50.94776187595955
F7ASG0_Malsu1,50.27844924572735
F7B276_Habp2,50.944835958739105
F7BFL8_Gramd1b,51.5366525772002
F7BGR7_Gm21992,48.30224508297535
F7BP55_Ak2,62.2089913793631
F7BTP0_Nhej1,48.0702100329875
F7BX26_Ppp5c,49.6135710516215
F7C846_Mtx1,54.7701490627817
F7CB97_Clip1,51.26404129965495
F7CCJ3_Rb1cc1,50.496893050909904
F7CK55_Col4a5,52.15623253795965
F7CVJ5_Ahnak2,43.0005328632361
F7CVW0_Sbno1,49.2114923558629
F7D432_Pcmt1,50.1667153703901
F7DBB3_Ahnak2,50.3195840574307
F7DDS0_Ece2,44.2101908046216
F8VPK0_Ttc37,48.06619501973245
F8VPK6_Xylt1,51.60363581877875
F8VPN4_Agl,47.1281608665264
F8VPQ2_Arid4a,50.642093927500696
F8VPR5_Crebbp,47.8927159896862
F8VPT6_Evi5,47.809461536114256
F8VPV0_Pcnt,50.3366990782663
F8VPX1_Usp7,46.950497621001205
F8VPZ9_Gltscr1,50.1336774030696
F8VQ28_Pxn,49.1708213734081
F8VQ29_Iqgap3,43.8889269070116
F8VQ87_Xrn1,47.9551836614649
F8VQ93_Phip,51.09090467139235
F8VQ95_Tacc1,52.23736837767165
F8VQC1_Srp72,45.57357382596485
F8VQC7_Ktn1,49.1708029380971
F8VQC9_Slc4a7,51.193058945407046
F8VQE6_Tatdn2,51.08258407435895
F8VQE9_Agap3,46.77975350774945
F8VQF9_Trappc10,49.66438447700695
F8VQJ3_Lamc1,48.58525997302425
F8VQK5_Sash1,46.26282602974775
F8W3H5_cryba2a,52.0478982078146
F8W428_cul4b,54.2548132579368
F8W501_zgc:101569,48.3899238656293
F8W522_arf2a,54.1588752460365
F8WGD4_Nek3,58.5663142034768
F8WGT1_Ahcyl2,51.990917419235046
F8WGW3_Srbd1,47.4434495243015
F8WH20_Osbpl3,48.43300570826395
F8WH69_Ncf1,46.050780680209044
F8WHL1_Slc30a9,52.1643456761445
F8WHL2_Copa,50.5887657667631
F8WHM0_Cd48,51.7838385431117
F8WHM5_Glg1,59.8091548540504
F8WHS8_Pias2,44.9422283434795
F8WHT3_Prrc2b,53.5045591113512
F8WHU5_Pds5b,46.71918862619985
F8WHU7_Stag1,52.44651107545785
F8WHW3_Tmem55b,50.969086675217696
F8WHW6_Pip5k1c,43.92903679848375
F8WHW8_Smim14,47.099781949768655
F8WHX2_Cutc,53.3146751074607
F8WHY8_Mta1,48.311337348488195
F8WI14_Ecm1,52.67680697982265
F8WI30_Snx7,46.57225076442125
F8WI35_H3f3a,54.2404649589917
F8WI56_Dip2a,51.4883880703612
F8WIB1_Arl1,47.0356394444948
F8WIE5_Hectd1,48.05998972353305
F8WIG5_Diaph3,49.3783808774628
F8WIT2_Anxa6,47.227483941117555
F8WIU7_Prmt9,49.6941113419179
F8WJ05_Itih1,47.7864249740787
F8WJ31_Zscan26,48.4441702639312
F8WJ41_Rps15a,48.4170814382088
F8WJ74_Gramd1a,47.58224036600665
F8WJ93_Eml4,51.3003895066581
F8WJA0_Ddx24,44.1511737331864
F8WJA1_Fxyd5,52.16059436305585
F8WJB0_Med23,49.69352885640585
F8WJB9_Evl,46.956511120260245
F8WJD4_Sympk,46.81381617964465
F8WJE0_Samhd1,53.05953119656935
G0ZKW2_lacZ,52.72543146293495
G1E6H3_pmrB,46.8078575620265
G1K0V8_iff-1,48.2245709023609
G1K0W1_pad-2,43.0936039920256
G2HK06_CELE_Y48C3A.18,35.1911343816951
G3MU14_gsp-1,42.196223213294
G3MU40_rrf-1,30.9311228998244
G3MU81_math-33,35.5229304285166
G3UVU2_Sf3a2,49.035227343669604
G3UVV4_Hk1,49.4472058063022
G3UW46_Xrcc6bp1,52.8179085031377
G3UW82_Myh2,53.41783004359395
G3UW90_Trps1,50.7023441765078
G3UWD2_Runx1,47.0462521773241
G3UWQ7_Prc1,49.23420220094805
G3UWZ0_Baz1a,50.251187972715954
G3UX26_Vdac2,50.00986808724775
G3UX50_Daxx,52.30488671948425
G3UX84_Chek1,50.57733344105925
G3UXB6_Snx14,48.202104360089
G3UXH4_Pkn2,46.3748771540112
G3UXL2_Prps1l3,56.5970984763524
G3UXW9_Gps1,52.774825935773094
G3UXZ5_Psme1,52.51180889057245
G3UYD0_Gtf2i,46.03891090025065
G3UYG6_Gigyf2,47.21710463915815
G3UYJ3_Slc25a51,52.27442350732165
G3UYJ7_Gm20441,51.31756855819425
G3UYQ3_Ptdss2,52.66389377855915
G3UYS1_Dctd,52.547312490405446
G3UYS3_Mettl14,45.8629525846885
G3UYU4_Flot1,55.11962295670255
G3UYU5_Rpp40,56.6647819100716
G3UZ31_Med11,48.4452409491249
G3UZ39_Dxo,49.1410127245807
G3UZ60_Sumo3,51.8272210359573
G3UZ63_Klhdc4,55.0400090797023
G3UZA0_Krr1,49.74517977961875
G3UZK1_Gm20503,46.118922047644
G3UZP7_H2-D1,39.9257689346917
G3X8Q0_Sp1,44.4906558986722
G3X8R4_Gtf2h1,48.235703884211
G3X8R5_Qrich1,47.0421869840799
G3X8S2_Brf1,43.7381050114391
G3X8S8_Tsen15,48.12081769322585
G3X8U3_2210016F16Rik,47.54329528446445
G3X8U8_Parg,46.331006760781406
G3X8V5_Rnf219,51.436432196228296
G3X8X0_Dhx16,49.947636024613146
G3X8X7_Vps16,47.8692318557859
G3X8Y3_Naa15,48.76232134489045
G3X914_Cul5,49.673711694055896
G3X920_Armc8,50.98876802694585
G3X922_Dnajc13,52.69165874892025
G3X928_Sec23ip,50.23669680910275
G3X934_Wdr70,53.2757054893437
G3X937_Slc41a3,53.153397612668854
G3X956_Supt16,49.05118077422405
G3X963_Atad2,56.5468217186153
G3X972_Sec24c,49.735971581007604
G3X975_Cars2,47.43446019031905
G3X983_Tcaim,46.2694371147706
G3X9A3_Zbtb21,46.9701271906307
G3X9B1_Heatr1,48.41649926443645
G3X9H5_Htt,47.6517294581551
G3X9H7_Mtss1,51.87646778908835
G3X9I1_Fam3c,54.595015125166995
G3X9J0_Sipa1l3,49.884607855261194
G3X9J4_2310035C23Rik,46.503149968183
G3X9J6_Nt5c2,53.71199407437245
G3X9K3_Arfgef1,47.2521464515944
G3X9K8_Tprkb,54.3285139317597
G3X9L6_Gm10250,55.5027122771515
G3X9M0_Dap3,44.604320118283496
G3X9Q3_Hmha1,47.556245725052804
G3X9U9_Fis1,49.06082486695925
G3X9V2_Ctnnd1,44.982725851536344
G3X9Y5_Ube4a,47.52352958090975
G3X9Z4_Pcf11,47.20658656454485
G3XA09_Apaf1,46.6320284346667
G3XA10_Gm28062,45.012561290762704
G3XA17_Eif4g2,46.152906841702446
G3XA21_Mroh1,45.6859433970555
G3XA25_Acat2,57.5461664647724
G3XA30_Nsmce4a,48.6469894042724
G3XA39_Nrf1,50.0518003236776
G3XA48_Idi1,53.2257563490983
G3XA54_Rnf14,44.478473047567
G3XA66_Mtx1,53.71678049225255
G4RYA5_CELE_F38A1.8,39.9858353485264
G4S185_anat-1,39.5756858391284
G4S1A4_CELE_F10C1.9,37.040413910021
G4SCE4_nhr-119,43.171823921668
G4SF15_CELE_Y39G10AR.9,49.6510910838263
G4SF79_CELE_F25E2.2,42.7249006750659
G4SLH0_ttn-1,44.7794407719657
G4SN18_CELE_Y39F10C.3,42.3759204641908
G4SNB8_CELE_T10F2.5,43.890543924182
G4SP89_CELE_Y48A5A.3,47.3215233458549
G4SRU7_CELE_Y39A3CL.4,37.6210369809714
G5E814_Ndufa11,50.774802255440804
G5E829_Atp2b1,51.2310964010783
G5E837_Hcfc2,47.520170233613996
G5E850_Cyb5a,58.4719162659161
G5E861_Sclt1,49.644396518328804
G5E866_Sf3b1,49.904519773471
G5E870_Trip12,46.30091391282575
G5E881_Tamm41,46.51431846795485
G5E884_Pak1,54.183483786543604
G5E889_Mto1,46.350654825754546
G5E895_Akr1b10,46.8021205206162
G5E896_Edc4,50.58112835591295
G5E897_Kdelc2,50.816256913299995
G5E8A7_Samd4b,49.8812472191371
G5E8C4_Tmtc3,48.3565859372616
G5E8E1_Lrrfip1,54.8150558201451
G5E8H3_Ikzf1,47.0957614828864
G5E8I8_Cherp,52.0392245708794
G5E8J0_Notch2,50.757904264876046
G5E8J3_Wdr11,50.3042214966279
G5E8J9_Scyl2,49.50768621920345
G5E8M8_Lrif1,57.8534847462562
G5E8M9_Icam2,57.8251594636007
G5E8N3_Setdb1,47.529181537367705
G5E8N7_Pnkp,46.5393238733389
G5E8Q0_Lyst,48.9688226085471
G5E8R1_Tpm1,62.4920048883486
G5E8R3_Pcx,45.907270633485396
G5E8R4_Ppp6r3,52.59150014282095
G5E8R8_Ubxn7,51.9682168184696
G5E8S0_Phf14,58.2342176813388
G5E8T9_Hagh,51.92393467617495
G5E8U6_Cox18,52.7680477699323
G5E8V9_Arfip1,48.1259965620374
G5E8W9_Dhrs3,51.10222642815906
G5E8X5_Chst3,52.27194806596505
G5E924_Hnrnpl,48.03798761782675
G5EBF4_CELE_T28H10.3,45.5939971576227
G5EBF5_rde-4,37.1943702726239
G5EBH2_lrs-2,38.113093814718
G5EBH3_sma-1,42.7947338282891
G5EBJ3_C54D10.10,43.1852524136888
G5EBJ8_CELE_Y59E9AR.1,51.9746108209099
G5EBK0_CELE_T08A11.1,43.8497420302996
G5EBK3_erm-1,49.0956532414893
G5EBK4_atg-7,44.0285123876846
G5EBK8_ras-1,37.6483487162388
G5EBP0_CELE_K08C7.6,44.6813204265371
G5EBQ9_sipa-1,37.2766470102502
G5EBR1_gdi-1,44.7718062991199
G5EBR7_exo-3,37.8441330047322
G5EBS1_gro-1,39.8480362502158
G5EBT7_cof-2,53.5606195370574
G5EBU2_XG314,41.2767253346451
G5EBU3_zmp-3,50.7941646172316
G5EBV3_mig-2,37.0299840419272
G5EBV6_pgl-3,52.7763672529258
G5EBW2_usp-50,37.2214073897562
G5EBW5_fecl-1,39.1359276548726
G5EBW7_C27D8.1,40.1163149170383
G5EBY6_phf-5,42.1932967435521
G5EBY9_inpp-1,50.4159187860854
G5EBZ1_xpf-1,38.4504229304172
G5EBZ4_let-418,37.9372982047464
G5EC05_evl-14,36.6515724990177
G5EC10_lec-9,45.3624537373225
G5EC13_CELE_W01A8.6,45.8125553438859
G5EC18_pph-1,50.921193038328
G5EC22_CELE_F55G11.4,44.5583392502626
G5EC23_hcf-1,35.264516850753
G5EC24_ptp-2,32.0518545935518
G5EC31_alh-6,39.2736695686121
G5EC48_nspc-15,40.2839134261159
G5EC50_CELE_F19C6.4,37.4280843052087
G5EC56_ipla-3,40.0538140583475
G5EC67_2O16,43.7437488643442
G5EC71_gst-20,35.082111382623
G5EC94_alg-3,54.3751160052194
G5EC95_mpz-1,42.8646065829495
G5EC96_CELE_F02D8.4,45.4479376383892
G5EC97_cyp-29a2,34.9776852369071
G5EC98_ctps-1,40.3510371626502
G5ECA0_mpst-6,41.6270969966552
G5ECA2_CELE_F29C6.1,46.3956145987726
G5ECA7_CELE_T02D1.8,43.8738651451077
G5ECC7_usp-48,35.7570980564303
G5ECC9_CELE_K11B4.1,41.960506137829
G5ECE3_lam-3,42.0229980434243
G5ECE8_chhy-1,36.9823406841544
G5ECF1_smg-5,41.416708847085
G5ECF8_CELE_Y59E9AL.2,45.4436836139826
G5ECG7_dsc-4,38.684768584956
G5ECG9_CELE_F16H6.10,50.1439142222675
G5ECH0_hda-3,40.1805498330052
G5ECH7_cdk-5,36.9696039856483
G5ECJ6_csk-1,47.1893455168636
G5ECK5_CELE_T06D8.10,44.9106539259896
G5ECK7_dli-1,37.9185616873791
G5ECL1_CELE_M05D6.2,41.6436922773836
G5ECL2_unc-26,38.5982407747812
G5ECL3_prp-21,45.697658596287
G5ECL4_bam-2,54.9743310249497
G5ECL7_CELE_F26D2.15,42.8640613041868
G5ECN3_lim-9,49.3803480329958
G5ECR1_mbd-2,39.2019093467175
G5ECR6_C01B4.6,44.2767211676645
G5ECR8_gba-3,46.0920039122072
G5ECS4_glf-1,36.2047027239306
G5ECS9_cpt-2,39.1937329681732
G5ECT0_pbo-5,50.0256822091502
G5ECU1_skr-1,44.4748558675522
G5ECU3_CELE_F01G4.6,42.1220503582764
G5ECU4_CELE_ZK829.1,39.7382083054925
G5ECU5_CELE_F44E5.4,41.2089198986367
G5ECV9_alh-3,38.7227666522629
G5ECW9_rme-4,37.9194004295402
G5ECY0_dlg-1,39.2557448632982
G5ECY2_srp-3,45.9049738203793
G5ECY7_CELE_T15B12.1,40.3530692377842
G5ECZ9_bpl-1,40.3418850631873
G5ED01_inos-1,47.4106829103888
G5ED07_pdi-3,41.8859085017277
G5ED16_tag-241,43.7311158317291
G5ED17_hpo-11,42.4720139204066
G5ED20_tam-1,49.5840401533507
G5ED21_rpoa-1,42.9856886063848
G5ED25_ath-1,46.6310548932714
G5ED27_him-4,53.5363129273658
G5ED31_ucr-2.1,34.0279394163251
G5ED39_sep-1,43.0581297850738
G5ED41_cand-1,46.4331805619756
G5ED43_fmo-5,38.4802627403507
G5ED56_CELE_K01A12.4,41.4110861128971
G5ED60_mcrs-1,37.5213968769144
G5ED68_mtm-6,37.8289420119485
G5ED75_klp-7,37.7504830920496
G5ED76_unc-24,45.4595644851467
G5ED87_CELE_Y70C5C.1,39.0548735286682
G5ED93_ppfr-1,38.2071384992986
G5ED95_yars-1,39.6310608219885
G5ED97_tag-65,53.8717399374352
G5ED99_prx-1,39.5192743160357
G5EDB7_unc-25,43.9054159187656
G5EDB8_vha-4,41.0772134088813
G5EDC6_arl-8,42.2269748029574
G5EDD8_skr-2,47.2927176321219
G5EDE8_ile-1,50.8081343723811
G5EDE9_nfki-1,36.1249715218409
G5EDF0_grh-1,37.7504741768868
G5EDF5_tufm-2,34.6194951222143
G5EDF7_sek-1,39.6167379475903
G5EDG2_M03C11.8,38.268463576408
G5EDI3_CELE_F33A8.6,45.5854852766987
G5EDJ6_dnj-25,48.3936555447448
G5EDJ7_CELE_ZC376.3,39.6129048645209
G5EDK1_asc-1,38.6280240828847
G5EDL4_CELE_R05H10.3,40.2112058056063
G5EDM5_CELE_F36A2.3,40.6895288731469
G5EDP0_CELE_Y32F6A.5,52.398127778465
G5EDP2_daf-22,38.5016132500978
G5EDP3_tre-4,50.2861427089683
G5EDQ4_cle-1,45.0373571682334
G5EDQ9_zig-2,46.3319163447019
G5EDR3_sur-6,44.2028207879146
G5EDR5_fut-1,41.7376869782429
G5EDS2_pod-1,37.5966747191333
G5EDS8_exos-7,40.9512679712048
G5EDT1_lin-35,37.917473289162
G5EDT8_smg-3,41.502564113208
G5EDU8_cyk-3,36.5018031665547
G5EDV3_cey-4,40.113607026256
G5EDV6_istr-1,43.4333137164785
G5EDV7_CELE_Y53H1B.2,44.5815471398298
G5EDW5_adm-2,43.3718011521796
G5EDW8_CELE_VF13D12L.3,41.6245126052151
G5EDX2_eri-6,45.390460434636
G5EDY2_wars-1,45.1035271565594
G5EDY8_drp-1,31.4139434132435
G5EDZ2_umps-1,43.5174822613783
G5EDZ5_unc-43,46.2918432576805
G5EE11_CELE_F39H2.3,44.3081241607738
G5EE12_cash-1,41.288193798636
G5EE16_C44H4.4,49.1120950937521
G5EE34_CELE_W04E12.7,40.9337201146286
G5EE38_sym-3,42.5788267474825
G5EE40_srp-1,46.1829013653287
G5EE42_CELE_ZK1098.11,45.0373877335447
G5EE48_ttr-50,38.6202230373355
G5EE56_src-1,41.0886624103965
G5EE64_CELE_H18N23.2,40.029463750189
G5EE65_hsp-12.1,53.9542987704699
G5EE66_cogc-1,39.3742595546837
G5EE67_skr-3,54.2662977077923
G5EE72_mrp-5,41.8878576536492
G5EE74_nud-1,51.3202483418103
G5EE80_CELE_F21D5.7,40.3177622031427
G5EEA2_lpr-3,49.8311540519136
G5EEA3_CELE_H05L14.1,39.1617173858327
G5EEA8_nex-1,43.1543377982424
G5EEB8_lpr-2,53.2667330492602
G5EEG7_smu-1,37.7983405846993
G5EEH6_ivd-1,38.1893195463614
G5EEI8_chp-1,37.5379265734417
G5EEM5_zyg-9,39.8290140313274
G5EEM6_tap-1,38.0305632942162
G5EEN1_fars-2,38.1366947261874
G5EEN4_gck-3,39.1459856350018
G5EEP7_CELE_T01D3.6,50.8340247398847
G5EER4_ger-1,36.8703226585328
G5EES9_txl-1,42.0032089864028
G5EET2_dut-1,38.3066144985487
G5EET3_cdr-6,40.1846287270783
G5EET5_hpl-1,42.9057666699802
G5EET8_pud-1.2,40.1603066427322
G5EEV5_pud-3,38.0652329399513
G5EEW6_sig-7,37.3666054913318
G5EEX4_skr-13,51.0028406852241
G5EEY5_pbrm-1,39.7374596646376
G5EEZ1_CELE_W09G3.7,51.7242749865109
G5EEZ4_3E324,42.7898972887174
G5EF01_tbb-6,44.846877998948
G5EF05_CELE_W07E11.1,38.8325264785414
G5EF07_btf-1,37.4938527730506
G5EF28_fbxa-136,38.934971968945
G5EF46_CELE_H27A22.1,45.4344929425736
G5EF47_smg-7,41.497840320975
G5EF53_swsn-4,37.9919936436753
G5EF58_ipla-7,35.794231479327
G5EF59_CELE_Y66A7A.2,45.8937654447856
G5EF65_sqv-1,46.0793575013271
G5EF77_sars-2,38.586162291626
G5EF84_gip-2,37.6607062777177
G5EF86_CELE_Y48G10A.1,45.9402208490842
G5EF87_swsn-1,39.4611135670948
G5EF96_unc-40,42.7591247348298
G5EF99_CELE_ZK1128.7,38.3718986782061
G5EFB5_cpn-1,45.8642994911874
G5EFC8_dap-3,39.4770443737145
G5EFD5_unc-71,40.9853317042392
G5EFD7_CELE_F46C5.9,44.3444890843266
G5EFF8_C30H7.2,41.0760667739191
G5EFG4_abcf-2,32.4012426608056
G5EFH4_srp-6,45.3596264547218
G5EFH7_agef-1,41.6211440454239
G5EFH8_cbs-1,41.2211729433582
G5EFI4_lec-5,48.9398037827699
G5EFJ0_klp-12,39.1087789038238
G5EFJ3_C08E8.4,36.7315249782421
G5EFJ5_CELE_F02H6.2,37.5317628184515
G5EFJ7_wdfy-3,36.6399631322842
G5EFJ8_pcp-2,51.6421519892784
G5EFK4_arf-3,44.3752422506703
G5EFK5_ufd-3,51.0776380734865
G5EFK8_CELE_F14B4.1,45.0845683032947
G5EFL7_CELE_E02H4.6,32.3464635642228
G5EFM4_vab-10,51.8625714489577
G5EFM9_nekl-3,38.0890399779121
G5EFN3_C06B8.2,39.986038399501
G5EFP4_sym-1,48.033916865345
G5EFP5_fut-3,40.3368163148169
G5EFP8_acl-7,39.8550314986286
G5EFQ1_idi-1,43.5482018058204
G5EFQ6_cld-9,47.2655709206466
G5EFS1_ikb-1,45.0444356196167
G5EFS4_dcs-1,38.3224681053445
G5EFS5_CELE_F45D11.15,40.8002551792153
G5EFT4_AP-1,41.6782682401295
G5EFU0_pak-2,40.9408261777585
G5EFV5_cdk-7,42.9177525453383
G5EFX2_pkn-1,34.6779893028865
G5EFY6_sec-31,47.778901512512
G5EFZ1_ipgm-1,47.7684457175598
G5EFZ5_icln-1,44.5625170107658
G5EG13_dhs-12,38.9848930073062
G5EG17_smc-6,38.4510366713065
G5EG18_crn-2,38.497984731097
G5EG26_R151.8A,36.5474619541949
G5EG37_CELE_Y54E5A.8,37.7056813304779
G5EG43_PRL-1,43.6959953883001
G5EG47_TFIIE-beta,47.7716360109009
G5EG50_CELE_T04A11.1,48.1395966941285
G5EG57_hgap-2,40.7123664423032
G5EG59_crn-5,41.776318694364
G5EG62_unc-45,36.820413584819
G5EG68_agr-1,47.6145016466107
G5EG78_pxn-2,44.9019091300857
G5EG83_zen-4,38.3707084262304
G5EGA6_dhrs-4,39.1525071762033
G5EGA7_ras-2,40.1089240703671
G5EGB1_lec-2,45.5818196499621
G5EGB3_ragc-1,37.7604325453842
G5EGD5_skr-12,45.3067933310522
G5EGD7_CELE_T08B1.4,41.7287470059864
G5EGG8_rad-51,39.9074734932909
G5EGH2_moc-1,36.8141584360267
G5EGH4_CELE_F49B2.6,41.0585330998928
G5EGH7_lon-8,42.6799010299525
G5EGH9_fre-1,35.0286293619307
G5EGI8_CELE_F46C5.6,38.860948801354
G5EGJ4_fbxc-5,43.3888481126152
G5EGK1_tln-1,42.9935903186545
G5EGK8_let-92,39.6933481608968
G5EGL2_CELE_T28D6.6,38.2258706731066
G5EGL7_bmk-1,49.6823060330434
G5EGM3_taf-1,45.3534548637648
G5EGP1_unc-122,50.3721482829711
G5EGP8_cpz-1,38.1751679108304
G5EGQ8_CELE_T11G6.5,38.2129434636838
G5EGR8_CELE_W02A11.1,43.750615807011
G5EGS5_gbf-1,37.7768175094171
G5EGS6_COX2,39.040137923008
G5EGT7_iffb-1,37.041466789743
G5EGT9_lin-18,49.5808628582912
G5EGU1_egl-30,39.3423378585582
G8JL73_Tmub2,53.6187478294166
G8JL74_Ptbp3,44.567370111660296
G8JY24_pcm-1,38.7629941828402
G8JY40_cpr-6,49.5280246351374
G8JY94_ifc-2,40.4475988513734
G8JYB0_add-1,37.063163860391
G8XYY6_wdr-4,44.2996098374913
H0WE38_mb,56.5950861765125
H1UBJ6_CELE_Y48C3A.14,45.450773291373
H1ZUV6_pdxk-1,52.0707381193224
H1ZUV9_CELE_F31E3.12,43.0690310101852
H1ZUX1_ten-1,41.5251455992308
H2B4M6_B04272.1,36.2639968639574
H2KMK6_CELE_Y38E10A.22,42.1522574237152
H2KY56_C06A5.3,40.0250557129524
H2KY88_CELE_F56C9.10,45.5106388072163
H2KYA3_alfa-1,41.9030503147644
H2KYB2_sup-37,44.0329855400665
H2KYB8_grld-1,44.3020077131221
H2KYE8_CELE_D2021.4,43.8543363517615
H2KYI4_C06G1.1,40.6800928223823
H2KYJ6_gpx-6,38.8061480953016
H2KYM1_C39D10.8,43.5859209953441
H2KYN0_vps-45,36.0274222360934
H2KYN1_pkg-2,38.4335488097725
H2KYN3_acdh-13,37.5543643513855
H2KYN5_atg-18,49.1692684711006
H2KYN6_smk-1,38.9775082956213
H2KYP1_lntl-1,38.7193523606195
H2KYP8_pnk-1,38.9109617195622
H2KYQ5_gyg-1,51.5615308453489
H2KYQ8_rgs-7,47.3759746497563
H2KYR2_fcho-1,45.6688224587468
H2KYS8_cpna-1,51.3924314196439
H2KYT1_math-14,41.8702703188542
H2KYU8_CELE_F10C1.8,39.9696134014033
H2KZ06_clec-266,38.1270213721993
H2KZ18_ampd-1,51.8821350747725
H2KZ41_CELE_Y110A7A.15,38.6092360915369
H2KZ52_mrpl-14,35.0713628032775
H2KZ57_clec-88,41.1295378654767
H2KZ95_CELE_Y48G9A.9,42.3578361949728
H2KZ98_C41G11.1,51.3874298662725
H2KZD5_csr-1,39.7739504641382
H2KZE9_stn-2,38.6632339459566
H2KZG6_acdh-1,38.2516160031731
H2KZL8_CELE_F25B5.3,38.249610960039
H2KZL9_CELE_ZK1055.6,38.9217563072934
H2KZN7_CELE_F41D9.2,40.568249582667
H2KZV4_CELE_F23H11.4,37.562056998828
H2KZV7_CELE_T04C9.1,41.1979510570559
H2KZY3_CELE_F49E8.7,35.2302539592193
H2L010_CELE_T22F3.2,42.172796853965
H2L012_ctn-1,39.3667395927633
H2L016_CELE_K11H12.8,49.6333107301707
H2L035_pmp-5,48.7268617327669
H2L037_cyn-17,44.1832956875868
H2L041_CELE_F48E3.8,47.058922679121
H2L043_trpp-8,43.4607355866425
H2L044_pqn-52,50.1624298085071
H2L052_ceh-18,43.71724332939
H2L055_CELE_F53A10.2,54.9172551128786
H2L075_ketn-1,44.7461744101666
H2L0A4_CELE_H14E04.2,42.2515451201188
H2L0A9_CELE_H06H21.8,46.0331039969714
H2L0B1_dpf-7,36.6902319965093
H2L0D5_lron-7,39.3752233498758
H2L0D9_mis-12,36.7203388872745
H2L0F2_CELE_K07E8.6,37.3080292620412
H2L0J4_CELE_T07D3.9,39.6235074498279
H2L0K0_aakg-4,46.125325951546
H2L0M1_CELE_W09B6.4,51.702091242787
H2L0N5_CELE_Y32H12A.2,42.4821788996209
H2L0N6_CELE_W10C8.4,40.4294244103498
H2L0N9_CELE_Y37E3.17,39.0953405132009
H2L0R7_CELE_Y69A2AR.1,38.8624619442091
H2L265_cyld-1,46.0318187427875
H2L294_C33A12.3,46.8029040868545
H2L297_CELE_F40F8.11,42.8449604200497
H2L2F4_CELE_F36H2.3,46.3370290338491
H2L2I2_hmp-2,41.0015836169589
H3BIV6_Cyhr1,53.7779159020281
H3BIW0_Zc3h18,51.7537034165483
H3BIZ8_Syngr2,48.26372627982775
H3BJ12_Golph3l,47.14429387968825
H3BJ30_Cpsf6,52.0284556596281
H3BJ31_Hmbox1,53.5089829280526
H3BJ37_Comtd1,40.04564230182905
H3BJ52_Zwilch,47.7797516082348
H3BJH7_Aftph,49.9999765878344
H3BJL7_Cux1,48.154786112416346
H3BJN3_Cux1,47.67746710070794
H3BJU7_Arhgef2,47.37843952116005
H3BK24_Cux1,50.69541583368175
H3BK65_Eps15,46.02658749401395
H3BKD4_Asap1,48.282802868068345
H3BKH6_Esd,49.68046224490025
H3BKM2_Zc3hc1,48.180574705076
H3BKQ2_B230118H07Rik,56.607558258892
H3BL08_Cers6,48.490061630400504
H3BL37_Tcof1,62.4845229680267
H3BLQ0_Ppp2r1b,44.482000962054045
H3BLS0_Cux1,55.2779462351252
H7BWY4_Dlg1,51.08357987954365
H7BWY5_Parp9,45.25192576224705
H7BWY6_Rbp4,52.2411869331369
H7BWZ1_Ufm1,52.71712316003885
H7BWZ9_Dopey1,49.1879371142719
H7BX01_Opa1,46.75494485341065
H7BX14_Tsen34,48.5410903281158
H7BX26_Cep170,50.94106205257275
H7BX50_Mga,49.9767861697104
H7BX59_Pus1,42.9827793864639
H7BX64_Slmap,48.314166561513446
H7BX82_Tbc1d4,47.1922885202649
H7BX83_Ggnbp2,48.7404085881318
H7BX88_Crat,48.151236088930546
H7BXB6_Clec16a,52.272178215991005
H7BXB9_1700037H04Rik,48.97163304091925
H9G2T3_idh-1,39.2415167323091
H9G2V4_kin-20,37.6447430704946
H9G2Y7_pkc-1,38.7387276859494
H9KV15_Son,54.9441067023045
I1E4X1_Stx5a,46.68391590051715
I1E4X4_Plch1,51.32322906247655
I1W5V5_OLEAN_C09750,38.4747784049553
I1XUS8_ddb1,56.4559260806391
I2HA94_col-184,32.5193249411502
I2HA98_pah-1,44.1958566125504
I2HAC1_mdt-31,36.8949667488848
I3IRW7_abat,52.4972673432707
I3ISH4_lypla2,52.1303783559683
I3ISS5_usp7,53.7567915608385
I3ITA0_tra2a,50.7118392406769
I3ITN9_aldh1l1,50.3410851899473
I3ITR1_AK157302,52.227049593211
I3RSH5_Wwp2,48.8334900593157
I6L974_Tbc1d17,49.2150413116084
I7EVJ8_rab-6.1,46.1232710105271
I7EVL1_rab-28,38.0587981449977
I7EVL8_4R79.2,43.3969496017449
I7F488_rab-3,45.1070648987092
I7F493_rab-8,41.0725555018151
I7F498_rab-21,42.1775558280808
I7FN62_unc-108,48.4244679758978
I7FN66_rab-7,43.9539106717244
I7FN77_rab-33,37.1988321958283
I7FW32_rab-1,42.5021992626575
I7FW36_rab-6.2,41.1288462434333
I7FW40_rab-14,40.4325523091832
I7FW43_rab-30,38.4852469760047
I7FW46_F11A5.4,46.3952686659673
I7FXD3_rab-5,37.8563963678359
I7FXD9_aex-6,40.7347686354033
I7HJQ8_Cd99l2,60.002068614415
I7HLV2_Rpl10,48.309266479748345
I7HPY1_Fam3a,51.6286094572542
I7J4D2_hmp-1,40.9671344841185
J3KMH5_Mia3,48.013503055172606
J3KMM5_Atp2a2,48.79136736278985
J3KMQ6_5730455P16Rik,50.34293352634075
J3QJX3_Sel1l,51.307722343542196
J3QM73_Tnfaip8,49.207834348262494
J3QM81_Ankzf1,46.2053866677794
J3QMK2_Bbip1,52.2940029200416
J3QMN4_Txnrd2,52.5677596363131
J3QMX0_Rpp14,51.467597485991945
J3QNU6_Arrb1,52.8605084373931
J3QNW0_Dnmt1,49.39582331663145
J3QNW4_Trappc13,50.0523012744764
J3QP80_Gm5814,52.04733179637915
J7S151_CELE_F57E7.1,52.2409853264283
J7SA49_let-526,38.5019609712243
K3W4L0_Myo18a,46.39007717809065
K3W4P2_Ints1,48.882510874247444
K3W4Q9_Gopc,46.2187598887805
K3W4R2_Myh14,52.3645762456477
K3W4T3_Atp6v0a1,54.0870084604247
K4DI61_Phf10,57.3656616217323
K4DI77_Wdr81,49.0776989792106
K7N5X2_Zfp825,47.72541449807165
K7Q7T7_Rac1,49.88761811127565
K8ERU3_hpo-27,39.9372189217247
K8ESF0_CELE_F13D2.1,42.1197098667907
K8ESG0_CELE_F13B12.6,38.357336873583
K8ESI6_tbc-9,41.2774684617625
K8ESJ6_CELE_Y57G11B.97,46.6928146498864
K8ESK4_cls-2,44.9917098634578
K8F7V7_CELE_W07E11.1,39.7452981398814
K8F801_cdh-12,51.9888083347251
K8F804_CELE_Y51H1A.2,37.563346059786
K8F807_CELE_F13E9.1,40.9215178438487
K8FDY8_CELE_ZK228.4,39.293336629627
K8FE09_CELE_T16G12.7,38.9748938185895
L0CL36_Tlr4,52.3401640285881
L7N466_Mthfsl,52.1275138724023
L8E6I4_CELE_Y54G2A.75,38.2346172038839
L8E6W9_CELE_F55F10.1,33.6405177042826
L8E955_CELE_R11D1.1,36.3973522722759
M0QW74_Mtmr3,50.80661195839
M0QWF6_D1Ertd622e,49.4703205776084
M0QWV7_Senp1,50.1222838524147
M1Z854_ifb-2,44.4510735356658
M1Z859_CELE_K08D8.6,41.6869835342128
M1Z882_npp-8,33.6255416198463
M1ZJY1_spk-1,36.5946375577886
M9MSG8_Piezo,43.0330165433119
M9NEY8_Tet,45.7038810940879
N1NSH4_C08B6.3,39.7671247839377
N1NTN5_C14C10.5,39.1974620495523
N1NVC2_CELE_T24B8.7,36.3431753059219
N1NVC4_gta-1,41.1130911378331
O01159_rsp-7,35.6857140522224
O01299_CELE_F09C8.2,38.6993267667209
O01300_CELE_F09C8.1,46.6878779712221
O01302_CELE_T02B5.1,48.5043199177706
O01314_CELE_F02E9.1,40.410333495282
O01339_CELE_K07A1.4,46.5621660705827
O01367_how,44.5189700227405
O01382_Drice,44.2497778523858
O01404_Phm,46.1480451125151
O01422_csn-2,38.2997425744801
O01426_B0207.6,34.4896133745871
O01435_B0207.1,40.608677547234
O01442_B0261.7,40.4009142427645
O01460_C03G6.17,39.4328171689918
O01464_C04E6.7,39.1698425822723
O01477_C06A5.6,48.2104691110019
O01479_unc-94,45.4180461968186
O01498_stam-1,38.8259188746852
O01510_smg-1,39.07853629293
O01530_asp-6,52.373468840425
O01531_asp-12,41.4761909032686
O01532_asp-5,41.9357962857477
O01541_aars-2,38.5213644922006
O01542_cpn-3,46.522299098101
O01549_mage-1,36.5722009450336
O01581_CELE_K08B12.3,43.6901700069436
O01584_CELE_K08B12.1,45.6585269195554
O01590_CELE_K09H11.1,41.9028560237129
O01591_CELE_K09H11.7,36.6894440994754
O01593_CELE_R08E5.3,39.5164489706524
O01606_CELE_T10E9.1,39.0084161470619
O01607_acdh-4,41.5935651175149
O01615_T19H12.2,42.0499609437853
O01659_CELE_T28F2.2,53.7055185562271
O01683_hmg-3,42.7827569966437
O01685_C32F10.8,45.3834750855985
O01686_obr-4,37.3678323229674
O01755_apm-1,41.5172347803247
O01763_ncbp-1,38.9243013108789
O01768_lrp-2,45.4997634430036
O01789_him-1,36.3517288385909
O01803_rab-11.1,40.5065248319289
O01806_C44E4.4,40.0763878466976
O01808_ubr-4,38.7615979066123
O01813_ant-1.2,35.5466865628826
O01814_lbp-5,54.3441125676378
O01826_C53H9.2,33.479409349885
O01837_mtk-1,37.92192530198
O01854_CELE_F32B5.1,43.8972412596713
O01864_nrd-1,42.3570856907629
O01878_CELE_ZC250.2,48.1588457042698
O01884_coq-6,34.4459740635286
O01887_try-5,44.6509148141168
O01889_CELE_R08F11.4,40.6793949607249
O01893_CELE_R08F11.1,48.9511170765522
O01900_CELE_F59E12.9,39.1558065715932
O01902_sam-4,43.6498055726648
O01905_CELE_F59E12.1,52.3413914081775
O01908_C44B11.1,38.2762136082297
O01918_bra-2,38.9102775552515
O01926_C13C4.4,46.2982168426945
O01939_mst,47.1587946569378
O01963_C27A12.6,39.8281413715757
O01965_ari-1,39.5156919106803
O01969_tag-96,43.5836773987378
O01974_eif-3.H,42.0139013481454
O01991_efk-1,34.1327327213265
O02002_Dcp-1,41.7563531289269
O02042_mdt-1.2,36.750879896922
O02053_san-1,41.1831751856793
O02065_asd-2,41.9607374427625
O02089_msra-1,38.1809525834177
O02097_C18E3.5,48.0852112488735
O02101_swsn-2.2,40.0279030577727
O02115_pcn-1,45.0246443409542
O02168_aakg-2,33.7858631613591
O02173_sedl-1,42.1666031318379
O02193_mof,42.0952829442333
O02194_Psn,47.0497468046945
O02200_acs-10,37.5585676148678
O02215_cbl-1,47.259598281416
O02219_aha-1,40.1673508860328
O02220_mrpl-34,31.3383649645065
O02238_pqn-27,38.2565931278496
O02252_pcp-3,47.1780913752439
O02266_alh-7,36.6687419077809
O02285_CELE_R11A5.3,38.2114457676454
O02286_pck-2,40.2515848718658
O02293_CELE_T02E1.2,40.264142823375
O02323_lbp-7,47.0986906940118
O02324_lbp-8,38.3925276039876
O02325_prmt-3,37.9172589305368
O02328_eif-3.C,41.5192775867034
O02334_pri-2,39.9214388906882
O02343_clec-186,49.6534219695992
O02357_irg-5,49.2372779757382
O02358_CELE_F35E12.6,44.365789719093
O02365_ifa-2,51.4689055250185
O02373_sgl,45.9451820784474
O02485_ZK1073.1,45.89008280007
O02621_gpx-1,50.768020520008
O02626_aex-3,38.3914766891803
O02637_cah-6,44.8893247019479
O02640_mdh-2,41.1535552041478
O02642_sucl-2,38.4188532883376
O02655_smd-1,43.0240041463756
O03042_rbcL,62.5157977357355
O03986_HSP90-4,41.2871144696816
O04019_RPT5B,44.9382328387917
O04023_SRC2,48.3793346580904
O04130_PGDH2,44.7531762732651
O04147_At4g18930,46.0060972557145
O04151_CRT1,48.3604894690455
O04153_CRT3,43.6295015377622
O04202_TIF3F1,40.7149109615618
O04294_IMPA3,46.6947573998336
O04309_JAL35,58.5640578996525
O04310_JAL34,51.3300673536828
O04311_JAL33,50.6829032089973
O04312_JAL32,54.8583607804163
O04314_PBP1,50.1531879084039
O04316_NSP4,43.930731717183
O04326_NUP35,41.7623256080875
O04373_ILL4,46.4321693308234
O04379_AGO1,50.3992956027784
O04420_At2g26230,43.2967229874347
O04421_SRP14,47.6056577576865
O04450_CCT5,41.2162245668342
O04482_UCH2,42.4947091193291
O04487_At1g09640,44.5791746052059
O04492_DRB1,43.7327607599103
O04496_AED3,52.8949531514926
O04499_PGM1,52.0456617682332
O04539_SNL4,47.9707069648224
O04567_At1g27190,44.2279480206765
O04603_RPL5,39.8085337909833
O04619_ADNT1,41.5133598893353
O04630_THRRS,44.2173544902695
O04658_NOP5-1,45.3038779581982
O04663_EIF(ISO)4E,46.3793780149933
O04846_ACA1,54.9535198697026
O04904_PYR4,44.0178949684098
O04922_GPX2,50.0630579830928
O04983_CAC2,57.0935516511715
O05220_ywrF,42.1902297971229
O05234_yugE,50.3174499102364
O05236_yugG,44.1926982455375
O05239_yugJ,53.0683921008261
O05240_yugK,46.2047310889934
O05248_yugP,41.6212798764999
O05250_malK,43.2279928755525
O05251_malR,45.4110312644534
O05252_yufN,39.6381353520062
O05253_yufO,42.5651908185508
O05261_yulB,41.0808835451661
O05263_rhaM,47.7589691755723
O05264_rhaA,42.3710489829619
O05265_yulF,43.2598713523447
O05267_yumB,42.4016127438356
O05389_yrbE,39.0093153209687
O05398_yrhF,43.9033068935112
O05405_yrhO,56.6106372915448
O05413_yrpB,40.7041831714746
O05494_ydhC,42.2094905105265
O05496_ydhE,47.4988754600053
O05501_ydhI,44.7663819414686
O05505_gmuB,39.5432219866056
O05507_gmuC,35.2686289514574
O05508_gmuD,47.5601676904118
O05510_gmuE,49.7967369261551
O05511_gmuF,49.7046511051816
O05514_thiL,41.8234247852239
O05515_tsaE,45.3218583989629
O05516_tsaB,46.6842881681544
O05518_tsaD,44.1596850465006
O05519_ydiF,43.3720594483109
O05520_moaC,48.9493179058146
O05521_rex,43.6921884342771
O05522_tatAy,42.5648058826343
O06006_yraA,49.7321676912638
O06475_yfmQ,44.8153448001067
O06476_yfmR,43.1623883694348
O06477_yfmS,36.5231439779251
O06491_gatA,41.7175467301404
O06492_gatC,37.2177086697454
O06714_sbcC,37.1785035270875
O06728_yisP,40.624179925578
O06733_yisX,40.1186326014519
O06744_yitI,40.2520393963789
O06746_yitK,37.3701323559308
O06747_yitL,49.7079202530524
O06965_yvcA,45.7516664076939
O06967_bmrA,40.898682189642
O06972_yvcI,44.0949321643672
O06973_yvcJ,41.5299165670876
O06974_mgfK,39.5188317699915
O06976_crh,39.6361756631466
O06977_yvcN,48.7039006058341
O06978_yvcP,53.0418551576232
O06980_yvcR,41.6714316397423
O06983_yvdA,44.276534897473
O06986_yvdD,44.3589254144419
O06988_bbmA,49.3330541162562
O06989_mdxE,40.3980515227
O06990_mdxF,38.1717981519985
O06993_mdxK,45.9038709338397
O06994_malL,43.7185009286678
O06998_yvdQ,44.7831644578461
O07001_yvdT,46.9358102269555
O07006_padC,51.4781340869244
O07009_cycB,40.0706224344592
O07012_ganA,50.5758645867287
O07014_rsbP,43.9764548893961
O07015_rsbQ,44.8756080982947
O07019_yvfU,42.3968254578681
O07020_lutA,43.9714098803488
O07081_yrdC,46.5221658001537
O07084_czcD,42.8208000451045
O07085_czcO,42.0147110385561
O07513_hit,52.3767965746676
O07516_yhaH,34.8547190022317
O07521_yhaM,52.1401066294363
O07527_yhcY,42.9484667232435
O07533_yhaR,51.2207375384605
O07539_yhaX,44.6423072485408
O07542_yheA,40.3071533908077
O07543_yheB,49.3462885286783
O07548_yheG,44.3372374921152
O07549_yheH,36.6703047117241
O07550_yheI,35.7527909649008
O07565_ntdB,44.5471134152905
O07569_yhjO,46.5247133580506
O07577_yhdH,34.6612016930408
O07579_yhdJ,50.8759731768643
O07581_yhdL,41.7498749656751
O07584_plsC,41.7060306633669
O07585_yhdP,42.827902433928
O07587_yhdR,44.1941560658021
O07592_yhdW,45.1662153694372
O07593_yhdX,34.6864711611802
O07595_cobB,43.4048540735346
O07600_fabHB,44.361960096193
O07604_yhfF,46.615333649366
O07605_gltT,43.5766444554387
O07608_lplJ,43.1125153187527
O07609_yhfK,44.690368387811
O07610_lcfB,43.5977964684396
O07611_yhfM,53.4108022659037
O07614_yhfO,46.410766686289
O07615_yhfP,42.0087729536642
O07617_phoE,48.7689052102899
O07618_yhfS,44.5780731302866
O07619_yhfT,45.5429869371246
O07621_hemAT,42.818160262875
O07624_ywiB,44.1353770016885
O07631_typA,44.5238832191601
O07636_ylaL,46.4981341874787
O07638_ylaN,36.7405704877691
O07906_yraN,47.694713886886
O07937_yraK,40.3760110449907
O08336_cypB,48.6738622955976
O08455_yhaN,32.1104131071169
O08469_cypA,47.5483611829557
O08528_Hk2,45.8054679098532
O08529_Capn2,50.1944676113686
O08532_Cacna2d1,58.8810154249528
O08539_Bin1,53.6463483687988
O08547_Sec22b,49.6519229469162
O08553_Dpysl2,59.197795880680246
O08573_Lgals9,55.8101721376708
O08579_Emd,49.0305987614897
O08580_Esrra,46.88806626372645
O08582_Gtpbp1,49.405614969708
O08586_Pten,48.4730520617724
O08599_Stxbp1,47.4411496298225
O08600_Endog,48.6807833987822
O08601_Mttp,52.2234842315304
O08609_Mlx,50.9681718093581
O08638_Myh11,59.3145138254287
O08663_Metap2,57.4630192831479
O08691_Arg2,48.81892017405825
O08705_Slc10a1,43.1621988860405
O08709_Prdx6,55.7752680260529
O08715_Akap1,47.45348622934385
O08739_Ampd3,53.861135067649
O08756_Hsd17b10,53.0472774655431
O08759_Ube3a,47.3972517521116
O08788_Dctn1,46.5136036413665
O08789_Mnt,50.1568007507234
O08795_Prkcsh,53.6675832833916
O08797_Serpinb9,50.38203618543725
O08800_Serpinb8,50.9393556206181
O08807_Prdx4,54.8204322550445
O08808_Diaph1,48.8904845335956
O08810_Eftud2,61.3524576866156
O08811_Ercc2,50.37222918657665
O08832_Galnt4,46.9473735429505
O08856_Ell,48.67786467313775
O08908_Pik3r2,48.2053190230011
O08911_Mapk12,54.7645887672312
O08912_Galnt1,50.1543793423487
O08914_Faah,54.80373108400025
O08915_Aip,49.2679246122161
O09005_Degs1,52.48423261657475
O09012_Pex5,44.385710348095
O09053_Wrn,49.0025267761614
O09106_Hdac1,48.7972906140579
O09110_Map2k3,44.0020173380916
O09111_Ndufb11,50.5728336720934
O09117_Sypl1,52.873341713476705
O09126_Sema4d,54.27862714454865
O09130_Nfatc2ip,48.9626450044046
O09131_Gsto1,53.7114204456459
O09158_Cyp3a25,49.9409405210022
O09172_Gclm,47.8679552561543
O09174_Amacr,50.3005215306928
O13297_CET1,49.6944864333517
O13516_RPS9A,41.2330889663398
O13539_THP2,52.1290735355592
O14455_RPL36B,41.8983005352466
O15945_tgo,36.4826350255855
O16000_unc-64,54.5454668063759
O16129_PheRS-m,39.4971678773996
O16198_gst-33,38.8954047024315
O16206_CELE_F29A7.4,36.0132686417775
O16207_F29A7.6,40.9017025298198
O16214_CELE_F17A9.4,39.9651782407477
O16215_CELE_F17A9.5,34.8311033047097
O16216_F17A9.2,37.5791993933169
O16259_sti-1,41.7499127760454
O16267_CELE_F40A3.1,44.8819649701798
O16284_cysl-4,47.1941660895575
O16289_cpr-8,43.6246827145361
O16297_mcm-7,33.715997319565
O16303_dnj-19,41.2776786737645
O16309_fkb-3,41.6631457501215
O16311_C05C8.2,37.2748860621927
O16313_hpo-9,40.9289589637711
O16314_C05C8.1,41.364485973649
O16315_C05C8.7,37.9619439033939
O16318_C10B5.1,42.3361683114048
O16327_irg-1,48.6266372487516
O16338_asp-8,52.4416412850438
O16368_rpt-2,37.2906087708386
O16369_aps-1,41.2979266295137
O16406_C36C5.12,43.2675024193747
O16454_tag-196,42.2374303615121
O16457_CELE_F41E6.5,47.538576433128
O16481_acs-21,34.9117301603752
O16486_natc-2,39.6822152353779
O16497_B0238.1,39.3688784377466
O16519_gad-1,48.4506065100631
O16520_erfa-1,34.6777606570936
O16580_gba-1,47.9024846123363
O16582_mtq-2,42.5027086193503
O16619_dhs-13,39.2926179965867
O16628_CELE_K02F6.7,37.342205890195
O16637_apd-3,45.6592315145623
O16659_C03H5.6,54.4569958492428
O16660_clec-10,40.0581304145038
O16689_sdz-24,48.9521597843882
O16746_btb-9,51.4199024317567
O16784_CELE_T21D12.12,31.7045508267873
O16785_pat-6,36.7912453781791
O16797_RpL3,47.1591499821746
O16898_pals-32,46.1160850134107
O16927_F25G6.8,39.5612654753203
O16928_CELE_F25G6.9,39.8689733112087
O16929_symk-1,41.1654696823833
O16948_pqn-60,39.0039158950245
O16991_ttb-1,39.3660566851288
O16997_CELE_W03F9.10,40.9954754312059
O16999_W03F9.1,44.865330802753
O17003_natc-1,41.4562399184785
O17004_mrps-2,39.019149326094
O17005_mrpl-4,34.0607710127028
O17065_CELE_F23F1.4,51.653580050817
O17066_CELE_F23F1.5,39.8232009641838
O17071_rpt-4,36.3837732719092
O17099_CELE_F42G2.5,46.5139271557561
O17151_C41H7.4,38.7540884004378
O17155_clec-3,41.8275195612195
O17190_math-24,35.5744240090857
O17192_math-22,39.2297088958006
O17214_fum-1,45.0842276141517
O17244_tsr-1,36.1559635018826
O17245_mnat-1,52.057541183176
O17264_nas-27,40.3880697325055
O17287_tomm-22,38.4466487222342
O17323_hda-4,48.5493478537187
O17352_aagr-4,51.7978467725365
O17369_CELE_F48A11.4,40.5366122553061
O17373_pho-14,38.7402544690615
O17396_CELE_F52H2.5,43.6127322954498
O17403_cpsf-2,37.1916927690587
O17405_F09G2.8,48.3786031173399
O17468_Hira,42.8610713057995
O17514_mes-2,44.0909838020235
O17566_gck-4,36.3311884378452
O17577_fbxa-156,35.1106759128343
O17586_pas-1,48.171142652807
O17590_ocrl-1,41.7978218969134
O17599_rap-2,39.1976692432104
O17606_C27H6.8,40.916947475582
O17607_ruvb-1,41.5949878843787
O17616_C29F3.7,45.9709409125922
O17620_C29F7.1,37.3270573873016
O17621_C29F7.2,38.8295403496886
O17622_C29F7.3,38.6949183549207
O17636_ethe-1,40.0505417939246
O17643_idh-2,41.704552762003
O17680_sams-1,41.5900911696961
O17695_hda-1,37.2386767311804
O17698_C53A5.6,41.2785995593287
O17721_C55A6.6,39.1701393030236
O17728_CELE_D1086.5,44.6670337224687
O17730_mpst-1,37.9548658304209
O17731_CELE_D2023.4,40.649116680567
O17732_pyc-1,36.1496214224448
O17741_clec-17,49.6503459171948
O17754_egl-21,41.5534843372451
O17759_tkt-1,38.5958072461479
O17772_pes-7,40.5233509568145
O17773_CELE_F09C3.2,42.5033774672939
O17805_col-98,46.3273270239225
O17829_CELE_F21A3.3,45.0501266481415
O17838_clsp-1,41.9169719712322
O17849_fbxa-95,39.2488180804548
O17850_atx-3,42.0061840211956
O17860_CELE_F37H8.3,42.3370126875051
O17907_ctg-1,44.1966083752295
O17914_enu-3.6,53.4957130236093
O17915_ran-1,45.8262834070337
O17919_K01G5.5,53.56439147101
O17939_aipl-1,39.6209788570593
O17944_CELE_K10C3.5,36.1141318745441
O17949_CELE_K10D11.6,44.8297366065419
O17966_top-1,37.4496361405968
O18000_pes-9,50.7160727710994
O18005_pde-12,38.0613391691199
O18054_pfd-3,35.4613006783485
O18076_clec-47,42.1331906342632
O18125_nyn-1,36.9548574425579
O18131_CELE_T26E3.4,40.909617428135
O18154_tba-7,47.0245487770786
O18155_CELE_T28D6.7,41.1787320649195
O18156_CELE_T28D6.3,51.8839432603553
O18178_pptr-1,39.701308108403
O18183_CELE_W09D10.4,43.8935999567205
O18191_mat-2,41.044041859687
O18197_CELE_Y48E1B.3,49.5189112806828
O18211_mop-25.2,45.6892157622192
O18213_cutl-2,52.1944583242775
O18215_CELE_Y53C12B.1,39.9254086570991
O18216_pno-1,36.1075518519031
O18229_Y57G11C.3,43.9331375908138
O18235_coq-3,37.393612205816
O18246_CELE_Y57G11C.22,42.0166944799649
O18282_frg-1,40.5705233602256
O18307_CELE_ZK909.3,37.8050872906526
O18334_Rab6,42.6041054431837
O18373_SelD,46.6745939847569
O18388_Fs(2)Ket,41.2336264298487
O18391_kraken,44.3209785465373
O18404_scu,44.5446148767293
O18413_Rpt6,40.6241256276114
O18475_mus308,42.4055210210223
O18640_Rack1,48.1794642141993
O18693_acs-2,46.3317899695741
O22126_FLA8,51.8178967702676
O22149_PME17,50.9541821453108
O22173_PAB4,41.9921136231944
O22193_PUB4,48.5002370661081
O22203_CYP98A3,39.8343150370021
O22224_NUP93A,31.9473741232071
O22229_NTRC,52.9221842795398
O22263_PDIL2-1,53.4203166795746
O22265_CAO,40.3346475933946
O22287_CYT1,42.7155252957836
O22446_HDA19,44.5780417633205
O22467_MSI1,48.7871785285986
O22468_MSI2,55.145038636349
O22476_BRI1,46.0059930604986
O22607_MSI4,60.5474003129586
O22609_DEGP1,44.2806951821528
O22682_At3g03630,52.4822432720934
O22715_AP1M2,41.1647397519744
O22718_ACLA-2,43.3564509785691
O22765_TRPA1,42.9188070861083
O22769_At4g02580,48.5143245030468
O22785_PRP19B,52.6222688018612
O22797_GLTP1,50.1958032199632
O22822_UGT74F2,46.1574975216042
O22823_LSM6B,45.0778945682663
O22832_FAB2,41.6511977801831
O22860_RPL38A,46.0077086374396
O22870_FKBP16-3,49.9836238366249
O22886_HEME2,52.871609424951
O22898_LACS1,42.1256200414105
O22899_At2g47250,39.9451420257952
O22922_U2B,43.2550954580841
O22941_PXM16,48.1057186790487
O22969_At2g34160,48.3729561631787
O23034_At1g05350,42.590156734083
O23044_PER3,40.2379266178172
O23049_RPL6,37.0189227422232
O23087_ECA2,38.38527355868
O23140_AP2M,40.4679941989769
O23144_PPI1,43.528668465256
O23166_HCF164,42.2802050118384
O23179_PLP1,57.7193522998383
O23207_At4g36750,46.5004626211378
O23212_U2AF65A,43.5228423715903
O23240_D2HGDH,55.5597253362058
O23247_EMB1027,39.6862535516208
O23252_EIF4E1,48.7263851057217
O23254_SHM4,43.7711183529321
O23255_SAHH1,42.4238898949394
O23264_SBP1,45.3342691180884
O23365_CYP97B3,46.6470708730762
O23402_UGT84A4,46.748018237381
O23403_PPD1,36.7256429721477
O23404_PPDK,42.4461665348141
O23406_UGT75D1,40.7481179368889
O23461_ARA1,41.0682578846106
O23487_BHLH3,45.9043853383814
O23553_BAM3,40.0993924029594
O23614_CTPA2,48.5578349363275
O23617_TPS5,38.0504553239072
O23627_At1g29880,47.9805327581654
O23647_SBE2.1,44.2290236627779
O23654_VHA-A,50.8086735471859
O23657_RABC1,45.7986477734437
O23680_TOC33,38.0766051108438
O23710_PBB1,67.0247617576737
O23715_PAG1,66.8327360812816
O23722_MVD1,46.1832541471675
O24412_RPN8A,49.9442645620866
O24456_RACK1A,51.2144436155022
O24457_PDH-E1,49.8575832182908
O24520_AHB1,48.1080779237912
O24521_AHB2,50.5247781373172
O24616_PAD2,66.7894714057676
O24633_PBD2,47.384716872642
O24653_GDI2,45.2361424338003
O30509_gatB,42.6760087086417
O31404_acoA,49.997157655625
O31429_skfG,41.1339816775394
O31443_ybfA,41.6073856684032
O31446_ybfF,42.3761046082805
O31447_ybfG,43.9853485512928
O31457_ybfQ,48.6012880391998
O31458_gamA,45.0922528643404
O31459_ybgA,45.0727644267738
O31463_ybgG,48.5004812164552
O31474_ycgJ,47.0938734782522
O31475_ycgT,45.9069638626815
O31480_yczG,48.1582655496013
O31484_yczJ,42.6752127248778
O31488_ydaN,43.2715991406796
O31489_ydcI,42.0889544133603
O31494_ydzF,46.7154053148146
O31498_ligA,46.6850086056442
O31501_swrC,43.5314828004785
O31502_dagK,44.087048215935
O31503_rlmCD,43.312695143658
O31504_yeeA,42.1823320570734
O31513_yesJ,46.7084481605865
O31518_yesO,46.4107102239585
O31521_yesR,38.8432635081979
O31523_rhgT,43.6274515645307
O31524_yesU,45.7995621913088
O31528_yesY,59.6064133024003
O31529_yesZ,53.2706454277836
O31530_yetA,40.3083933619214
O31534_hmoA,46.6723669584465
O31543_yfjQ,44.2011631018315
O31544_yfjP,41.372337790703
O31545_yfjO,41.597632471275
O31547_yfjM,46.9179356480107
O31550_acoC,45.0335571296602
O31555_yfjD,43.0436290274269
O31556_yfjC,40.2710722046421
O31560_yfiR,41.2838749396453
O31567_yfiY,54.1441055763384
O31570_yfhB,44.0101023116035
O31580_yfhL,57.7377182627526
O31581_yfhM,40.7665545547581
O31588_yhzB,45.5772873539478
O31590_cspR,44.9916887300762
O31605_yjbG,58.1555817823466
O31606_yjbH,45.9662652959545
O31607_yjbI,48.5654292368752
O31611_yjbM,49.8664816755661
O31612_ppnKA,42.2538585361189
O31613_yjbO,45.9336029322383
O31616_thiO,46.8496859257142
O31618_thiG,47.3677132048528
O31620_thiD,41.0067371808651
O31629_yjcG,48.0325031094976
O31630_yjcH,42.0681144160509
O31631_metI,48.3390057020029
O31632_metC,43.5577365472871
O31634_yjcL,39.6034402035327
O31635_yjcM,47.7311195763495
O31639_yjcQ,37.012366514712
O31641_yjcS,48.3861571895906
O31642_yjdA,41.0433419403202
O31645_manP,39.9927870058138
O31646_manA,46.9649037319567
O31650_yjdI,45.0309388986635
O31656_ykrK,37.8180836059528
O31661_kinE,39.261470858313
O31662_mtnA,42.1187911910712
O31664_mtnU,43.4468435846172
O31665_mtnE,44.1774962058518
O31666_mtnW,41.6064584605865
O31668_mtnB,45.2011875961837
O31671_kinD,42.4624881088639
O31672_mhqR,47.1129074832284
O31673_clpE,45.5106387275932
O31675_queC,43.6025704254613
O31678_queF,51.1800061115786
O31683_ykvR,53.34434089764
O31684_ykvS,37.4494368602506
O31688_zosA,39.0073718422862
O31690_ykvZ,41.6516210214375
O31691_glcT,44.2428424861025
O31697_ykzF,42.4911657599197
O31698_ykuL,43.6869430857484
O31699_ykuV,41.8267361445523
O31702_moeB,42.178912160573
O31703_moeA,46.1968123207915
O31710_yknX,41.8993142532758
O31712_yknZ,37.984742279606
O31714_fruK,44.9248083756686
O31716_ykpA,46.9185440990539
O31717_ykpB,41.559190542685
O31718_ykzG,37.7624692281521
O31720_ykzC,45.2513030607157
O31724_ylmB,59.9725575670644
O31726_ylmD,46.8725462009718
O31727_ylmE,43.0698185451032
O31741_trmD,44.8523978833987
O31742_rplS,47.4013171378003
O31743_rbgA,51.8172184006191
O31749_pyrH,42.1753539871981
O31751_uppS,42.8307108539035
O31753_dxr,41.4252359831204
O31754_rasP,54.9570527435965
O31755_proS,43.0968655571609
O31764_ymfF,50.9365649850918
O31766_ymfH,48.3238028865477
O31767_ymfI,44.1054141774119
O31773_pbpX,41.572333847105
O31774_rny,44.3135848017648
O31775_ymdB,45.0180618357829
O31776_tdh,41.3954364439961
O31777_kbl,42.132081882033
O31778_miaB,43.6214983345785
O31779_ymcA,44.4521621217286
O31782_pksN,36.1505200924418
O31784_pksR,37.4925714257831
O31787_ymaE,51.2122345482541
O31790_ymaD,52.5479533950178
O31795_miaA,32.7405660925583
O31803_yncM,52.7985757522401
O31833_yoaS,39.3160237391917
O31834_yozG,45.8890763645915
O31838_yozI,45.264596395093
O31848_yozC,50.6896953787726
O31849_yojO,42.3917499669859
O31853_yojK,50.2039913525853
O31856_rsbRC,47.8871245127417
O31857_bshB2,52.2853984842058
O31911_yorB,47.9484106685995
O31914_yoqY,41.7286186907223
O31915_yoqX,42.709477731715
O31916_yoqW,39.6021528015925
O31927_yopK,46.6312963343946
O31928_yopJ,43.2198748491015
O31937_yopA,46.6793627705636
O31975_yomJ,40.2528507584516
O31986_sunS,45.098081325306
O31997_yokJ,48.1099328431941
O31998_yokI,53.2478050434221
O32003_yokD,40.1709457230395
O32005_yokB,49.391597283856
O32006_yokA,45.6965753470716
O32007_ypzA,51.0328967077047
O32023_yqzC,36.8845862016118
O32028_mtnN,43.3359295578713
O32030_yrzA,46.1366574281667
O32033_udk,41.6443002647599
O32035_yrrN,44.8877237962608
O32037_tcdA,42.5644898293474
O32038_aspS,43.3441020168063
O32039_hisS,42.2903344473575
O32041_yrvJ,43.6839003803742
O32044_recJ,43.0584300827403
O32047_secDF,35.3700072336734
O32054_queA,48.6734773517435
O32055_ruvB,43.5482865752506
O32057_yrzF,41.9412485618131
O32060_yrbD,49.4710396912445
O32062_safA,52.5749761333732
O32064_ytzA,52.2470784958653
O32065_ytzB,42.9791663737684
O32068_ytzG,47.2742546592726
O32071_ytdP,36.5441468718876
O32075_yuaI,46.7050704057186
O32076_yuaG,38.4496200120025
O32078_yuaE,36.9039723008271
O32090_pncB,42.5718383447416
O32092_yueI,49.4755478618557
O32099_yueD,42.284620063822
O32101_yueB,48.8905522201038
O32107_yuiD,41.0746127719913
O32110_yuiA,37.6818941109388
O32111_yuzG,58.2713353177955
O32114_dapF,46.844149334175
O32117_yutJ,44.914901107012
O32119_yutI,46.5917936610092
O32125_yutF,49.2702778616875
O32127_yutD,50.6242119004142
O32135_yunF,45.5362302470615
O32141_pucL,46.3750207627948
O32148_pucG,48.0718299221915
O32152_yurK,46.799755189987
O32153_frlD,43.3878601387935
O32156_yurO,42.9150806945805
O32157_frlB,43.0187469350539
O32158_yurQ,48.7236879228156
O32159_yurR,41.6274877475909
O32161_yurT,58.3933351409147
O32162_sufB,52.2701736969861
O32163_sufU,42.6302270572309
O32164_sufS,49.2121746331296
O32165_sufD,51.5072356939348
O32169_metN,40.9563583930811
O32174_gcvH,41.0616690384691
O32175_yusI,43.4759584135632
O32176_fadE,42.8217643967104
O32177_fadA,44.1607096704786
O32178_fadN,39.7984852424485
O32182_yusP,39.155710398908
O32183_yusQ,47.9248917305706
O32187_yusU,47.9694765053584
O32192_cssR,46.8756116942049
O32193_cssS,42.1648782029553
O32198_liaS,42.7428674654193
O32199_liaF,41.4073028002622
O32203_yvqJ,35.653516898109
O32204_yvsH,36.8928471096628
O32207_yvgK,41.891972114124
O32210_yvgN,47.789687893678
O32212_nhaK,35.7406703981748
O32214_cysJ,54.0088206170693
O32215_helD,41.9222767732248
O32219_cadA,38.7327461315809
O32220_copA,35.0898342464991
O32223_iolW,43.6728572564447
O32229_yvaG,41.8633463638626
O32230_smpB,45.3490657456906
O32231_rnr,43.7952901134905
O32232_est,41.9257500523114
O32238_yvaP,40.711970272562
O32239_yvaQ,41.5812076353491
O32243_opuCC,52.741956124435
O32247_yvbJ,42.3702568968491
O32248_yvbK,55.3315323977432
O32254_yvbT,42.5508867252557
O32257_yvbW,35.0129767054646
O32264_yvcT,45.9736904122388
O32293_yycN,42.4213586087821
O32294_rapG,42.5751144176702
O32436_med,45.2630088959625
O32437_comZ,42.5539630754109
O34303_ydjA,43.831592703239
O34308_ytkK,41.676768092458
O34309_pps,38.642860875066
O34318_yloU,46.5462362140592
O34324_acoL,42.1473136993523
O34325_ytrP,41.0877975812768
O34327_rapJ,48.095907151231
O34328_gmk,46.1250360409849
O34334_yjoA,51.223256840886
O34335_msmE,43.9391684761915
O34338_mntB,41.7189807699444
O34340_fabF,54.0515974997061
O34347_argG,43.7231440297774
O34348_yfmC,52.2940266679425
O34353_ydjN,41.1148972463027
O34354_uxaB,45.1336480728393
O34358_htrA,48.8702833291334
O34362_ykoD,43.1232938697282
O34365_ytmB,46.9076495204324
O34375_minJ,37.1110165546031
O34381_pksA,48.5155853322603
O34383_yocR,51.369174487745
O34389_malS,45.8127183440033
O34394_yjjA,43.6588271422499
O34399_gltB,45.6754771093846
O34400_yfkA,46.0480739290639
O34403_mutM,44.4478574843358
O34425_gapB,42.4029429183184
O34427_citS,43.979924254372
O34440_yfmI,39.4858632006332
O34442_mgtE,40.1941294223529
O34443_apt,41.9086943371574
O34445_ylbN,39.5495637676497
O34448_yopQ,40.9276865778448
O34452_yrrB,51.5309554975892
O34453_nos,45.7716985099276
O34454_ykaA,45.4073221556746
O34468_ylbP,45.2060712952158
O34469_yeeB,44.0536845698569
O34470_ylbL,45.0614659837245
O34471_ytlQ,41.5443786871383
O34474_yoeA,34.4311644714984
O34475_yfkO,49.1171057600093
O34478_yccF,43.2333787395243
O34484_mapB,45.5963980605638
O34493_ytmA,40.8845834283606
O34496_ytpQ,46.3417958773169
O34498_yopT,50.6213133902356
O34499_pgl,52.096599462515
O34507_prkC,44.217940973429
O34508_ykfB,41.8348743863148
O34512_yfmM,41.3819128763769
O34513_ylbM,44.0504561411776
O34521_nagP,45.4740279068101
O34522_trmB,46.2879149847765
O34526_alaS,43.2485366406697
O34528_yrvN,42.3345895816324
O34529_pfkA,41.209570574762
O34530_rsgA,45.2441101854893
O34534_citT,43.4504871326321
O34536_yfmK,44.3851978671214
O34538_ycdA,46.1707957330133
O34539_yjiC,45.1315067449569
O34542_yflK,55.0131894594299
O34543_mhqE,49.3468229587071
O34558_yopR,47.9283772287886
O34559_yteR,49.7003046885027
O34563_glnH,53.3460520145335
O34569_yoaA,41.9002720689413
O34570_ytlP,46.72977105242
O34577_cysC,42.7029130193117
O34580_pcrA,41.8803398240437
O34586_ylbC,41.2434441248968
O34588_ykuJ,39.1256281725159
O34591_acoB,49.7897536389486
O34592_ydjP,43.8312980721451
O34593_yjqA,38.4546727336136
O34595_thiI,51.54829479099
O34596_yobK,50.1842854659208
O34599_iscS1,45.1503316873483
O34600_nrnA,46.7475806767477
O34607_sdaAA,46.3088167938063
O34614_ytqB,45.0471936218023
O34617_rlmN,43.4052261576854
O34618_ytnA,32.3837507911812
O34621_ycdB,51.2894730224215
O34623_dnaE,40.0079788861556
O34627_pfyP,45.2790382637422
O34628_yvlB,41.1176035080905
O34629_yerH,44.911941578817
O34632_sirB,44.9548023816939
O34633_yjlC,36.2919861782625
O34634_yrrK,38.9961540594778
O34635_sdaAB,44.1758937817686
O34640_yerI,39.5780212502447
O34658_ylbG,44.4354113252495
O34660_dhaS,53.0364969578939
O34661_panE,40.8335015640971
O34664_thiN,50.6151745398283
O34666_ctpA,38.8608956346957
O34667_luxS,48.8425329202579
O34673_uxaA,42.9925780648553
O34676_kamA,46.4793550621471
O34678_ytbE,45.5961319026881
O34687_rpmF,34.205278191071
O34689_mhqA,51.0916229990042
O34691_naiP,35.0884145388928
O34693_yloA,42.5883806630388
O34703_yjoB,50.0032419153314
O34705_ytpA,48.2858388864666
O34712_ytrA,46.4097897205838
O34717_fadH,41.3858279138435
O34720_yjgC,42.6894158376907
O34723_desR,48.6746441137668
O34725_yjhA,47.7563115135923
O34743_ylbA,52.4735824729575
O34745_yodF,41.5194660005088
O34746_fabHA,41.763190903439
O34748_recQ,42.7200678357293
O34757_desK,35.7299762633402
O34758_mltG,39.507004510421
O34759_ydjO,36.7541423624879
O34760_ytnP,47.935990686209
O34762_ohrA,57.9068416524312
O34766_yopS,54.0131186470162
O34768_ydjE,51.9194487361215
O34775_yosT,46.940175803157
O34776_ykuK,44.9923988368113
O34779_prpC,47.3252774420456
O34780_yobF,50.6271765290594
O34782_yvrD,42.7736911405586
O34784_yobI,36.5666378084793
O34788_bdhA,46.1171682497853
O34790_pcrB,39.9357846155287
O34796_yvkC,39.281752230675
O34797_coaD,42.2696068765835
O34798_pdaC,43.2591072205849
O34805_yvrC,42.1967854288515
O34808_uxaC,52.21818865999
O34809_yceG,47.3351677003537
O34812_yfmJ,40.430281612811
O34814_ftsE,43.2148967410596
O34817_yvoA,41.338585484222
O34820_yotM,46.179406546796
O34824_glmM,52.0587655644059
O34825_pksC,46.7510233778446
O34827_ykuM,48.7180764019231
O34829_msmR,40.6928311153105
O34833_yceH,51.34014675328
O34842_mhqD,45.4572555225789
O34847_accA,40.5805239601534
O34851_ykfA,47.8635895065991
O34858_argH,51.1998445348433
O34860_rsbRB,49.7787398488607
O34863_uvrA,45.5014557949424
O34866_yodJ,49.7852981573973
O34876_ftsX,42.7606797442071
O34877_pksD,41.5715611103243
O34881_ytvB,41.3001285492824
O34885_ydiS,44.7542872116337
O34894_ezrA,47.4410264769993
O34897_ykuT,56.1799190477113
O34903_ykoG,43.3081209426906
O34908_ykoX,48.8928519176458
O34909_yerA,47.7749759351025
O34910_yobT,42.5148936492673
O34911_ykoF,49.4891082468107
O34912_hisI,52.2264367222237
O34916_ykuR,48.4737327698063
O34921_ytoI,45.1236597199576
O34925_deoD,51.9378820243085
O34930_rapK,45.6184446226475
O34932_coaE,45.3416499091275
O34934_nadK2,44.1619544350703
O34940_yvrE,47.2310910390593
O34942_recG,43.5245544151173
O34943_ytpR,48.0608429563683
O34947_yoaZ,47.4467168775156
O34948_ykwC,42.8910176548897
O34949_ykoM,44.0016300279925
O34951_bceR,46.5275355510685
O34962_ytsJ,41.2982075281346
O34966_znuA,46.5671287250568
O34968_yerB,58.9119176785614
O34969_yfjR,43.3132726513989
O34973_ytaP,44.8200383884567
O34981_dapH,41.6679520574895
O34989_yvrG,44.354838865113
O34990_purU,42.7471030445912
O34994_ccpN,41.9437346254459
O34996_polA,39.0419331429703
O34997_ykoY,46.3285380432574
O35000_nagB,43.5949398256209
O35007_yvrP,40.4417640693956
O35010_ykfC,46.8766760497991
O35013_ytkD,48.0340458950885
O35014_ykuI,46.449386469083
O35016_yfkJ,41.8249730994758
O35019_yfkK,39.9377004318046
O35020_mnmA,43.3438054438043
O35022_azoR1,47.5890539491833
O35024_mntC,37.5203079425468
O35025_ydiR,46.5054729876361
O35031_acyP,59.645195867936
O35033_coaBC,41.7581526399486
O35041_yfjT,35.423156504747
O35044_bceS,38.93176125753
O35046_yocD,46.780103359318
O35074_Ptgis,57.4276686752619
O35075_Dscr3,46.5629844946517
O35114_Scarb2,52.99034606691765
O35126_Atn1,40.2480190291018
O35127_Grcc10,46.92534696149505
O35129_Phb2,57.6727910000277
O35134_Polr1a,53.2675461631721
O35153_Bet1l,55.0646208426541
O35166_Gosr2,56.6585694032778
O35218_Cpsf2,49.469530052945956
O35226_Psmd4,55.1693333347934
O35239_Ptpn9,43.4024592172453
O35250_Exoc7,41.2827003906543
O35286_Dhx15,49.9920011951116
O35295_Purb,60.575351398396606
O35298_Aoah,43.1549443507065
O35309_Nmi,54.0066639425638
O35343_Kpna4,52.5569568732838
O35344_Kpna3,44.5216318223863
O35345_Kpna6,42.6974146653751
O35350_Capn1,60.8802558244858
O35368_Ifi203,48.6730519859878
O35375_Nrp2,49.10473088683895
O35381_Anp32a,48.450353227996246
O35382_Exoc4,45.6285545112067
O35386_Phyh,43.1616658353969
O35405_Pld3,54.3021539530066
O35435_Dhodh,55.5610565629117
O35448_Ppt2,55.6389510044503
O35450_Fkbpl,49.67623935788875
O35453_Hpn,57.9143315416537
O35459_Ech1,52.8898393204767
O35465_Fkbp8,43.8761649525092
O35473_C1d,48.7142815326136
O35488_Slc27a2,41.4527298218137
O35495_Cdk14,50.105345693479094
O35551_Rabep1,51.1951264618576
O35593_Psmd14,50.1846027608122
O35598_Adam10,50.5704242116453
O35601_Fyb,48.20129518739985
O35604_Npc1,57.75020252160455
O35607_Bmpr2,46.194894546304
O35609_Scamp3,49.5596582823871
O35623_Bet1,51.3847999761106
O35639_Anxa3,52.7390387231796
O35643_Ap1b1,52.7218766245169
O35654_Pold2,51.0805629529396
O35657_Neu1,46.7273690188244
O35660_Gstm6,47.2923651892177
O35678_Mgll,48.4326024950911
O35682_Myadm,46.0155955777771
O35685_Nudc,53.0375240427812
O35704_Sptlc1,50.315583234022995
O35711_Ppfibp2,46.9697900517887
O35728_Cyp4a14,46.7868595900432
O35730_Ring1,48.47580038010755
O35737_Hnrnph1,47.5989076228594
O35744_Chil3,52.1697152701283
O35841_Api5,52.5889430179052
O35855_Bcat2,57.7015786641463
O35857_Timm44,49.0973276419037
O35864_Cops5,54.5760990260064
O35892_Sp100,38.6829114628363
O35930_Gp1ba,56.0645286171974
O35942_Nek2,49.434933414990454
O35945_Aldh1a7,55.8669128562431
O35954_Pitpnm1,48.4351418668382
O35969_Gamt,46.9520147204231
O35972_Mrpl23,44.61173209627235
O43137_YBR085C-A,49.2952916817538
O43272_PRODH,43.6722968718939
O44081_Nop60B,50.6155364544923
O44128_lip-1,38.7642533457992
O44151_C49A9.5,45.759964571275
O44152_C49A9.4,36.7698427590098
O44156_pas-6,49.0916290735439
O44159_CD4.3,44.3562756239781
O44175_rfc-2,36.251589489543
O44183_CELE_ZC416.6,39.2615543577652
O44195_CELE_ZK185.3,37.5923636210815
O44386_scb,46.2085534200583
O44408_kgb-1,37.3970563625668
O44424_Es2,39.5397786625643
O44451_pdhb-1,39.2176573657861
O44481_CELE_F13B6.1,45.3513481039017
O44482_CELE_F13B6.2,49.1661243674198
O44483_CELE_F13B6.3,48.4310284314051
O44499_CELE_R02D3.3,41.516943913662
O44501_fnta-1,41.8725813442844
O44502_cogc-8,38.4664947203737
O44503_CELE_R02D3.1,43.5441671591281
O44507_CELE_F42G8.8,42.2453200136828
O44509_CELE_F42G8.10,41.76682385585
O44510_moc-3,36.7007196680194
O44518_gex-2,42.7349051240711
O44527_CELE_T08B6.4,53.2212059346457
O44537_C53A3.1,41.1366362551456
O44549_acdh-3,32.5182868175664
O44555_alh-5,37.7904485583016
O44565_lam-1,43.85079294996
O44566_CELE_W03F8.4,45.3045776783216
O44568_W03F8.3,35.6883642853851
O44576_gst-21,35.2542873693364
O44608_hacd-1,42.0442694971788
O44727_cpn-4,46.3037780724176
O44730_zig-7,43.6754551493672
O44735_spg-20,41.0150865120056
O44750_app-1,46.9752834370277
O44781_CELE_F33D11.10,43.674361125753
O44787_usp-39,38.9661416701947
O44788_cpn-2,39.6757840512294
O44797_C50D2.3,54.5298695469898
O44871_clec-150,43.5323892471814
O44906_pck-1,39.2691053028431
O44923_CELE_W10G11.19,40.1232686937886
O44952_lonp-1,37.7217718493228
O44954_sdha-2,37.3210673819856
O44962_C45E1.4,41.2640331168213
O44985_teg-4,38.3693197376923
O44992_CELE_K09H9.2,33.9098857217758
O44995_CELE_K12C11.1,43.2571582162826
O45011_CELE_W10C8.5,42.5316235281948
O45012_nol-5,45.462883801446
O45069_C11D2.4,36.5394778630511
O45074_CELE_F53H1.3,40.5660537219449
O45078_C17H12.8,41.0065092829899
O45087_dyci-1,36.2790817360319
O45106_ech-5,35.0115370806803
O45110_mrpl-2,33.863360415658
O45144_C34H4.1,43.3740496823247
O45159_fbxa-65,44.6095006295608
O45218_ads-1,38.7374269186823
O45244_mog-4,42.5042610311961
O45277_C30H6.5,47.3560095474448
O45293_gly-8,41.8673434557872
O45367_CELE_F14H3.6,43.5673984537542
O45379_arl-3,37.0309632448338
O45380_tps-2,38.3363149737561
O45394_CELE_F22B8.7,38.014299856343
O45398_CELE_F22G12.4,36.7911639632272
O45405_exl-1,34.4483554424419
O45417_CELE_F31D4.2,37.599451512182
O45418_fkb-6,43.0431109660594
O45419_clec-264,39.0224316637922
O45430_mccc-1,41.7125378841796
O45431_CELE_F32B6.3,39.8624955560194
O45440_clec-62,40.1126776055817
O45445_clec-66,48.5481821728139
O45458_CELE_F36D3.1,35.0626516318356
O45495_uev-1,41.6623329520615
O45496_CELE_F39B2.3,40.6616668360832
O45502_dnj-12,41.4740998910328
O45518_argk-1,35.062003711744
O45525_CELE_F45H10.2,37.1853700316111
O45569_nep-17,41.0754210808944
O45595_pot-2,39.1447776125655
O45622_erfa-3,38.2913031752872
O45666_nhr-49,40.0842608921927
O45667_dod-17,42.373850550149
O45686_asah-1,38.973289150757
O45687_sodh-2,42.7141338994136
O45707_abhd-11.2,41.9430804899068
O45709_dhs-23,39.8323497013613
O45734_cpl-1,42.6326744611237
O45757_CELE_T06E6.1,41.0526592076219
O45781_drr-2,42.9603699280894
O45812_CELE_T23G11.7,43.214864546646
O45814_CELE_T25C8.1,37.6528024080839
O45815_act-5,43.8535005707918
O45869_pars-2,50.3733072205212
O45873_mec-18,42.7499192121829
O45903_W09H1.5,37.7822925221932
O45904_lec-1,45.9564432448003
O45933_npp-18,42.7349091222177
O45934_CELE_Y43F4B.5,53.5465387963827
O45988_CELE_ZK1037.6,51.2520483936546
O46009_CELE_ZK228.3,46.1574743980188
O46015_tep-1,53.2006990080811
O46036_CtBP,43.5408621396587
O46037_Vinc,46.2181571877475
O46043_Parg,41.911559661247
O46080_CG3857,44.2600978633056
O46098_bcn92,39.9794821788411
O46102_MTPAP,37.7126156319082
O46106_noi,41.2660053448837
O48529_STR9,45.4842381721902
O48549_RPS6A,43.559291974935
O48593_SYNO,45.1742222189178
O48646_GPX6,51.2866597847912
O48661_SPDSYN2,49.3417288743944
O48676_UGT74B1,43.3856286899168
O48721_UROS,46.1526735407792
O48726_RPN13,48.9672543347968
O48741_PORC,41.8106049954237
O48773_PDIL2-3,45.0750517268795
O48781_SPX2,48.5227980444492
O48788_At2g26730,47.5959047715389
O48791_SCAB1,46.0009748644715
O48802_CLMP1,48.2977800990165
O48832_ERD7,42.5457442630467
O48844_RPN2A,49.60108829905
O48847_LUH,44.5651099514674
O48917_SQD1,51.3133614605837
O48946_CESA1,35.4744144124319
O48963_PHOT1,42.1420961579699
O49006_PME3,49.3345865686612
O49048_VPS45,42.8097558040042
O49160_TIF3C1,42.2245959219232
O49195_VSP1,57.4601350564597
O49196_APK2,47.5861593431373
O49203_NDPK3,50.2892864321863
O49290_At1g77060,42.1362014749686
O49292_PPD4,38.4024868565961
O49299_At1g23190,45.2756778100617
O49339_PTI12,40.5490621368878
O49354_COQ3,46.1684965254134
O49377_VAMP711,40.1566419657143
O49453_At4g28440,39.7280233326621
O49482_CAD5,45.5434317130635
O49485_PGDH1,45.7747548434729
O49499_CCOAOMT1,43.8254202035385
O49543_NIFS1,40.6879105912132
O49562_RP1,46.0626782374624
O49603_C/VIF2,41.3034252804731
O49629_PAP2,51.2979012460275
O49675_CCD4,46.1980696988224
O49686_PYR1,46.2142871622618
O50008_MS1,43.132308463066
O50039_OTC,53.1329131576071
O50147_lysZ,83.33958914271045
O54408_relA,41.9760899054823
O54692_Zw10,46.062358452832
O54734_Ddost,50.5352566720714
O54749_Cyp2j5,41.7128798354093
O54774_Ap3d1,47.9612948980204
O54781_Srpk2,53.8598984810886
O54782_Man2b2,52.8562799539198
O54786_Dffa,51.8333014203045
O54790_Mafg,52.26536856466235
O54804_Chka,52.6347136091375
O54824_Il16,64.9371241499109
O54825_Bysl,50.343313995489154
O54833_Csnk2a2,51.4810294484358
O54890_Itgb3,53.1216245132729
O54901_Cd200,57.4901786234729
O54910_Nfkbie,49.2333837016621
O54926_Siva1,48.5500128006106
O54940_Bnip2,51.53382196334025
O54941_Smarce1,51.39379853371815
O54950_Prkag1,46.6734698067534
O54956_Pole2,47.9286653626042
O54984_Asna1,50.69926178074
O54988_Slk,48.6410452648945
O55003_Bnip3,63.2820546461431
O55013_Trappc3,55.1543920144653
O55029_Copb2,52.1503510234627
O55060_Tpmt,51.5851359021942
O55091_Impact,44.10131158022525
O55098_Stk10,45.37920353964875
O55100_Syngr1,49.79615557073015
O55102_Bloc1s1,59.1998752820821
O55106_Strn,51.1433542410756
O55125_Nipsnap1,57.2939597051842
O55126_Gbas,57.5060614925541
O55131_Sept7,55.5190936471107
O55135_Eif6,61.9023708102461
O55137_Acot1,50.544174890277446
O55142_Rpl35a,56.8292712796236
O55143_Atp2a2,41.6549065062427
O55187_Cbx4,50.1760403021814
O55201_Supt5h,48.9135365376942
O55222_Ilk,46.3008097544685
O55229_Chkb,57.3156690679495
O55234_Psmb5,54.7007351353928
O55239_Nnmt,51.8654565437256
O55242_Sigmar1,53.7660971405135
O60200_MDM35,55.1879035204573
O61196_CELE_F37C4.6,45.2146858481995
O61199_ogdh-1,51.8892210820288
O61208_gip-1,42.7340291715629
O61219_daf-31,37.4705480055483
O61235_ctl-1,50.3369900009424
O61304_,40.0267299168471
O61305_Dbp80,37.9378566536111
O61307_Ten-m,43.1339818807811
O61345_peng,42.4338862775908
O61443_p38b,43.0551820175568
O61491_Flo1,40.7294617378981
O61492_Flo2,41.2023241858113
O61518_lys-10,39.7320909843821
O61528_unc-73,30.7132339128565
O61613_Nmt,39.6967801429056
O61709_CELE_R119.3,39.1811299429839
O61710_CELE_R119.2,39.2071722901426
O61741_B0205.6,48.17800013304
O61743_B0205.8,47.3068328627232
O61768_C35E7.10,39.0387183762087
O61790_CELE_R12E2.11,38.8654006284161
O61791_mrps-6,40.191793641035
O61792_rpn-8,41.2078072053392
O61794_suco-1,46.4871596796495
O61817_B0511.7,41.3400459266888
O61820_eif-3.E,40.4635274433717
O61833_prmt-6,35.1106210197674
O61847_cdk-2,45.601344484567
O61856_T26C12.1,38.246054317409
O61861_arx-7,52.1960818023637
O61882_CELE_F59B1.8,42.2913967418395
O61887_CELE_K10C9.3,41.4990647339865
O61900_CELE_W02G9.3,42.3760641573723
O61902_ndx-2,45.674308913686
O61931_ergo-1,46.61708220076
O61955_ife-3,40.0242504351471
O61980_unc-23,50.7483827036007
O62024_clec-222,38.0326324630567
O62025_clec-147,40.1602245231198
O62089_glb-11,39.8022062275148
O62102_pbs-2,48.9542396029204
O62106_eif-6,41.874692533492
O62107_gale-1,37.7414241267682
O62123_fbxa-141,40.9763737140718
O62137_acox-2,41.858806774013
O62139_acox-4,44.8357250320379
O62146_F09B12.3,47.7937190930773
O62178_rme-8,41.3128735219204
O62193_psf-2,40.2691673597839
O62198_CELE_F32A11.1,41.57295335177
O62214_CELE_F33A8.4,36.8657329990018
O62216_CELE_F33H2.6,40.3605893351278
O62219_CELE_F33H2.2,42.4799413289041
O62220_F33H2.3,40.6469180415878
O62246_cope-1,44.132685407401
O62252_F45G2.10,37.9225614953525
O62256_CELE_F52G2.3,38.6704446905013
O62271_lips-9,36.7722306379631
O62272_CELE_F58G1.3,45.6210553904744
O62277_dct-18,46.7663308997015
O62303_CELE_K11D2.1,41.5007933117564
O62316_CELE_M01G12.14,31.8359481596362
O62324_CELE_R05H10.1,39.1985996353294
O62332_imb-2,39.0403751269121
O62334_agl-1,35.8553323799019
O62336_fdps-1,37.6555627855877
O62348_apb-3,40.7891211835767
O62349_CELE_R11H6.5,37.8650878654457
O62390_CELE_W01F3.2,47.3016752167506
O62418_ekl-5,50.8031806610515
O62427_CELE_Y38H8A.2,39.4359435965229
O62431_ers-1,38.5410525803064
O62444_CELE_Y41E3.7,42.6296631094409
O62460_afmd-2,38.3182015752302
O62477_CELE_Y45F10D.7,38.4518700544189
O62481_lact-9,35.0737660706335
O62512_CELE_ZK550.3,35.4153202661483
O62514_CELE_ZK550.5,38.859464137572
O62515_ZK550.6,38.3962684850976
O62519_CELE_ZK795.1,37.715097636517
O62618_Mpk2,40.7653777795334
O62619_PyK,47.455735897937
O62621_betaCOP,45.4453833110689
O64527_At1g79260,50.9943317894
O64530_STR1,40.233227567834
O64640_CXE8,45.7830745376079
O64700_UREG,40.0841277925466
O64725_At2g02510,49.8978786698231
O64733_UGT87A2,46.8072923106813
O64743_MEE23,53.5651322618129
O64765_GLCNAC1PUT2,47.8576215636612
O64793_At1g67520,40.5844105257228
O64816_CKA4,38.2597328881308
O64827_SUVR5,41.4353888921055
O64864_YLS3,48.0025282884867
O64883_BGLU26,44.5087503806087
O65023_EAAC,41.0196408296857
O65041_ECR1,44.3927994901286
O65202_ACX1,55.5097815710416
O65220_CYP28,47.9519309017183
O65258_BAM2,46.1224914043046
O65271_FOLD4,47.7159900227856
O65272_KEA2,41.0186953411999
O65390_APA1,47.9192835658653
O65396_GDCST,42.4741829896763
O65493_XCP1,42.7870510785765
O65570_VLN4,43.7309786663053
O65572_CCD1,50.0744803498561
O65581_FBA5,47.6449308292832
O65660_PLAT1,56.152640604071
O65679_PLR3,41.7111143298401
O65686_RPS16-1,43.6984521055769
O65693_At4g34730,43.8842081952324
O65719_HSP70-3,46.7666474567718
O65782_CYP83B1,35.7871132465571
O65784_CYP71B5,36.6978795843225
O65788_CYP71B2,48.3413476865491
O65896_CDA1,48.4792252070386
O65902_CAP1,47.122153127395
O68260_yoyC,46.0970383176524
O70126_Aurkb,50.6511931248771
O70133_Dhx9,54.8775585600533
O70145_Ncf2,44.615510993531046
O70152_Dpm1,51.1394248187091
O70165_Fcn1,48.6008287561019
O70172_Pip4k2a,56.4414933654956
O70194_Eif3d,46.8697245574397
O70200_Aif1,61.1810256504002
O70251_Eef1b,48.021222156563596
O70252_Hmox2,47.7005178126777
O70274_Ptp4a2,53.1650645115973
O70303_Cideb,44.3970912640795
O70309_Itgb5,54.6726604740324
O70310_Nmt1,57.4078567969775
O70311_Nmt2,53.7762930375956
O70318_Epb41l2,48.9969585190643
O70325_Gpx4,46.8335852100519
O70348_Dxo,55.9308102922776
O70362_Gpld1,60.217832203099
O70372_Tert,57.4444124396241
O70378_Emc8,49.4716424978547
O70456_Sfn,53.0830306123647
O70475_Ugdh,48.0990222386065
O70481_Ubr1,48.10291242150495
O70492_Snx3,45.1134746761304
O70494_Sp3,48.3272170443302
O70503_Hsd17b12,53.734791888154
O70566_Diaph2,41.5211356711857
O70572_Smpd2,50.9903556591153
O70579_Slc25a17,56.523945436955245
O70585_Dtnb,45.9036796920368
O70589_Cask,56.5719042193475
O70591_Pfdn2,58.5098918858476
O75012_MRP10,43.122350590436
O76206_anon-84Ea,37.5365850037239
O76258_tsg-101,38.7952679036082
O76324_dco,38.6744861509923
O76337_ced-6,41.4265768180422
O76365_tut-1,40.1315206000221
O76371_rpt-5,40.0263387096272
O76373_ccpp-1,40.1678928080331
O76387_C24G6.8,44.6196594352713
O76407_CELE_T10B5.3,47.0729778066371
O76409_CELE_T10B5.7,39.472196312181
O76410_CELE_T10B5.8,35.7139975635297
O76430_C24B9.3,49.4345443319538
O76449_CELE_ZK1055.7,42.8247217290629
O76463_nft-1,46.6721524363752
O76464_NitFhit,45.7535161475681
O76511_Ts,43.7114716658987
O76512_smg-2,47.3071657078237
O76561_CELE_F13C5.2,37.9233838502087
O76577_rpn-11,47.7169477651991
O76616_CELE_Y23H5A.3,35.3700104199058
O76628_CELE_Y57G7A.1,53.9283915693193
O76630_emc-2,35.4272092640179
O76632_bgal-2,53.9630850972366
O76638_fbxa-3,47.2413389380411
O76651_CELE_F25E5.5,34.2314685463288
O76677_C04E12.4,42.6559642022414
O76711_CELE_F36H12.9,36.7017740774801
O76725_ctsa-2,49.7853057368105
O76830_,41.1777600437173
O76878_CG11448,46.2847963332524
O76902_rush,38.7828147443111
O76932_Pp4-19C,46.2464909431672
O77051_E2f2,39.2868861991898
O77081_tpst-1,42.0133599988886
O77086_C3G,44.7865947835599
O77237_Pli,40.0473481040495
O77263_CG4045,41.7885585518807
O77277_Torsin,39.1616261063923
O77460_Nurf-38,46.2100698623134
O77469_fbl-1,44.2396878799485
O80345_CDKF-1,41.8494532545098
O80452_AMPD,49.3640429364572
O80476_MES2,56.0102181715058
O80477_MES3,51.6134691041738
O80492_At1g09160,47.3868895176328
O80501_RABH1B,48.3562877056205
O80526_ACLA-3,37.9128361997461
O80543_At1g22800,44.6467355867745
O80574_DAPB1,44.2094774417765
O80585_MTHFR2,42.3510124055621
O80634_PNSL1,37.0381106708782
O80642_GGB,49.8926924473306
O80763_At1g60420,50.3479388482407
O80840_PMM,44.8642687765176
O80842_CPFTSY,41.1602803863945
O80852_GSTF9,44.179694166878
O80860_FTSH2,42.3925577460373
O80885_ARASP,38.2511252897959
O80915_PRA1B4,44.9115669519969
O80925_AGD7,44.518791123451
O80934_At2g37660,45.2568722006205
O80944_AKR4C8,45.3142317589365
O80950_JAL22,54.4889618929039
O80983_FTSH4,43.8908011065649
O80988_GLDP2,50.3986187774974
O81024_EMB1187,47.0446755843399
O81027_HMGCL,40.2057822803586
O81032_GULLO6,44.4169082969522
O81126_RSZ22,51.6369204456629
O81146_PAA1,65.056864965649
O81147_PAA2,68.1908849924805
O81148_PAC1,67.101245580902
O81208_OHP1,49.7584292113845
O81235_MSD1,43.970654257154
O81283_TOC159,39.9148542570542
O81304_PAP11,42.3491056848346
O81439_PAP1,44.2962214079858
O81629_KLCR1,43.3100081075181
O81644_VLN2,45.1942771476745
O81645_VLN3,49.7830118804307
O81742_BETAC-AD,46.5306437810601
O81845_PUMP1,36.2805710839734
O81852_AKHSDH2,36.9641216300497
O82191_NADP-ME1,58.6960830993041
O82197_VPS32.1,45.8469326388696
O82200_MIOX2,45.4673369188019
O82210_PRMT12,40.9642347381184
O82251_TIC20-II,38.6711766319757
O82261_DEGP2,50.5819688040876
O82264_At2g47970,47.580611985583
O82290_SKL2,46.3416969619052
O82291_PAP3,46.3977295940473
O82314_At2g25830,44.1576467123483
O82355_At2g46140,45.0808758482998
O82357_KPHMT1,68.3725073870404
O82359_LCKB2,46.9558420053058
O82392_THIC,60.8203929010509
O82399_PMDH1,44.1053603591578
O82413_At3g46100,43.8249202360456
O82462_At5g26710,41.6258548373077
O82491_SPT16,43.5558377464419
O82499_At4g11175,46.0708904628333
O82533_FTSZ2-1,36.6980714466512
O82656_PTP1,44.0013592974302
O82660_HCF136,45.8790033956372
O82662_At2g20420,51.6440652991741
O82663_SDH1-1,42.8347549813382
O82734_TOPP8,48.6571603817423
O82768_HISN2,48.7123594550979
O82772_BGLU25,52.8395181584283
O82782_HISN3,48.8234549693099
O82796_PSP,46.4198973274731
O87197_uppS,80.92857996758735
O87198_lys20,83.45166206507605
O88324_Cd83,50.2002158617314
O88325_Naglu,58.9790597291861
O88342_Wdr1,57.9697092812887
O88343_Slc4a4,57.7834180119108
O88396_Grpel2,45.1607916410099
O88413_Tulp3,47.908961117641056
O88425_Nme6,55.174926040101
O88428_Papss2,44.9470761255767
O88441_Mtx2,53.37150354885575
O88451_Rdh7,46.2772812758698
O88455_Dhcr7,51.3175525174233
O88456_Capns1,57.468126068971
O88487_Dync1i2,60.2539641280285
O88502_Pde8a,44.5977421768793
O88508_Dnmt3a,46.83118941649525
O88512_Ap1g2,47.1621139839199
O88520_Shoc2,50.4707870269582
O88531_Ppt1,56.2033218936385
O88532_Zfr,55.4543714952899
O88533_Ddc,58.4236249569438
O88543_Cops3,62.328158777615
O88544_Cops4,53.9054691370069
O88545_Cops6,54.6286444730971
O88554_Parp2,47.719594249836206
O88569_Hnrnpa2b1,56.4264006330203
O88574_Sap30,49.100581202963
O88587_Comt,47.4400869647723
O88597_Becn1,49.29993375309295
O88630_Gosr1,52.235996503120745
O88665_Brd7,46.7643310256117
O88668_Creg1,53.5593487433688
O88685_Psmc3,47.0118494308339
O88696_Clpp,54.8653580442327
O88708_Orc4,45.6554086040801
O88736_Hsd17b7,44.01763020352145
O88746_Tom1,50.8874739787528
O88783_F5,50.2848971456442
O88796_Rpp30,59.3976072826377
O88811_Stam2,48.4703615620806
O88822_Sc5d,53.3336715388245
O88833_Cyp4a10,45.9799515257963
O88839_Adam15,52.845825413358554
O88844_Idh1,49.6605139988969
O88845_Akap10,48.1841023414984
O88851_Rbbp9,57.1035366809535
O88852_Tspyl1,50.4784989846845
O88856_Tpst2,56.3300942756724
O88876_Dhrs3,48.7972472698624
O88878_Zfand5,55.7049223263652
O88908_Soat2,52.4625044313267
O88939_Zbtb7a,55.075958496007246
O88947_F10,53.4822415870204
O88952_Lin7c,51.6774265696026
O88962_Cyp8b1,41.3075641810363
O88967_Yme1l1,48.0910042654942
O88983_Stx8,53.7641652854649
O88986_Gcat,59.1380136774771
O89001_Cpd,50.9462660309006
O89013_Leprot,45.548494723035404
O89016_Abcd4,45.4306978139833
O89023_Tpp1,50.9355202983287
O89026_Robo1,57.5481910194623
O89050_Mkln1,54.4134242237112
O89051_Itm2b,58.1047796561471
O89053_Coro1a,48.0730114366228
O89079_Cope,50.7877371710812
O89103_Cd93,48.7718094404873
O89110_Casp8,48.2578464104348
O89112_Lancl1,50.4075770916459
O89116_Vti1a,54.22709840906245
O96433_CycT,41.1438178110537
O96539_Ate1,45.8432805857315
O96651_Top3beta,43.2527753865678
O96827_Ef1beta,47.7657827474006
O96838_fab1,38.2436847566895
O97067_CG1307,40.4918283693701
O97125_Hsp68,41.0910518100584
O97159_Mi-2,39.2308568174903
O97172_CG18508,43.6546844655131
O97394_sdk,38.328389374609
O97420_CG14818,47.3953200745386
O97422_GlcAT-I,39.7045035133936
O97477_Inos,47.0322557938942
P00045_CYC7,54.6677078521351
P00127_QCR6,49.9941390398408
P00128_QCR7,49.6011453644835
P00175_CYB2,50.8442130177529
P00186_Cyp1a2,44.7566525707078
P00330_ADH1,51.6958594275111
P00350_gnd,56.02251268368565
P00358_TDH2,53.6257013062321
P00359_TDH3,55.8496065621331
P00360_TDH1,52.8749775526307
P00363_frdA,54.24916926669865
P00370_gdhA,56.00901745996655
P00375_Dhfr,43.4455017484033
P00393_ndh,48.1777567125244
P00405_Mtco2,53.7058483423029
P00408_mt:CoII,40.3607347762167
P00427_COX6,52.0142217471019
P00431_CCP1,52.8427044230609
P00447_SOD2,52.0184740611812
P00448_sodA,65.54236820875221
P00452_nrdA,49.221286052819295
P00490_malP,54.1224230052292
P00497_purF,46.7406766624134
P00498_HIS1,53.5981267663265
P00509_aspC,58.9573646966697
P00522_Abl,44.4922751485663
P00528_Src64B,37.9871332408665
P00546_CDC28,49.6655373622698
P00547_thrB,53.8136445382759
P00549_CDC19,50.3988382153473
P00550_mtlA,47.87199102383565
P00560_PGK1,52.0852454936734
P00561_thrA,45.9475685641855
P00562_metL,46.11777386248355
P00572_CDC8,50.3611533444794
P00579_rpoD,47.7874443997121
P00582_polA,45.92529273951875
P00635_PHO5,54.4304128683257
P00688_Amy2,54.9904858822557
P00724_SUC2,50.357222186664
P00729_PRC1,53.6243037986911
P00803_lepB,53.311807725516644
P00805_ansB,56.090762936453345
P00811_ampC,54.5424152855288
P00812_CAR1,53.2119637033435
P00815_HIS4,49.2633850072053
P00817_IPP1,52.8606766464329
P00830_ATP2,50.343509158229
P00860_Odc1,48.923604244020254
P00861_lysA,51.7203288063173
P00864_ppc,45.222812301977996
P00887_aroH,42.08789310360965
P00890_CIT1,52.0876292336354
P00893_ilvI,55.1684869212813
P00895_trpE,45.296781893874694
P00899_TRP2,51.2067755261464
P00903_pabA,51.074644387720994
P00904_trpGD,47.5019172490683
P00909_trpC,44.36465599257966
P00912_TRP1,48.70299630322
P00914_phrB,54.8580714988656
P00920_Ca2,51.9817923999256
P00924_ENO1,52.1748203769124
P00925_ENO2,52.552608230469
P00926_dsdA,49.14814288413245
P00927_ILV1,46.4649122659545
P00931_TRP5,51.1308251961801
P00934_thrC,48.50934699570475
P00935_metB,56.1975939085401
P00937_TRP3,50.726899550896
P00942_TPI1,56.8269141542872
P00944_xylA,48.5367955657338
P00946_manA,52.79351840503705
P00950_GPM1,52.4949401311163
P00954_trpS,49.207678377189296
P00956_ileS,55.1476029240711
P00957_alaS,51.6870980427252
P00958_MES1,46.9027089777121
P00959_metG,50.85786230323945
P00960_glyQ,46.9513347837431
P00961_glyS,47.34291560545125
P00962_glnS,49.77230838635235
P00963_asnA,45.38960331450775
P00967_ade3,40.7267467013836
P00968_carB,52.146822469292246
P01027_C3,64.4903942662281
P01029_C4b,61.1057248438113
P01094_PAI3,61.4138068074248
P01097_INH1,59.5941013927677
P01119_RAS1,51.8490668409826
P01120_RAS2,49.706257503227
P01123_YPT1,47.340643461537
P01592_Jchain,59.8893215873978
P01649_,52.0267102066693
P01747_,58.3403377511016
P01800_,62.7482940720735
P01806_,64.3980629872813
P01843_,60.0154265434413
P01867_Igh-3,61.225008852465
P01872_Ighm,57.5483244961636
P01887_B2m,59.17246708962945
P01897_H2-L,50.2580708450456
P01898_H2-Q10,61.0059571284312
P01899_H2-D1,57.5672090615286
P01900_H2-D1,52.2686477603257
P01901_H2-K1,57.0570468214184
P01902_H2-K1,53.5405479354506
P01915_,54.162703075357996
P01921_H2-Ab1,55.67482678037455
P02088_Hbb-b1,57.1227617001174
P02255_His1,45.0788136392953
P02294_HTB2,46.5876892212701
P02309_HHF1,44.0878904639539
P02358_rpsF,46.8810645891101
P02359_rpsG,42.8812163349574
P02381_VAR1,51.515823946009
P02394_rplL,46.7913545601123
P02406_RPL28,42.1918772572498
P02413_rplO,44.52170317679785
P02463_Col4a1,62.0020102641262
P02513_hsp-16.48,40.8011185852726
P02515_Hsp22,42.4815769044607
P02516_Hsp23,43.2393765823374
P02517_Hsp26,42.5298383656106
P02518_Hsp27,40.6678674884093
P02557_TUB2,46.5623914587067
P02572_Act42A,38.2240691047855
P02828_Hsp83,40.9868953624961
P02829_HSP82,50.1977461934091
P02916_malF,63.8452534328825
P02918_mrcA,45.87438658898425
P02919_mrcB,57.0991652683222
P02924_araF,49.1898796810304
P02925_rbsB,66.1547731309009
P02929_tonB,52.4954973484904
P02930_tolC,59.3848127857397
P02931_ompF,50.2275171369893
P02942_tsr,53.72875546584555
P02992_TUF1,51.8542116791718
P02994_TEF1,47.5140869851559
P03004_dnaA,45.571267670631954
P03007_dnaQ,49.7515691030735
P03018_uvrD,45.6219650159482
P03023_lacI,47.621767228306496
P03024_galR,46.54013196608085
P03030_lysR,54.15308201309095
P03813_ygeA,50.4318799642365
P03817_mioC,49.4526917156642
P03819_kefC,49.3611010531059
P03841_malM,56.23311278278635
P03872_REP2,53.8531478853807
P03874_CBP2,45.6951633985334
P03899_Mtnd3,46.4965791324899
P03965_CPA2,49.0498297649666
P03975_Iap,54.8728075991768
P03987_,61.0598320393718
P04036_dapB,55.280275029892096
P04037_COX4,48.7902679001423
P04046_ADE4,49.2383329365535
P04050_RPO21,49.4360043846816
P04051_RPO31,46.2005991152712
P04052_RpII215,44.3617332787008
P04076_ARG4,52.2970045586663
P04079_guaA,53.6462773413712
P04117_Fabp4,59.7726657798103
P04146_GIP,42.9943032276976
P04147_PAB1,49.8357559262108
P04161_ADE8,47.0069652179837
P04186_Cfb,49.2132180080625
P04197_Myb,40.57347471206
P04223_H2-K1,53.7595227928166
P04224_,50.8881949326643
P04282_gag,38.8939368253605
P04335_frsA,49.340249742525145
P04388_Ras64B,41.0086643067763
P04391_argI,66.7344573067406
P04395_alkA,47.6611401603633
P04425_gshB,60.20369340382115
P04441_Cd74,52.317415409852
P04449_RPL24A,41.664300454425
P04456_RPL25,44.6719649941308
P04627_Araf,47.6044994704499
P04650_RPL39,41.6160711360845
P04693_tyrB,48.637649128484
P04786_TOP1,46.2917097934034
P04801_THS1,46.0000787332202
P04802_DPS1,52.010011120935
P04805_gltX,53.7569671216349
P04806_HXK1,47.4369737882101
P04807_HXK2,47.9543003800224
P04816_livK,59.97483156605389
P04825_pepN,48.80031326780445
P04840_POR1,50.5097564631762
P04846_nlpA,47.775983268192846
P04911_HTA1,46.260802379999
P04919_Slc4a1,43.7690704262659
P04939_Mup3,57.6660152058514
P04951_kdsB,57.100709805897495
P04968_ilvA,50.6514725495542
P04970_gpd-1,52.2152367343033
P04982_rbsD,59.3175362990253
P04983_rbsA,45.60938398967955
P04990_thrC,47.9697971269213
P04993_recD,53.2895141632531
P04994_xseA,54.4824866596699
P04995_sbcB,47.5726560047908
P05017_Igf1,58.4075714290716
P05020_pyrC,64.37144175895949
P05030_PMA1,42.2677917241348
P05041_pabB,45.4761692386557
P05042_fumC,53.600025878642796
P05050_alkB,49.7048118466408
P05055_pnp,60.71591886677775
P05063_Aldoc,55.1872499390483
P05064_Aldoa,59.5004902614822
P05096_dnaG,42.511113902212
P05132_Prkaca,48.3694575607287
P05150_ARG3,52.7048039210332
P05194_aroD,49.7808207447396
P05201_Got1,62.2051350283847
P05202_Got2,63.4374760402086
P05205_Su(var)205,42.0253155644849
P05213_Tuba1b,48.817424823741305
P05317_RPP0,47.3524358046278
P05373_HEM2,50.2765365177932
P05374_CHO2,49.1506475480022
P05453_SUP35,47.6583518425513
P05458_ptrA,52.62359983900075
P05459_pdxB,50.59329580624795
P05466_At2g45300,43.7731654048195
P05480_Src,52.7097099201626
P05523_mutM,50.8042623867556
P05552_Adf1,44.8019111308941
P05634_msp-10,47.7426947913348
P05637_apaH,54.0822050631604
P05645_leuB,41.9879595866711
P05648_dnaA,42.5926093465252
P05649_dnaN,43.5550732602336
P05650_yaaA,51.0396034959992
P05651_recF,41.0057685103635
P05652_gyrB,43.4268428726
P05653_gyrA,50.7681937029673
P05657_rpmA,37.7987903910643
P05694_MET6,57.3664859274725
P05704_trg,49.4018830921662
P05707_srlD,45.938870484733
P05719_hsdS,46.7191051531561
P05737_RPL7A,41.3927787328372
P05738_RPL9A,41.8335303405087
P05739_RPL6B,42.7235909542818
P05740_RPL17A,44.247795901236
P05743_RPL26A,43.6409161562227
P05744_RPL33A,42.1780417602137
P05745_RPL36A,41.6199548982703
P05747_RPL29,42.3764517709558
P05748_RPL15A,41.7964037375008
P05749_RPL22A,47.963066747813
P05750_RPS3,42.7414302315584
P05755_RPS9B,42.3237658471392
P05756_RPS13,42.3407032390146
P05791_ilvD,51.3857151158704
P05793_ilvC,49.030562711971996
P05804_uidA,53.188085098615744
P05825_fepA,48.5808818013153
P05827_ilvY,53.75623777867135
P05852_tsaD,54.5787103702857
P05990_r,41.8423473948332
P06101_CDC37,54.0559053663
P06102_NOT3,50.0015579342335
P06103_PRT1,44.8512362986019
P06105_SCP160,46.0465270165791
P06115_CTT1,51.6923321874141
P06129_btuB,57.2669665192564
P06134_ada,46.1909004679413
P06149_dld,53.43322120164685
P06168_ILV5,45.6370182335352
P06169_PDC1,47.7093846814564
P06174_HEM4,45.6932794776387
P06208_LEU4,46.957410831723
P06222_sigE,50.6842529881721
P06224_sigA,44.6609468892328
P06244_TPK1,48.5486312782244
P06245_TPK2,45.2212617987939
P06282_cdh,53.46802590135755
P06330_,61.0139245292085
P06346_H2-Ab1,51.6205804222879
P06367_RPS14A,43.1530183090601
P06525_ADH1,48.9920108325745
P06533_sinR,34.895992334701
P06534_spo0A,49.4557301802564
P06567_dnaI,41.7571750840754
P06605_alphaTub84D,41.2262984807466
P06610_btuE,45.7954287981821
P06612_topA,49.9415986570654
P06616_era,46.360046561640345
P06628_spo0F,56.9399211491641
P06629_ywjG,41.0359324698244
P06634_DED1,44.0512685509568
P06683_C9,51.1096787407842
P06684_C5,57.0030172085388
P06709_birA,42.957117067982054
P06710_dnaX,49.70929014806835
P06715_gor,61.4981822571296
P06720_melA,55.849480363428654
P06721_metC,50.54017801605015
P06738_GPH1,45.3392113159275
P06745_Gpi,52.3067172083041
P06754_Tm1,44.0681155231686
P06774_HAP2,50.8912482098703
P06775_HIP1,50.7539621692508
P06776_PDE2,49.7388024833261
P06780_RHO1,46.521117740928
P06782_SNF1,49.095418876713
P06785_CDC21,51.4416639640385
P06801_Me1,55.5793151334644
P06846_ebgR,56.723292632673704
P06909_Cfh,57.27242965218
P06959_aceF,60.86919618902885
P06961_cca,49.372580790595805
P06966_dicA,51.747136613927495
P06968_dut,64.260668770146
P06971_fhuA,54.6519903824097
P06974_fliM,48.0181892503225
P06983_hemC,65.0649760494923
P06986_hisC,49.2540396221196
P06987_hisB,46.4670496418597
P06988_hisD,65.05502334230806
P06989_hisI,58.140396380480595
P06992_rsmA,47.68953046818275
P06996_ompC,49.9661112716223
P06999_pfkB,59.2472272055808
P07000_pldB,46.2677593697524
P07001_pntA,53.96875494254225
P07003_poxB,54.279840607046395
P07004_proA,61.85531113883105
P07012_prfB,46.9348789164646
P07013_priB,54.9834628054402
P07014_sdhB,54.2690893058124
P07017_tar,50.517114343372555
P07018_tap,48.8994084858423
P07023_tyrA,46.62063754347165
P07024_ushA,58.95179607053515
P07026_sdiA,54.4372127004893
P07102_appA,51.32158975810155
P07109_hisP,53.3697456145119
P07117_putP,52.657369515667355
P07118_valS,51.15859388813605
P07149_FAS1,48.87821988319
P07172_HIS5,45.7871766146519
P07213_TOM70,47.5013930849006
"P07244_ADE5,7",46.71636884679
P07245_ADE3,47.0792725159185
P07246_ADH3,53.2351090454767
P07248_ADR1,50.4382993091383
P07251_ATP1,48.8069905068174
P07256_COR1,43.5204013233795
P07257_QCR2,44.6502473562938
P07258_CPA1,47.1014715402707
P07259_URA2,46.3703586877634
P07260_CDC33,49.8398304435686
P07262_GDH1,53.2758365022309
P07263_HTS1,46.7319136226234
P07264_LEU1,44.6937316994279
P07267_PEP4,52.9588861443918
P07269_PHO2,46.930113086123
P07270_PHO4,51.5407219445653
P07273_DST1,49.4942671236093
P07274_PFY1,52.3084732013545
P07275_PUT2,50.3286756045802
P07277_ERG12,51.590110857665
P07278_BCY1,46.5757638993323
P07280_RPS19A,44.3570408924046
P07281_RPS19B,44.680699168507
P07283_SEC53,50.2749084106603
P07284_SES1,47.7924798681325
P07285_TRP4,50.3072201119762
P07310_Ckm,48.6859462863575
P07330_cheB,46.94655328161255
P07342_ILV2,45.652267942076
P07343_fumC,53.3273040876891
P07356_Anxa2,54.8585353241512
P07363_cheA,48.05431462728595
P07395_pheT,52.29928052368315
P07464_lacA,55.1944950083208
P07486_Gapdh1,47.7795712818089
P07487_Gapdh2,47.4022296506708
P07560_SEC4,47.3433314092917
P07601_trpA,42.6800503311517
P07604_tyrR,44.4923226007839
P07639_aroB,51.216298630593144
P07648_recC,49.8460995194884
P07649_truA,55.4003082584213
P07650_deoA,50.3654705437256
P07654_pstA,65.1745311483805
P07664_Sry-delta,43.4341626784149
P07702_LYS2,47.7178735605065
P07703_RPC40,48.3568692763931
P07735_Gpdh,44.2044705463195
P07742_Rrm1,45.9536246390433
P07759_Serpina3k,58.1829775319861
P07762_glgB,59.1036244184081
P07764_Ald,46.8823759922652
P07806_VAS1,49.4063200157877
P07813_leuS,51.14220262712575
P07819_sacA,48.9393419305939
P07821_fhuC,65.1253294360207
P07822_fhuD,60.603530728679
P07860_sigF,42.9475432670938
P07862_ddlB,48.98583184383655
P07901_Hsp90aa1,44.8292676691981
P07909_Hrb98DE,44.4490003062026
P07913_tdh,53.260630794051394
P07991_CAR2,48.2186587407664
P08003_Pdia4,50.0934614596912
P08018_PBS2,54.8974360328375
P08030_Aprt,53.3500585784976
P08032_Spta1,50.208627992956
P08064_sdhC,48.6154096965246
P08065_sdhA,43.434782778791
P08066_sdhB,41.9529474919776
P08067_RIP1,53.9301113276885
P08101_Fcgr2,58.7921348174457
P08111_l(2)gl,40.6886373684106
P08113_Hsp90b1,49.7543026822259
P08120_Cg25C,44.5334048425136
P08142_ilvB,54.92473713290855
P08164_nadE,46.3542463854198
P08178_purM,50.4907005473693
P08179_purN,48.0625437303584
P08181_CkIIalpha,42.3416757956521
P08182_CkIIbeta,43.7237347562938
P08192_folC,48.38772051037055
P08194_glpT,53.057537243876254
P08200_icd,52.65993683614245
P08201_nirB,49.0794513305142
P08202_araA,53.03426866555475
P08204_araB,56.78332761227355
P08207_S100a10,57.7638396817985
P08244_pyrF,52.27599823440025
P08249_Mdh2,55.1427103012863
P08312_pheS,52.02965298653075
P08331_cpdB,57.8976372331679
P08337_mutT,54.4034937305114
P08368_creB,48.5895612692661
P08373_murB,48.91365452539985
P08390_usg,44.049653683601605
P08394_recB,49.2460531431574
P08395_sppA,56.3470737865235
P08400_phoR,49.5534489550051
P08417_FUM1,50.0891937617551
P08432_SPE1,47.6328804503188
P08465_MET2,45.2614693268941
P08495_lysC,41.7015528903201
P08506_dacC,49.761188772022095
P08508_Fcgr3,57.3444827431657
P08518_RPB2,49.8373092252115
P08524_ERG20,47.6681096885891
P08536_MET3,51.2565636348321
P08556_Nras,49.473565552551
P08566_ARO1,44.619187947533
P08622_dnaJ,46.835239120599496
P08645_R,38.050466535349
P08660_lysC,51.62492902410095
P08679_CIT2,47.3199694833371
P08680_Alas2,58.0191188501019
P08736_Ef1alpha48D,39.9095242780515
P08750_dacA,53.7528818640325
P08752_Gnai2,45.2779693099691
P08761_Eip71CD,42.7902171365473
P08821_hupA,39.4578398020138
P08838_ptsI,49.2775072864022
P08839_ptsI,48.775956682876995
P08841_betaTub60D,42.7747496220919
P08874_abrB,38.5949073569523
P08877_ptsH,51.263564722335
P08905_Lyz2,60.6437979004854
P08928_Lam,44.5113184897022
P08953_Tl,43.1907752450209
P08956_hsdR,44.634929514691095
P08957_hsdM,45.7411052152139
P08970_su(Hw),43.9966937149488
P08985_His2Av,43.2496124985708
P08997_aceB,47.742191138191004
P09029_purK,57.2098613620443
P09030_xthA,43.011435901965854
P09053_avtA,55.455882570247155
P09064_SUI3,51.0814978708036
P09099_xylB,55.470370543555596
P09103_P4hb,52.78389072328865
P09122_dnaX,44.0177495927465
P09124_gapA,45.8918913488742
P09126_hemD,46.6019315238655
P09127_hemX,64.3337997886213
P09147_galE,49.61201808680245
P09148_galT,58.18880171963585
P09151_leuA,45.6722815260661
P09152_narG,53.7230023109391
P09155_rnd,49.9612620234905
P09158_speE,56.5072811853884
P09169_ompT,63.5441344795318
P09180_RpL4,42.3350108653126
P09208_InR,43.327483225049
P09232_PRB1,50.9278518390029
P09323_nagE,50.760388265871995
P09339_citB,39.1326321057601
P09372_grpE,55.1580709358302
P09373_pflB,52.145183287535204
P09394_glpQ,54.9910666375557
P09405_Ncl,59.6603329157025
P09411_Pgk1,50.1318145760684
P09424_mtlD,50.630737272397454
P09436_ILS1,50.208426208763
P09440_MIS1,43.3626877904179
P09446_hsp-1,44.4000490229974
P09468_atpE,42.6753920807593
P09470_Ace,58.5885202724709
P09528_Fth1,61.0843112121329
P09546_putA,45.5218976697583
P09549_dedD,58.06635903281785
P09551_argT,50.6517913615493
P09581_Csf1r,46.2939491171802
P09624_LPD1,54.8706894692568
P09733_TUB1,47.4510687715506
P09734_TUB3,49.9606100296544
P09803_Cdh1,57.9558500436029
P09831_gltB,55.0697349762902
P09832_gltD,50.571912334858155
P09833_modC,54.14388550020375
P09880_TRL1,44.164574124322
P09938_RNR2,53.2348370410649
P09950_HEM1,45.5133717224385
P09956_z,41.0405463189139
P0A698_uvrA,51.6914025297982
P0A6A0_ubiB,54.6050590679706
P0A6A3_ackA,55.32185095390655
P0A6A6_leuC,43.428670065037
P0A6A8_acpP,63.897320617377
P0A6B4_alr,46.0652528290878
P0A6B7_iscS,49.4665084910123
P0A6C1_nfo,64.8518968928648
P0A6C8_argB,50.18336945511125
P0A6D0_argR,52.77760862017135
P0A6D3_aroA,53.24414716171125
P0A6D7_aroK,49.505155793770456
P0A6E1_aroL,48.37648231395975
P0A6E4_argG,44.1174533063228
P0A6E6_atpC,64.0123600114655
P0A6E9_bioD2,54.491372428308
P0A6F1_carA,50.0485289461173
P0A6F3_glpK,53.37253137260185
P0A6F9_groS,64.4758891284493
P0A6G3_pncC,65.1619560991143
P0A6G7_clpP,56.736566068327505
P0A6H1_clpX,51.54436993725855
P0A6H5_hslU,49.04933922735765
P0A6H8_clsA,52.3274755542154
P0A6I0_cmk,49.27510376869975
P0A6I3_coaA,46.42330704217045
P0A6I6_coaD,66.766488060172
P0A6I9_coaE,50.02058577864655
P0A6J3_cysZ,58.43905677096855
P0A6J5_dadA,49.005186507764094
P0A6J8_ddlA,49.1312393394089
P0A6K1_dapF,51.85113474286375
P0A6K3_def,61.4799512530995
P0A6K6_deoB,53.51984938796135
P0A6L0_deoC,57.03621945983805
P0A6L2_dapA,59.02619938231075
P0A6L4_nanA,56.78762043391475
P0A6L7_uxaB,51.4450383558904
P0A6L9_hscB,53.06427156052065
P0A6M2_dsbB,55.7341728677458
P0A6M4_dtd,53.482004933037004
P0A6M8_fusA,55.680697986453055
P0A6N4_efp,52.92353287207485
P0A6N8_yeiP,48.0297691994833
P0A6P1_tsf,61.7681928371858
P0A6P5_der,43.355861370820705
P0A6P7_engB,47.47089130845595
P0A6P9_eno,54.6132909984652
P0A6Q3_fabA,63.290939886716544
P0A6Q6_fabZ,51.1477918894395
P0A6R0_fabH,51.4183687008005
P0A6R3_fis,57.1740760833627
P0A6S0_flgH,60.29999721444335
P0A6S3_flgI,49.2321823290626
P0A6S7_gpsA,51.510635906969654
P0A6T1_pgi,57.167179865415
P0A6T3_galK,50.58349773262705
P0A6T5_folE,66.7691305378935
P0A6U3_mnmG,47.3571213731433
P0A6U5_rsmG,56.409910079947394
P0A6U8_glgA,46.14063627089455
P0A6V1_glgC,63.934667362594
P0A6V5_glpE,56.963366877313305
P0A6V8_glk,47.7113622188106
P0A6W0_glsA2,66.1679439214792
P0A6W3_mraY,42.8870678456212
P0A6W5_greA,45.1505812588434
P0A6W9_gshA,49.172633916771346
P0A6Y1_ihfB,54.67372495869655
P0A6Y5_hslO,55.0918415139995
P0A6Y8_dnaK,52.6801299987595
P0A6Z1_hscA,47.94876428884235
P0A6Z3_htpG,57.3151803848105
P0A6Z6_nikR,62.57791379478385
P0A705_infB,47.14936720513565
P0A707_infC,53.54996294676985
P0A715_kdsA,48.974126494575046
P0A717_prs,52.2505854580157
P0A720_tmk,51.5360592282443
P0A722_lpxA,59.241691520525805
P0A725_lpxC,47.06541642224475
P0A729_yceF,49.1842235081093
P0A731_mgsA,63.409373833253
P0A734_minE,59.4977796477238
P0A738_moaC,65.9044792891933
P0A742_mscL,65.4834435880375
P0A744_msrA,49.52916293092135
P0A749_murA,52.3921964128176
P0A752_nadD,53.76917673641605
P0A754_kefF,47.1019536353926
P0A756_kefG,56.0923767868852
P0A759_nagB,58.2372556771941
P0A761_nanE,48.488435841679646
P0A763_ndk,47.49494475678215
P0A780_nusB,51.0826249425361
P0A784_orn,55.4344800247682
P0A786_pyrB,55.774785295734446
P0A794_pdxJ,54.90487704622355
P0A796_pfkA,56.239847044320754
P0A799_pgk,56.79071509625685
P0A7A2_gpmB,47.117368072731594
P0A7A5_pcm,42.09855952636145
P0A7A7_plsB,48.7136218194872
P0A7B1_ppk,47.8769867767418
P0A7B3_nadK,55.938299509166896
P0A7B5_proB,46.47028576934515
P0A7B8_hslV,55.76854271353545
P0A7C2_lexA,52.2340796648676
P0A7C6_pepE,55.53292517947135
P0A7D1_pth,51.47866044974355
P0A7D4_purA,50.503188501314455
P0A7D7_purC,47.619893421586
P0A7E1_pyrD,51.9303269883496
P0A7E3_pyrE,60.39476363485585
P0A7E5_pyrG,50.36215153704104
P0A7E9_pyrH,55.4456924916708
P0A7F3_pyrI,59.3061223424521
P0A7F6_speD,64.48958087831555
P0A7F9_queA,45.91196727107655
P0A7G2_rbfA,55.404576189173454
P0A7G6_recA,46.233568011307355
P0A7H6_recR,51.547169594628954
P0A7I0_prfA,52.451858894370304
P0A7I4_prfC,48.649299051789995
P0A7I7_ribA,63.0549603688535
P0A7J0_ribB,50.3228423460659
P0A7J3_rplJ,51.20666282707555
P0A7J7_rplK,48.94635870587091
P0A7K2_rplL,50.0875018664972
P0A7K6_rplS,49.314473892794496
P0A7L0_rplA,46.4843687232096
P0A7L3_rplT,47.91697689418335
P0A7M2_rpmB,46.119776648598204
P0A7M6_rpmC,48.4897442587654
P0A7N1_ykgM,50.6125240903775
P0A7R1_rplI,47.471281311339695
P0A7R5_rpsJ,48.6857235727313
P0A7R9_rpsK,48.550989181047896
P0A7S3_rpsL,46.04443625953545
P0A7S9_rpsM,45.4256353114501
P0A7T3_rpsP,48.5594481678842
P0A7T7_rpsR,44.96571218109705
P0A7U3_rpsS,47.9106935526526
P0A7V0_rpsB,43.7091859857358
P0A7V3_rpsC,42.920403001762
P0A7V8_rpsD,43.1418297397695
P0A7W1_rpsE,44.958809678568
P0A7W7_rpsH,47.363314046868794
P0A7X3_rpsI,45.931561890165355
P0A7X6_rimM,51.04293530694465
P0A7Y0_rnc,43.7688060489925
P0A7Y4_rnhA,51.608090833291854
P0A7Y8_rnpA,45.2048979122292
P0A7Z0_rpiA,54.06531930106035
P0A7Z4_rpoA,58.47113084571809
P0A800_rpoZ,59.1479254367858
P0A805_frr,47.400149281468
P0A809_ruvA,62.89105538301504
P0A812_ruvB,47.0554727924582
P0A814_ruvC,57.9747079747251
P0A817_metK,54.19399137453365
P0A821_selA,52.9696721457402
P0A823_sfsA,54.9851836298341
P0A825_glyA,60.7193406018869
P0A830_dctA,55.0047839498538
P0A832_smpB,48.9452414614752
P0A836_sucC,52.349090849270496
P0A840_surE,46.904126314018754
P0A847_tgt,52.1390007037208
P0A850_tig,45.7613353820164
P0A853_tnaA,52.2228576782782
P0A855_tolB,49.86989598746815
P0A858_tpiA,53.336523207700054
P0A862_tpx,62.158385389012594
P0A867_talA,51.562581967423654
P0A870_talB,49.95096028257265
P0A873_trmD,46.46733804687776
P0A877_trpA,51.0742270346105
P0A879_trpB,50.9833418191856
P0A881_trpR,64.4197823596194
P0A884_thyA,47.33663457397825
P0A887_ubiE,47.182708262964255
P0A890_tusA,55.8692391471659
P0A894_rapZ,55.869747643232
P0A898_ybeY,52.2677795444594
P0A8A0_yebC,47.7582621555971
P0A8A2_yeeN,50.392446088863196
P0A8A4_ppsR,45.837703110817756
P0A8B2_yfcN,45.1398637851543
P0A8B5_ybaB,61.1527575269392
P0A8C1_ybjQ,56.38383464939935
P0A8D0_nrdR,51.05466921814585
P0A8D3_yaiI,57.636906158862246
P0A8D6_ymdB,48.6467838581826
P0A8E1_ycfP,42.83331105971445
P0A8E7_yajQ,51.46379484902205
P0A8F0_upp,53.03453853514985
P0A8F4_udk,47.7330894173896
P0A8F8_uvrB,44.023658807755
P0A8G0_uvrC,45.3176701121671
P0A8G3_uxaC,49.993597458888544
P0A8G6_wrbA,53.785033517802
P0A8H8_yacG,58.8090756858885
P0A8I1_yqgF,54.54652443608995
P0A8I3_yaaA,42.40800464673935
P0A8I5_trmB,45.82310049188255
P0A8I8_rlmH,49.401139144826146
P0A8J8_rhlB,44.0546333312805
P0A8K1_psd,54.3156106280874
P0A8K5_yaeP,50.41402244318755
P0A8K8_yihY,63.180906690646
P0A8L1_serS,54.89805678081365
P0A8L7_yciU,42.58056782057115
P0A8M0_asnS,56.27463788305565
P0A8M3_thrS,49.12506148650105
P0A8N0_matP,48.2591923712794
P0A8N3_lysS,47.0664160470113
P0A8N5_lysU,48.3225399531797
P0A8N7_epmA,48.362753772538454
P0A8P3_yggX,49.8840658640598
P0A8Q0_frdC,53.14024401695
P0A8Q3_frdD,65.5310610636631
P0A8Q6_clpS,56.9147450439317
P0A8R4_slyX,59.6267727964592
P0A8R7_ycjF,57.60227851526785
P0A8S1_argP,50.605355093518654
P0A8S5_uspB,60.3863365414831
P0A8T1_prmA,53.0546344883898
P0A8T7_rpoC,50.2025102340557
P0A8U0_syd,45.16646451598665
P0A8U2_yafD,48.4365097987558
P0A8U6_metJ,56.3157019141824
P0A8V0_rbn,54.112771916930996
P0A8V2_rpoB,49.9088728005301
P0A8V6_fadR,54.6163157333564
P0A8W0_nanR,50.38441577568205
P0A8W2_slyA,50.6263229736387
P0A8W5_yqgE,52.5710909819565
P0A8W8_yfbU,59.20322022630995
P0A8X0_yjgA,64.9429300754743
P0A8X2_yceI,60.5235107210381
P0A8Y3_yihX,50.056835636905845
P0A8Y5_yidA,46.7664327511663
P0A8Z0_yciA,54.8155870827686
P0A8Z3_ybgC,52.129538519919706
P0A8Z7_yqiA,52.861799560955
P0A901_blc,56.17042690234365
P0A915_ompW,66.8616425726454
P0A917_ompX,39.281069275191
P0A921_pldA,65.42021372810845
P0A924_pgpB,46.4098783587661
P0A927_tsx,56.59271723343555
P0A932_gfcE,63.088189020179
P0A935_mltA,65.889286943979
P0A937_bamE,64.9336412456858
P0A940_bamA,53.4579071798272
P0A944_rimI,44.0519692166921
P0A948_rimJ,51.827424335942496
P0A951_speG,50.24628174974265
P0A953_fabB,48.86734490620725
P0A955_eda,66.7670068750248
P0A959_alaA,52.8189364783479
P0A962_ansA,52.16091023614295
P0A964_cheW,47.6630962446184
P0A968_cspD,64.5686158940593
P0A972_cspE,64.5187338270787
P0A988_dnaN,50.330845339507704
P0A991_fbaB,65.4197344185572
P0A993_fbp,47.33136321963285
P0A998_ftnA,61.651492358664854
P0A9A2_ftnB,53.5887245245517
P0A9A6_ftsZ,54.7713466486877
P0A9A9_fur,64.0750375361341
P0A9B2_gapA,61.437641560033896
P0A9B6_epd,49.406370844097296
P0A9C3_galM,50.126116462188804
P0A9C5_glnA,64.10834312394769
P0A9C9_glpX,48.02529463617715
P0A9D2_gstA,51.5728810590713
P0A9D4_cysE,60.61747575900665
P0A9D8_dapD,59.6014055310993
P0A9E5_fnr,48.44749178443425
P0A9F1_mntR,53.2370905597605
P0A9F3_cysB,47.8139952658857
P0A9F6_gcvA,47.86558117829175
P0A9G6_aceA,43.62973272859565
P0A9G8_modE,49.29529782591925
P0A9H1_mug,43.9374368001904
P0A9H3_cadA,45.975823939993
P0A9H5_btuR,54.9343894014282
P0A9H7_cfa,45.069132927480254
P0A9H9_cheZ,55.1021808950852
P0A9I3_gcvR,51.25612839636
P0A9J0_rng,50.6088805417878
P0A9J4_panE,58.4948836379101
P0A9J6_rbsK,54.60990868303115
P0A9J8_pheA,46.95585407535215
P0A9K3_ybeZ,55.0327248122623
P0A9K7_phoU,49.9210276815242
P0A9K9_slyD,49.4352519750306
P0A9L3_fklB,53.5045950889137
P0A9L5_ppiC,50.5201201471684
P0A9L8_proC,53.663833652028046
P0A9M0_lon,45.16811594534665
P0A9M2_hpt,53.01986390719475
P0A9M5_gpt,61.38501858371985
P0A9M8_pta,49.09265650103315
P0A9N0_ptsO,51.18975121764145
P0A9N4_pflA,48.32282840643035
P0A9P0_lpdA,52.77535095761265
P0A9P4_trxB,61.55516651733165
P0A9P9_idnO,49.4457309024262
P0A9Q1_arcA,51.627886024702846
P0A9Q5_accD,53.13976076945245
P0A9Q7_adhE,42.6731260735316
P0A9Q9_asd,59.0940999387467
P0A9R4_fdx,64.7177419278086
P0A9R7_ftsE,48.631637177471
P0A9S1_fucO,55.227687388068446
P0A9S3_gatD,48.2305705449131
P0A9S5_gldA,62.2083959398571
P0A9T0_serA,50.84789918927015
P0A9T4_tas,48.8475306702464
P0A9T8_ybbA,49.88945629246865
P0A9U1_ybhF,62.4256198435115
P0A9U3_ybiT,43.6712489279709
P0A9U6_puuR,52.4140329014178
P0A9V1_lptB,47.543649755040846
P0A9V5_yiaG,51.4233808801197
P0A9W0_ulaR,52.70169060938595
P0A9W3_ettA,44.764772501585654
P0A9W6_ibaG,55.2592319430683
P0A9W9_yrdA,64.78920652486
P0A9X1_znuC,57.9968198859635
P0A9X4_mreB,45.63868201616225
P0A9X9_cspA,64.1501859444098
P0A9Y6_cspC,64.6607159753581
P0A9Z1_glnB,66.9389103603994
P0AA04_ptsH,54.5604018757922
P0AA10_rplM,45.3523390278943
P0AA16_ompR,48.9662158056295
P0AA31_yedF,64.3404672928666
P0AA37_rluA,51.6755804909637
P0AA39_rluC,56.48847491895715
P0AA43_rsuA,46.405533704056595
P0AA53_qmcA,47.8576151663885
P0AA57_yobA,62.2588656896516
P0AA63_yqjA,56.1179993643457
P0AA78_exuT,65.4349637503755
P0AA84_clsB,48.19905511074795
P0AA86_dsbE,60.5348435039585
P0AA89_dosC,47.4629833129566
P0AA91_yeaY,57.00044719333345
P0AA93_ypdA,49.7126141768578
P0AAA1_yagU,53.925076831081796
P0AAA7_wzxE,64.6629642580412
P0AAB4_ubiD,47.67315566552
P0AAB6_galF,44.13456890489305
P0AAB8_uspD,61.507490371010704
P0AAC0_uspE,52.55338002545385
P0AAC4_ybhL,65.1115690088798
P0AAC8_iscA,52.0740751177507
P0AAD2_mtr,45.762612623988
P0AAD6_sdaC,45.2554430961486
P0AAE0_cycA,45.5028602280191
P0AAE2_proY,50.9713083895741
P0AAF6_artP,46.95433239595225
P0AAG0_dppD,51.78132731624275
P0AAG3_gltL,46.45734484467055
P0AAG8_mglA,42.99319656394864
P0AAH0_pstB,50.63950065513815
P0AAH4_sapD,50.88640644519235
P0AAH8_sapF,54.437100859761856
P0AAI3_ftsH,52.3568677016755
P0AAI5_fabF,52.892989453667354
P0AAI9_fabD,56.77517307501995
P0AAJ1_ynfG,57.369199318767
P0AAJ3_fdnH,65.2160560839114
P0AAJ5_fdoH,66.8496454621985
P0AAJ8_hybA,55.9123556903566
P0AAN1_hybE,51.0298610711534
P0AAN3_hypB,50.249897666306055
P0AAN9_iraP,46.1584505946261
P0AAP3_frmR,61.5447564600094
P0AAQ6_ybaA,49.3069615354565
P0AAR0_tomB,50.1134022782709
P0AAR3_ybaK,51.19471321911445
P0AAS0_ylaC,60.7215948364708
P0AAS7_ybcJ,53.9842337533218
P0AAT2_ybdF,54.0647940259001
P0AAT4_ybdG,51.03350547298615
P0AAT6_rsfS,49.6868275842023
P0AAT9_ybeL,52.9077066885553
P0AAU7_ybfE,57.0968184901646
P0AAV0_ybgE,57.0290614983095
P0AAV4_ybgJ,50.1528282331175
P0AAW1_ybhP,46.86331339713575
P0AAX8_ybiS,46.172595718393055
P0AAY1_bssR,54.7156221960114
P0AAY6_ybjN,50.077574051214
P0AAZ4_rarA,45.95699484117995
P0AB01_elyC,49.311034251634
P0AB03_ycbJ,44.938793763779
P0AB12_yccF,56.18903811261415
P0AB14_yccJ,64.1792708574209
P0AB18_tusE,54.99348925030595
P0AB20_hspQ,53.101417637364
P0AB24_efeO,51.2091569519092
P0AB28_yceD,58.426652332409
P0AB38_lpoB,58.919487328945095
P0AB43_ycgL,53.7575847502581
P0AB46_ymgD,55.6213536134318
P0AB52_ychN,66.6081756332909
P0AB55_yciI,49.6990682655308
P0AB58_lapB,49.59454524231005
P0AB61_yciN,47.8268864993801
P0AB65_yccX,64.7768191751278
P0AB67_pntB,50.951856755553905
P0AB71_fbaA,51.3922247242512
P0AB77_kbl,49.7631481312134
P0AB80_ilvE,51.40058421445985
P0AB83_nth,47.9473257636656
P0AB85_apbE,61.3812188981739
P0AB87_fucA,65.1563285380123
P0AB89_purB,49.7049151696446
P0AB91_aroG,48.558048411352004
P0AB98_atpB,64.9401359640775
P0ABA4_atpH,59.77591909710135
P0ABA6_atpG,52.921637115558
P0ABB0_atpA,54.70824613826035
P0ABB4_atpD,54.942304370489595
P0ABB8_mgtA,50.3540036654462
P0ABC3_hflC,56.79763632449555
P0ABC7_hflK,57.9627864717926
P0ABC9_betT,51.1352884554597
P0ABD5_accA,53.3903661892003
P0ABD8_accB,57.66123875034285
P0ABE2_bolA,51.734130282719605
P0ABE5_cybB,59.8448471614846
P0ABF1_pcnB,47.32064873232045
P0ABF4_eutM,58.783450818799054
P0ABF6_cdd,59.924889665942146
P0ABF8_pgsA,54.7736832331166
P0ABG7_mrdB,55.162512374138004
P0ABH0_ftsA,46.7053646588188
P0ABH7_gltA,55.892472825627
P0ABH9_clpA,46.506866658114006
P0ABI4_corA,51.44068038911845
P0ABI8_cyoB,51.4410572118255
P0ABJ1_cyoA,51.9185459958669
P0ABJ3_cyoC,54.4381224226673
P0ABJ9_cydA,48.9161146019099
P0ABK2_cydB,61.72560868284975
P0ABK5_cysK,64.354766218853
P0ABK9_nrfA,55.66873893223975
P0ABL1_nrfB,60.9535056310727
P0ABL3_napB,56.065269429678
P0ABL5_napC,51.8052065136898
P0ABM1_ccmC,64.1526311160214
P0ABM9_ccmH,56.76953452151
P0ABN1_dgkA,63.8180058597089
P0ABN5_dcuA,44.161379977043
P0ABP3_dcuC,55.65487374793165
P0ABP6_dedA,44.8098179253641
P0ABP8_deoD,61.747670081627
P0ABQ0_coaBC,50.7492740991437
P0ABQ2_garR,55.16221806101735
P0ABQ4_folA,48.6201686888523
P0ABR1_dinI,54.5579654215231
P0ABS1_dksA,60.3604756879199
P0ABS5_dnaG,45.275359459776
P0ABS8_holE,56.7853365520412
P0ABU0_menB,49.56714296719985
P0ABU2_ychF,43.1640605488476
P0ABU5_elbB,65.2604132619577
P0ABU7_exbB,65.3808055218369
P0ABU9_tolQ,57.8560307286173
P0ABV6_tolR,56.10759558880355
P0ABX8_fliL,54.903846712993996
P0ABZ1_fliG,54.89245857321385
P0ABZ4_kdsC,63.684612712621046
P0ABZ6_surA,56.52644331263935
P0AC00_frlB,56.1853909433897
P0AC02_bamD,47.88540297345245
P0AC05_fliP,52.6476485620224
P0AC13_folP,50.80304275285805
P0AC16_folB,64.7618831832223
P0AC19_folX,65.4500275925125
P0AC23_focA,54.2416821542579
P0AC30_ftsX,56.089879708933296
P0AC33_fumA,45.99166726573215
P0AC38_aspA,50.1241420003245
P0AC41_sdhA,56.58104694484815
P0AC44_sdhD,65.8236758460311
P0AC47_frdB,59.539987737415004
P0AC51_zur,53.1612819301662
P0AC53_zwf,54.1006412082011
P0AC59_grxB,49.142514128403604
P0AC62_grxC,66.449553958098
P0AC69_grxD,52.567558422363305
P0AC73_ebgC,54.3753243323359
P0AC75_waaA,49.88391068231975
P0AC81_gloA,49.8368129653878
P0AC84_gloB,57.12148513058935
P0AC86_glgP,45.71996040008425
P0AC92_gnsA,55.8388931499199
P0AC98_satP,58.7990671816676
P0ACA1_yibF,49.0122147846847
P0ACA3_sspA,51.357734214810506
P0ACA7_gstB,50.51084734485215
P0ACB0_dnaB,48.973854023439
P0ACB2_hemB,58.236411962166144
P0ACB4_hemG,46.7786820169698
P0ACB7_hemY,53.32301348256925
P0ACC1_prmC,48.3792972083909
P0ACC3_erpA,49.43658175476175
P0ACC7_glmU,56.7362077278974
P0ACD8_hyaB,56.8520959864628
P0ACE0_hybC,51.964031379751
P0ACE3_hha,57.6665865609798
P0ACE7_hinT,55.14830635326935
P0ACF0_hupA,62.3545268692583
P0ACF4_hupB,65.807687603931
P0ACF8_hns,55.0044826796648
P0ACG1_stpA,60.2872706040646
P0ACG8_hslR,47.737396731897945
P0ACI0_rob,46.8396142251912
P0ACI3_xylR,46.0313448965657
P0ACI6_asnC,52.2264211712436
P0ACJ0_lrp,52.086128259934895
P0ACJ8_crp,46.20557548443095
P0ACK2_agaR,55.45795246183955
P0ACK5_deoR,47.2223217816949
P0ACK8_fucR,49.2867681604278
P0ACL0_glpR,45.019610746803195
P0ACL2_exuR,47.6244624608067
P0ACL5_glcC,46.939643434253
P0ACL9_pdhR,51.4192999611205
P0ACM2_rspR,53.4027498517136
P0ACM5_yegW,50.67410849651925
P0ACM9_yihL,53.3871993564576
P0ACN4_allR,51.413147865610554
P0ACN7_cytR,55.1184624276202
P0ACP1_cra,47.639180667647196
P0ACP5_gntR,56.9769852780734
P0ACP7_purR,50.78627187811005
P0ACQ4_oxyR,53.1990589463687
P0ACR4_yeiE,54.48838236271955
P0ACR9_mprA,50.49701455242975
P0ACS7_rpiR,54.0662828018425
P0ACS9_acrR,51.1750247458796
P0ACT6_uidR,51.30508978373315
P0ACU0_ybiH,56.310885279534105
P0ACU2_rutR,55.3931099006231
P0ACU5_fabR,48.3953411793576
P0ACU7_yjdC,62.0623295244806
P0ACV0_lpxL,56.10303780681435
P0ACV4_lapA,64.2013143996561
P0ACV6_mpaA,61.9141849948293
P0ACV8_ymjA,43.2995513136681
P0ACX3_ydhR,57.8024243105637
P0ACX5_ydhZ,46.753822475693894
P0ACY1_ydjA,50.7136550248592
P0ACY3_yeaG,43.5833139104189
P0ACZ4_evgA,47.91611439980395
P0AD01_dcuR,42.7226766421904
P0AD05_yecA,43.8602147512579
P0AD10_yecJ,57.936586626714
P0AD12_yeeZ,46.23350065314585
P0AD21_yejG,59.6874213857185
P0AD24_yejL,54.4763010476234
P0AD27_yejM,47.25448190981815
P0AD33_yfcZ,50.666421113881
P0AD37_yfeC,47.289964633596995
P0AD40_ypeB,59.4223795366012
P0AD42_pgpC,46.8269559009955
P0AD47_yphA,64.72168558614025
P0AD57_ispB,51.216981648003355
P0AD59_ivy,58.141096734354
P0AD61_pykF,58.4219554420064
P0AD96_livJ,64.1945449321277
P0ADA1_tesA,56.21523970952265
P0ADA3_nlpD,54.7790386679594
P0ADA5_yajG,60.0135248039335
P0ADB4_ecnA,64.3533747385898
P0ADC1_lptE,53.8258285240926
P0ADC3_lolC,49.673955648189846
P0ADC6_lptG,53.0812367297002
P0ADE4_tamA,51.8221688258812
P0ADE6_ygaU,64.6914862487549
P0ADE8_ygfZ,48.0384078244108
P0ADF6_edd,47.2220932499481
P0ADF8_ilvN,48.04834419908615
P0ADG4_suhB,63.2745842966972
P0ADG7_guaB,59.666854292584
P0ADI4_entB,44.21245331300065
P0ADI7_yecD,59.459479748478046
P0ADK0_yiaF,46.3708769252056
P0ADK6_yibA,44.0796760030303
P0ADL1_nepI,55.2218498463467
P0ADN0_viaA,49.5326959666598
P0ADP0_yigB,51.2558252303339
P0ADP2_yigI,60.7723503207506
P0ADP7_ubiJ,52.976935884255795
P0ADP9_yihD,54.497222304377
P0ADQ2_yiiD,43.21743242951805
P0ADQ7_ygaM,59.6594046199081
P0ADR6_rlmM,44.209099420326794
P0ADR8_ygdH,51.4864583794243
P0ADS2_zapA,50.31309286140851
P0ADS9_yggN,52.2175583494865
P0ADT5_ygiC,57.29328200324905
P0ADT8_ygiM,64.8839746568529
P0ADU2_ygiN,55.16552258194355
P0ADU5_ygiW,63.7374038434337
P0ADV1_lptA,59.2348496406426
P0ADV5_yhbW,49.3454372160238
P0ADV7_mlaC,64.3682723184649
P0ADV9_lptC,54.13890652864855
P0ADX1_yhfA,64.4689879907085
P0ADX9_rsmD,45.2393175957189
P0ADY1_ppiD,56.40116564534995
P0ADY3_rplN,43.743566616575805
P0ADY7_rplP,49.98040506554615
P0ADZ0_rplW,46.6113777178644
P0ADZ4_rpsO,50.9100359904539
P0ADZ7_yajC,64.3186649719716
P0AE01_trmJ,48.57828090383905
P0AE06_acrA,55.54195636947105
P0AE08_ahpC,60.70992017397495
P0AE12_amn,58.7519294527666
P0AE14_ampE,49.6742133808688
P0AE18_map,45.979230472907545
P0AE22_aphA,63.9870770104162
P0AE26_araH,56.775530140889
P0AE28_aroM,52.587466825544155
P0AE34_artQ,57.726022552008644
P0AE37_astA,44.14434206811475
P0AE39_ypdB,45.17352870556965
P0AE45_ytfL,50.739088861401854
P0AE48_ytfP,56.6806087919008
P0AE52_bcp,46.8536413968652
P0AE60_cedA,53.37096033496715
P0AE67_cheY,51.7396415621584
P0AE70_mazF,58.07718201283275
P0AE72_mazE,51.5798327561987
P0AE76_cobU,58.512106736184
P0AE78_corC,49.8537762353273
P0AE82_cpxA,48.9277781268115
P0AE88_cpxR,53.222287982862696
P0AE91_creA,66.8520294772899
P0AEA8_cysG,56.844235188326294
P0AEB2_dacA,45.945191780663905
P0AEB7_yoaB,66.6937903574685
P0AEC0_yoaE,47.2446508376339
P0AEC3_arcB,45.6673072662478
P0AEC5_barA,47.96210859811505
P0AEC8_dcuS,48.54594210645095
P0AED0_uspA,51.7796285459475
P0AED5_uvrY,43.9566674720317
P0AED7_dapE,56.7520525178032
P0AEE1_dcrB,64.2584557969084
P0AEE3_degS,61.3524960737186
P0AEE5_mglB,49.8499555279098
P0AEF0_dnaC,41.55317277266115
P0AEG1_dppC,61.627875968261
P0AEG4_dsbA,62.4376197363742
P0AEG6_dsbC,64.1626960134495
P0AEH1_rseP,54.594737092097006
P0AEH3_elaA,45.665827496576
P0AEH5_elaB,60.4983885781825
P0AEI1_miaB,44.876944757321695
P0AEI4_rimO,49.071498246469645
P0AEJ2_entC,44.924688411133445
P0AEJ4_envZ,49.60464321734355
P0AEJ6_eutB,51.1611336052227
P0AEK2_fabG,49.99502883219285
P0AEK4_fabI,49.610867813745344
P0AEL0_fdoI,63.5824946128857
P0AEL6_fepB,51.9944987476096
P0AEM4_flgM,61.5219888903117
P0AEM6_fliA,49.144716339765154
P0AEM9_fliY,58.6430798585002
P0AEN1_fre,44.3584288133669
P0AEN8_fucU,66.7984005227499
P0AEP3_galU,49.9848649927597
P0AEP7_gcl,62.6227124715556
P0AEP9_glcD,56.1693930930265
P0AEQ1_glcG,64.8823889395718
P0AEQ3_glnH,62.28326513519235
P0AEQ6_glnP,53.9903010502164
P0AER0_glpF,56.4450504047069
P0AER3_gltJ,59.05673765729525
P0AER5_gltK,61.8517585233382
P0AES0_gss,54.52570231075765
P0AES2_gudD,49.99013696596005
P0AES4_gyrA,53.7793594536701
P0AES6_gyrB,47.7840709386007
P0AES9_hdeA,56.9545353959097
P0AET2_hdeB,55.0618247691144
P0AET5_hdeD,64.5727878791503
P0AET8_hdhA,59.8636480503966
P0AEU0_hisJ,54.8479537023454
P0AEU3_hisM,60.510540758575
P0AEV1_rssB,48.12894710926665
P0AEW4_cpdA,64.2561261539339
P0AEW6_gsk,45.46827261017425
P0AEW9_fruK,50.267104523741054
P0AEX5_prkB,50.1211791410489
P0AEX9_malE,62.2912894939789
P0AEY1_marC,65.1518939858113
P0AEY3_mazG,47.3956244286083
P0AEY5_mdaB,64.7830920741226
P0AEZ3_minD,48.01467946737185
P0AEZ9_moaB,64.35654458007785
P0AF01_modB,46.200768179826
P0AF03_mog,65.0170348206477
P0AF06_motB,55.355132686406
P0AF08_mrp,50.4616926028081
P0AF12_mtnN,56.26168233347935
P0AF16_murJ,65.4313615921794
P0AF18_nagA,52.83999243962365
P0AF20_nagC,50.904084839083495
P0AF24_nagD,53.7755124170145
P0AF26_narJ,51.870901617394
P0AF28_narL,55.5980481695173
P0AF34_yiiR,60.4766926263511
P0AF43_yjbB,48.6535355645827
P0AF48_yjbQ,52.59079178381095
P0AF50_yjbR,54.5824259701223
P0AF56_yjcO,49.5805525008961
P0AF59_yjdI,57.7468396292777
P0AF63_nsrR,51.299818353817
P0AF67_tsaE,53.382542837955
P0AF70_yjeI,62.89037410538655
P0AF93_ridA,65.0093791077914
P0AF96_tabA,63.968397931718755
P0AF98_lptF,52.60671544879065
P0AFA2_narX,46.3703842891242
P0AFA7_nhaB,45.0363401802019
P0AFB1_nlpI,57.50824430501915
P0AFB5_glnL,53.38379546346925
P0AFB8_glnG,44.291610306089254
P0AFC0_nudB,48.4123450285169
P0AFC3_nuoA,45.1857903122852
P0AFC7_nuoB,51.0278728394076
P0AFD1_nuoE,58.015070429555
P0AFD4_nuoH,45.7024380199064
P0AFD6_nuoI,49.9684031927674
P0AFE4_nuoK,47.4115573949887
P0AFE8_nuoM,42.9678900854413
P0AFF0_nuoN,51.6964084226677
P0AFF2_nupC,55.003411931662
P0AFF4_nupG,64.5715234582018
P0AFF6_nusA,48.6557636276895
P0AFG0_nusG,49.2997172618753
P0AFG3_sucA,44.8167157237053
P0AFG6_sucB,53.04435570849115
P0AFG8_aceE,51.346439350459946
P0AFH2_oppB,52.698958309133005
P0AFH6_oppC,56.92437986997745
P0AFH8_osmY,66.3368892157074
P0AFI2_parC,45.4901060179131
P0AFI7_pdxH,56.95803294772
P0AFI9_perM,50.434417678577
P0AFJ5_phoB,48.2559372627928
P0AFJ7_pitA,53.4902071290169
P0AFK0_pmbA,56.369159684223504
P0AFK2_pnuC,53.28303470413985
P0AFK4_potB,54.46662093863951
P0AFK6_potC,53.377510046752704
P0AFK9_potD,66.9490647356886
P0AFL6_ppx,44.358356980644146
P0AFM6_pspA,57.8371082711887
P0AFN2_pspC,63.5013832400111
P0AFP4_ybbO,54.3353197807149
P0AFP6_ybgI,53.109507443199
P0AFQ7_ycfH,53.71246758432035
P0AFR0_rssA,52.1810461465048
P0AFR2_dauA,52.274676749360154
P0AFR4_yciO,48.436774023143855
P0AFS1_lsrD,62.7014981837089
P0AFS3_folM,66.10154703007395
P0AFS7_ydiK,63.3149941024097
P0AFT2_yecS,65.58556870183236
P0AFT5_yehT,48.4817712129122
P0AFU0_yejB,53.32020468391395
P0AFU4_glrR,44.04853071455
P0AFU8_ribC,49.921020236935
P0AFW0_rfaH,43.80974967775735
P0AFW4_rnk,41.6351062429103
P0AFW8_rof,57.44512186311255
P0AFX0_hpf,57.0311955216528
P0AFX4_rsd,47.8332517473197
P0AFX7_rseA,56.3027645760321
P0AFX9_rseB,48.95882410699875
P0AFY2_sanA,52.91511984815585
P0AFY8_seqA,60.70959480556875
P0AFZ3_sspB,54.05588002478105
P0AG00_wzzE,54.727390727955694
P0AG03_ubiX,60.28246660868485
P0AG07_rpe,60.60485028234195
P0AG14_sohB,55.209107388187945
P0AG16_purF,53.050916474736155
P0AG18_purE,60.25990696413375
P0AG20_relA,44.4204890369356
P0AG24_spoT,46.8936985613983
P0AG27_yibN,59.9180917942447
P0AG30_rho,45.63730395576255
P0AG40_ribF,50.0816724832162
P0AG44_rplQ,47.9173653975207
P0AG48_rplU,48.3281367059725
P0AG51_rpmD,43.7682527332942
P0AG55_rplF,45.912640318722296
P0AG59_rpsN,59.6979194897088
P0AG63_rpsQ,46.65072870743645
P0AG67_rpsA,49.0641539046486
P0AG71_rmuC,47.658056275613
P0AG78_sbp,64.4584101430029
P0AG80_ugpB,52.0028713144264
P0AG82_pstS,66.9707675627886
P0AG84_yghA,57.900340452424444
P0AG86_secB,52.91959126026745
P0AG90_secD,51.6351475842177
P0AG93_secF,54.053731914633204
P0AGA2_secY,55.599583213489254
P0AGA6_uhpA,49.290112529245704
P0AGB0_serB,48.9868148602799
P0AGB6_rpoE,58.30780090063925
P0AGC3_slt,46.758944852563005
P0AGC7_smp,64.6050112754809
P0AGD3_sodB,64.8696450283715
P0AGD7_ffh,45.49533706977175
P0AGE0_ssb,64.171589618108
P0AGE6_chrR,59.5054939714196
P0AGE9_sucD,52.602729902522256
P0AGF2_csdE,52.5695566669646
P0AGG0_thiL,52.7764255267586
P0AGG2_tesB,61.31465975225895
P0AGG4_trxC,56.27997851489275
P0AGG8_tldD,60.78302711895765
P0AGH1_yhhJ,60.6602990857941
P0AGI1_rbsC,53.1033720622917
P0AGI8_trkA,50.04010962600735
P0AGJ2_trmH,47.41778118489305
P0AGJ5_yfiF,50.71114662745525
P0AGJ7_trmL,52.3273817911806
P0AGJ9_tyrS,48.38135043650105
P0AGK4_yhbY,54.5700652326468
P0AGK8_iscR,54.2332263358924
P0AGL2_tdcF,60.9270213633105
P0AGL5_ratA,48.1441562269245
P0AGL7_rsmE,51.71385376016315
P0C018_rplR,50.294232363342104
P0C037_yaiE,50.41659742213035
P0C054_ibpA,47.4899701173162
P0C066_mltC,55.0021107053402
P0C077_relE,54.5598819732206
P0C079_relB,62.2793599831252
P0C093_slmA,45.7037824216154
P0C0A3_Chmp6,57.9086355698894
P0C0K3_srkA,55.152078573085745
P0C0L7_proP,44.4653448269668
P0C0R7_rlmE,47.6669239026376
P0C0S1_mscS,62.949643560972845
P0C0T5_mepA,56.0030839433364
P0C0U4_rimK,51.5110960679125
P0C0V0_degP,59.0090715962848
P0C0V8_RPS21A,50.4001700973653
P0C0W9_RPL11A,42.336256264915
P0C0X0_RPS28B,47.6218423227168
P0C2H7_RPL27B,42.3497496208086
P0C2H8_RPL31A,43.4464674000458
P0C2H9_RPL31B,43.5709128133329
P0C2J5_TY2B-LR2,40.650728035328
P0C6B7_Igsf6,54.8945860395888
P0C7T6_Atxn1l,49.92416756148
P0C895_At2g30105,47.5559356858384
P0C8J6_gatY,51.552268224174895
P0C8J8_gatZ,42.8381754014182
P0CB39_eptC,50.9283461958607
P0CB42_Alkbh1,50.1296369336931
P0CE47_tufA,51.4554376809855
P0CE48_tufB,48.0199108973343
P0CF20_YOL163W,53.6443960898552
P0CG14_Chtf8,52.8702044047636
P0CH09_RPL40B,41.9898477876712
P0CI73_glmS,46.4306177163652
P0CI74_gpsB,35.0712548940364
P0CI75_birA,44.0121608466716
P0CI76_rtp,44.000791472291
P0CI79_thyA1,50.1003360201571
P0CI80_xylA,41.7907831993758
P0CK95_yghJ,59.432541071454196
P0CS90_SSC1,49.4396176875461
P0CX24_RPL20B,42.0516338360259
P0CX26_RPL43B,42.1902954165884
P0CX28_RPL42B,41.6600922303544
P0CX30_RPS23B,41.6599879942837
P0CX32_RPS24B,42.2009639676948
P0CX34_RPS30B,42.5145261203117
P0CX36_RPS4B,42.1801864560417
P0CX38_RPS6B,42.1419928733491
P0CX40_RPS8B,42.1443545138937
P0CX42_RPL23B,44.2473416950386
P0CX44_RPL1B,46.1062348533146
P0CX46_RPL2B,41.8938070430976
P0CX48_RPS11B,42.2599625168281
P0CX50_RPL18B,41.8746303587343
P0CX52_RPS16B,42.7221547108175
P0CX54_RPL12B,48.1562212556039
P0CX56_RPS18B,42.240106575003
P0CX83_RPL19B,42.1639212286906
P0CX85_RPL35B,41.7258619481535
P0CZ23_ACX3,47.5124552919357
P0DI07_HISN6B,47.8511608311672
P0DI79_At3g28300,49.3694587632583
P0DJE0_Pet100,56.03863493247505
P0DJF2_Pet117,51.775895710647205
P0DKL6_SAP130B,50.6280251735996
P0DKM0_Ccdc56,43.9130698061158
P0DM85_crfC,53.4444307996886
P0DMC5_rcsC,50.584439504453954
P0DMC7_rcsB,47.13017142719325
P0DN34_Ndufb1,55.3243253063899
P0DOV1_Mnda,50.2301312067504
P0DOV2_Ifi204,56.4743171694533
P10040_crb,47.0373171664022
P10080_SBP1,51.6219461578726
P10081_TIF1,50.0882638001702
P10107_Anxa1,50.075152660442
P10121_ftsY,56.30485819145275
P10126_Eef1a1,47.0814157144689
P10127_ADH4,52.6470089672122
P10180_ct,46.1576272894796
P10299_gst-1,37.9595133410473
P10346_glnQ,51.6652933614617
P10351_ry,42.3528411775237
P10356_YER152C,49.3970706238258
P10363_PRI1,43.2916145647886
P10371_hisA,48.23922679472175
P10378_entE,46.502501078302146
P10379_uzip,42.8487980952327
P10404_,47.260444465367
P10408_secA,44.12978889551975
P10423_iap,42.0368384510984
P10441_lpxB,47.8047445924459
P10443_dnaE,45.73311659779695
P10493_Nid1,57.3605914793019
P10507_MAS1,48.4154287928319
P10518_Alad,50.28473858671535
P10591_SSA1,49.8018276740935
P10592_SSA2,49.0490888566787
P10605_Ctsb,46.5388749571554
P10622_RPP1B,57.3788956652353
P10630_Eif4a2,55.013922256330304
P10648_Gsta2,56.5078096283537
P10649_Gstm1,50.9829059546189
P10659_SAM1,48.999180754453
P10662_MRP1,46.5735429244632
P10664_RPL4A,42.6504109824746
P10674_Fas1,44.2128383065412
P10711_Tcea1,56.6359332162261
P10728_spoIIAB,46.2594921292856
P10795_RBCS-1A,63.9059741185177
P10796_RBCS-1B,66.1349912000236
P10798_RBCS-3B,65.7411407839949
P10823_GPA2,51.343366789369
P10849_MTF2,46.4019665592748
P10852_Slc3a2,55.8124011423991
P10869_HOM3,49.9516380397017
P10896_RCA,42.7900702008684
P10903_narK,64.2799220196591
P10905_ugpA,63.4519586201605
P10906_ugpE,62.570347782361
P10907_ugpC,59.83778071801285
P10908_ugpQ,46.3100072208433
P10922_H1f0,56.9496325913678
P10943_hutP,45.5162686805772
P10961_HSF1,52.7989736510247
P10964_RPA190,49.0250394971663
P10981_Act87E,41.5130500214159
P10984_act-2,49.2155999833044
P10987_Act5C,41.6908084352263
P11031_Sub1,56.6239520543934
P11035_NIA2,39.3185253656789
P11044_thyA2,41.4008707519722
P11046_LanB1,44.0584572173935
P11065_hpr,44.7168728898131
P11071_aceK,45.490644886906296
P11075_SEC7,48.3512105347327
P11076_ARF1,48.3740463286063
P11103_Parp1,52.3705705226065
P11141_hsp-6,38.5965145611517
P11144_,42.9781470757361
P11147_Hsc70-4,38.6273618808845
P11152_Lpl,49.81788141468865
P11154_PYC1,48.0491955035469
P11157_Rrm2,52.11127144638915
P11289_yfiL,65.5129136234632
P11349_narH,53.3904973568596
P11350_narI,63.2942877943178
P11352_Gpx1,49.9196219523793
P11353_HEM13,48.6959962510641
P11370_Fv4,46.9592722642967
P11412_ZWF1,49.3545734653716
P11416_Rara,45.3992938467114
P11420_da,46.1479003699179
P11440_Cdk1,47.8279744317348
P11446_argC,49.8185482844414
P11447_argH,56.89958542977105
P11454_entF,46.933574070507746
P11469_ysmA,55.2212603062091
P11484_SSB1,48.6224548813465
P11491_PHO8,53.5060466796712
P11499_Hsp90ab1,44.2480808061575
P11557_damX,61.0401704399933
P11574_VHA-B1,48.3431721088173
P11584_mys,44.9878535757227
P11609_Cd1d1,60.7636282342377
P11632_NHP6A,48.6441617706077
P11633_NHP6B,48.6995712711762
P11663_yggD,45.6383174792907
P11688_Itga5,55.4668851957863
P11709_BIK1,54.4550862006647
P11714_Cyp2d9,48.9458306949458
P11742_ogt,40.3538563412463
P11745_RNA1,46.5532304979188
P11832_NIA1,38.0965202571808
P11859_Agt,55.6518936751264
P11862_Gas2,55.3449673215504
P11875_argS,49.497462501664
P11880_murF,47.22119006131045
P11881_Itpr1,51.026103446188
P11914_MAS2,49.2984684221835
P11927_KAR1,54.4812429118682
P11928_Oas1a,47.7248245446507
P11929_Bsg25D,41.7795550339499
P11930_Nudt19,50.5920186898851
P11938_RAP1,48.2163432267577
P11983_Tcp1,54.0454079075739
P11986_INO1,52.6261238016678
P12008_aroC,49.26027354274165
P12011_gntK,43.3484662610745
P12012_gntP,36.1216717534006
P12013_gntZ,49.7828680867892
P12023_App,52.820505137675696
P12039_purD,43.7528381730288
P12041_purQ,41.811684104327
P12042_purL,38.7718331149045
P12043_purM,41.8711057370136
P12045_purK,42.9276951960904
P12046_purC,43.9578769282682
P12047_purB,53.8199347464694
P12048_purH,42.5737874726085
P12049_purS,47.702324862952
P12080_if,45.2309351688761
P12265_Gusb,58.3963609334454
P12281_moeA,48.7272624962685
P12282_moeB,59.3696034529257
P12295_ung,45.650895260752904
P12297_su(w[a]),44.4711430453857
P12367_Prkar2a,48.5837647018664
P12382_Pfkl,52.6418176780362
P12385_SUP45,50.3367559914496
P12426_Aprt,37.3470462404791
P12456_mec-7,50.1087436557023
P12611_WHI2,44.1792394074394
P12612_TCP1,45.8109077850038
P12613_T-cp1,44.8033041613766
P12630_BAR1,50.8776980083367
P12669_nin,57.0806748240625
P12695_LAT1,47.0900293321087
P12709_PGI1,52.9509314750944
P12753_RAD50,41.2068570724546
P12754_GCD2,48.8660014396403
P12758_udp,58.86864573344875
P12791_Cyp2b10,51.4141794871529
P12815_Pdcd6,48.3740048745891
P12875_rplN,44.2731214939666
P12877_rplE,41.8890944589727
P12879_rpsH,42.1581567757338
P12887_UNG1,47.4565118643614
P12904_SNF4,49.6542298668155
P12945_NAT1,43.4875152890829
P12994_ybhB,51.0934039448578
P12995_bioA,55.8133555776546
P13001_bioH,53.948851773061605
P13008_RpS26,41.5225524276876
P13009_metH,43.487123919444755
P13016_ampD,47.04900098763425
P13024_fdhE,49.78862754210055
P13029_katG,49.6727624806618
P13035_glpD,51.8190394485274
P13060_EF2,42.7026307196107
P13114_CHS,49.1189954700431
P13185_KIN1,47.90276386008
P13188_GLN4,46.7145189006963
P13217_norpA,44.2972832311368
P13242_pyrG,43.1689219165905
P13243_fbaA,46.7436914471968
P13267_polC,38.6453707765073
P13298_URA5,51.5566636860792
P13395_alpha-Spec,48.2273055301761
P13405_Rb1,50.4239043959254
P13439_Umps,46.3483994153611
P13445_rpoS,44.5438834708833
P13458_sbcC,42.7267476899475
P13468_fs(1)K10,52.5127702695671
P13469_mod,41.3607128995758
P13482_treA,52.612827948159506
P13484_tagE,46.1583834729838
P13485_tagF,43.1055151796496
P13496_Gl,42.2795075762956
P13517_CAP2,50.4382169576208
P13518_csrD,44.13401955199235
P13541_Myh3,51.71111830693965
P13574_STE12,51.034383544438
P13607_Atpalpha,42.6811474922499
P13634_Ca1,57.4357683086632
P13656_chiA,50.222083813080346
P13663_HOM2,54.435473435432
P13678_Pkc98E,40.2047480306182
P13707_Gpd1,51.0260053530539
P13709_fs(1)h,40.6753822831453
P13714_ldh,49.7043073177313
P13738_nhaA,46.6557495505465
P13792_phoP,46.0483115911255
P13799_degS,41.1825416519929
P13800_degU,44.1946849235737
P13857_rimL,51.169828106728346
P13864_Dnmt1,48.07564092277375
P14003_h,44.2459235265806
P14020_DPM1,43.7057773966424
P14065_GCY1,52.1119522366635
P14081_selB,43.2121151868295
P14094_Atp1b1,55.1096771882175
P14115_Rpl27a,49.5853510559023
P14120_RPL30,43.1215872965355
P14126_RPL3,41.6254548183648
P14127_RPS17B,43.5967405515081
P14152_Mdh1,54.5581238902064
P14164_ABF1,47.5853871019867
P14193_prs,41.6271028732124
P14194_ctc,49.6423440557872
P14199_ref(2)P,45.5214497864907
P14203_yuxH,43.1810990305429
P14204_comA,46.0801725199268
P14205_yuxO,49.4933522381798
P14206_Rpsa,46.8628531572046
P14211_Calr,46.1825402927949
P14231_Atp1b2,55.267863339808
P14234_Fgr,42.9540856953507
P14294_topB,50.625108210568
P14306_TFS1,54.36241631509
P14375_zraR,47.0750856143086
P14407_fumB,46.059409148475
P14435_H2-Aa,53.09926574760065
P14540_FBA1,48.1441114307538
P14576_Srp54,46.1624548906473
P14682_CDC34,55.8054835566833
P14685_Psmd3,48.7661543171384
P14713_PHYB,43.0274584921828
P14733_Lmnb1,56.2999204885894
P14742_GFA1,44.0686223884591
P14743_NMT1,48.4360903280149
P14747_CMP2,52.8561118028234
P14785_CycA,42.986411906109
P14802_yoxD,47.8049511910237
P14824_Anxa6,49.5218299765948
P14832_CPR1,51.63477926242
P14843_ARO3,43.7249837206865
P14869_Rplp0,57.1472970549273
P14900_murD,49.5606057528959
P14901_Hmox1,53.2212373739995
P14904_APE1,50.8151582056775
P14907_NSP1,56.6054399502173
P14922_CYC8,45.133155918056
P14951_uvrC,48.3151788242404
P15007_Eno,46.3248385637708
P15019_TAL1,48.282141405783
P15028_fecB,55.0164261199738
P15032_recE,45.1111409391422
P15034_pepP,54.5450474575372
P15038_helD,45.2289196279186
P15042_ligA,48.6733363497997
P15047_entA,49.5057825170021
P15067_glgX,47.77013507293055
P15070_fliN,62.6754956887049
P15078_cstA,47.2022757086796
P15082_srlR,48.30733789702195
P15092_Ifi204,48.99703728826135
P15105_Glul,56.9421819726643
P15108_HSC82,50.7297991867975
P15180_KRS1,47.6708697357438
P15208_Insr,46.5225877103667
P15215_LanB2,39.8112052673189
P15254_purL,48.199094286508696
P15261_Ifngr1,49.667690329891
P15274_AMD1,46.1239690675129
P15286_flk,55.5005270129867
P15288_pepD,51.627300171532454
P15303_SEC23,48.7362331781878
P15327_Bpgm,61.0014082212493
P15330_dl,42.1687723587907
P15348_Top2,41.0463332143233
P15364_Ama,44.7271751800354
P15373_prlF,56.6114656672971
P15424_MSS116,43.0476232697145
P15454_GUK1,49.3245123390209
P15496_IDI1,53.1679454622329
P15508_Sptb,50.4903518619326
P15532_Nme1,64.4227052133565
P15535_B4galt1,51.4064503815194
P15565_TRM1,48.9149154755861
P15624_FRS1,50.4751317721343
P15625_FRS2,51.1920600586779
P15626_Gstm2,56.9492789253412
P15639_purH,53.8529096135037
P15640_purD,50.5956787026406
P15646_NOP1,43.6001673561026
P15700_URA6,50.478668902107
P15703_BGL2,53.2142832393545
P15705_STI1,53.120499556312
P15723_dgt,60.3345290611229
P15731_UBC4,56.9498504468154
P15770_aroE,49.51014297275265
P15790_CKA1,47.1583381051088
P15807_MET8,46.6741327610175
P15873_POL30,54.4359446793828
P15874_grpE,42.902662658917
P15877_gcd,45.11777063559065
P15891_ABP1,53.8314432532131
P15920_Atp6v0a2,55.7787537884315
P15977_malQ,48.43587583519635
P15992_HSP26,43.4639718982529
P16015_Ca3,57.4015993980243
P16045_Lgals1,52.67761204317215
P16054_Prkce,44.9372179208738
P16056_Met,51.2581240241413
P16092_Fgfr1,38.2633544422525
P16095_sdaA,48.2068323155069
P16120_THR4,53.0119240013824
P16125_Ldhb,60.8846000075782
P16127_CHLI1,48.0964055625571
P16140_VMA2,49.4817469005794
P16181_RPS11A,36.554164049935
P16254_Srp14,57.83805943758655
P16256_panF,55.4810965345297
P16263_odhB,42.6935507217088
P16294_F9,51.8381711807056
P16304_adk,53.1134427861701
P16305_Gabra6,55.9738864945381
P16330_Cnp,49.8227155530989
P16331_Pah,45.4596924871362
P16332_Mut,46.3775017192454
P16336_secY,39.7212757296078
P16356_ama-1,39.9572552514669
P16370_RPB3,50.6723208494328
P16371_gro,41.8156573646859
P16372_Zfp58,47.9882508643002
P16384_miaA,47.412902696814655
P16387_PDA1,46.5200119091582
P16440_ribE,45.4691869093616
P16456_selD,49.6643267588112
P16460_Ass1,45.8956372168194
P16467_PDC5,48.7318474802042
P16474_KAR2,49.0405408241414
P16497_kinA,42.7763580445933
P16521_YEF3,42.9418311122017
P16524_patA,43.4610942527907
P16525_tus,47.35570111962595
P16528_iclR,58.6563869038378
P16546_Sptan1,49.7575997278278
P16547_OM45,50.3166178345531
P16550_APA1,48.0795516159184
P16554_numb,45.6176284624453
P16568_BicD,49.0144099971837
P16603_NCP1,47.2820553843004
P16608_trpA,80.7019181557115
P16609_trpB,92.5573912185987
P16618_hemA,45.3289902505623
P16620_Ptp69D,42.1930277335689
P16621_Lar,45.7924217811164
P16622_HEM15,42.8776889316889
P16627_Hspa1l,54.5041771352111
P16639_ATE1,51.934288796374
P16649_TUP1,53.3377506338215
P16658_SEN2,50.3786678268238
P16659_proS,47.3360260717343
P16675_Ctsa,49.0937614745441
P16676_cysA,57.2963143050132
P16677_phnC,55.9168590347439
P16681_phnB,64.584909346678
P16692_phnP,59.03733322976045
P16700_cysP,62.41338164069835
P16703_cysM,60.7867515152024
P16858_Gapdh,44.7108647171286
P16861_PFK1,46.3592064782854
P16862_PFK2,46.0692887767796
P16872_Il7r,50.3819288102093
P16911_Pka-C2,34.2239741227713
P16926_mreC,51.742063020733696
P16971_recA,42.1608826991917
P17047_Lamp2,56.397005560017604
P17065_SEC2,49.5052601242662
P17076_RPL8A,41.8347880962213
P17106_CBF1,51.680700125831
P17109_menD,55.3810687276675
P17115_gutQ,51.383824709126245
P17117_nfsA,54.362824314136205
P17133_snRNP-U1-70K,41.5904683381904
P17156_Hspa2,47.3883386586961
P17157_PHO85,46.7827629045266
P17169_glmS,57.3435983974819
P17182_Eno1,57.3690797670857
P17210_Khc,43.2174039691141
P17225_Ptbp1,49.9622462544164
P17255_VMA1,49.5999391271679
P17331_gpd-4,47.1269187472854
P17336_Cat,50.980122557563
P17343_gpb-1,38.2332983198244
P17423_THR1,52.6375148555115
P17426_Ap2a1,51.6634887608453
P17427_Ap2a2,51.3799297689659
P17439_Gba,55.4471063803411
P17443_murG,45.999714845362504
P17445_betB,50.140750919105855
P17505_MDH1,52.0561255006414
P17555_SRV2,48.9007527010793
P17558_PET123,42.0493502103261
P17562_SAM2,41.802316771126
P17563_Selenbp1,50.04947061655325
P17585_aadK,40.8525755380517
P17597_ALS,43.2589605444905
P17618_ribD,46.7702346732129
P17620_ribBA,45.8987978000335
P17622_ribT,45.0143996501176
P17631_dnaJ,44.8650161681987
P17649_UGA1,48.1464032470804
P17671_Eip75B,43.5141048641902
P17695_GRX2,57.3731403849131
P17704_RpS17,41.0522265790955
P17709_GLK1,49.8575504183655
P17710_Hk1,60.3094057738897
P17717_Ugt2b17,47.7219476251665
P17719_Dhfr,39.0658802601726
P17731_hisC,44.8864978267463
P17742_Ppia,49.338389591299
P17745_TUFA,40.0344869693542
P17751_Tpi1,51.8331481283881
P17789_ttk,46.1408266436098
P17820_dnaK,47.8425609342207
P17846_cysI,42.7007463825927
P17854_cysH,45.27504648163335
P17865_ftsZ,45.1254083847802
P17883_SKI3,47.8874225665243
P17886_crn,35.7306177559606
P17888_priA,55.0345839345118
P17889_infB,44.9931638585627
P17890_RPC31,54.6080134225381
P17891_CLC1,58.6829541808302
P17893_argR,39.1440094930646
P17894_recN,47.478087597187
P17903_rsbV,51.6770809231334
P17904_rsbW,40.7080955189891
P17906_rsbX,44.294857456476
P17917_PCNA,45.361922525687
P17918_Pcna,58.5449836488245
P17921_pheS,43.5797695634527
P17922_pheT,37.7372143009986
P17952_murC,45.49922616492165
P17967_PDI1,50.3007091296592
P17993_ubiG,47.57967402494865
P18052_Ptpra,45.9147458267672
P18064_GPA1,42.024179489531
P18091_Actn,47.2026724288721
P18101_RpL40,43.4646156323093
P18155_Mthfd2,50.682614256955404
P18157_glpK,41.5108394078911
P18158_glpD,44.1966351828451
P18159_pgcA,44.7054073853597
P18185_carB,37.0527302648959
P18196_minC,49.192882268813904
P18239_PET9,48.0759346259864
P18242_Ctsd,51.7613708129937
P18255_thrS,46.6769361958161
P18256_thrZ,43.5355306069622
P18289_Jra,47.6287212832334
P18334_kin-3,41.246093906168
P18335_argD,51.689625689101746
P18392_rstB,46.62814467826465
P18412_TEC1,55.6424160856111
P18431_sgg,40.5030724017744
P18489_Syb,46.9743374732035
P18490_pcx,45.1583697382096
P18494_GLN3,50.342671023864
P18544_ARG8,50.7054927625007
P18562_FUR1,43.1595832439603
P18579_murB,43.1601199690627
P18581_Slc7a2,45.4496925378316
P18616_NRPB1,61.9291566503448
P18653_Rps6ka1,44.2287724884407
P18654_Rps6ka3,45.3130639525865
P18759_SEC18,59.1637185018572
P18760_Cfl1,50.8091276949871
P18775_dmsA,56.54571951722215
P18776_dmsB,62.7915070093773
P18811_malI,49.7636683421256
P18824_arm,45.5541528844789
P18843_nadE,47.281984453130946
P18852_STE18,44.2232026890791
P18900_COQ1,49.9113812880231
P18956_ggt,58.294811651125045
P18962_DAP2,50.0312218070931
P19073_CDC42,43.2115120434172
P19079_cdd,57.7140657465697
P19080_aroH,54.1898451916895
P19096_Fasn,48.3466298059443
P19097_FAS2,48.8831541784747
P19109_Rm62,37.0397042387425
P19146_ARF2,48.5389530783077
P19157_Gstp1,46.2214899961446
P19171_CHI-B,56.6591122118126
P19182_Ifrd1,50.389799881500394
P19221_F2,54.1512095326343
P19253_Rpl13a,57.4024097124724
P19258_Mpv17,46.3650068775657
P19262_KGD2,50.0357459906825
P19318_narY,57.3209221084985
P19319_narZ,50.4783828865724
P19324_Serpinh1,51.658194769489
P19358_SAM2,47.4438343681027
P19366_atpB,45.3327059507583
P19414_ACO1,50.9185557139644
P19426_Nelfe,51.7282323663688
P19454_CKA2,44.0960550621105
P19456_AHA2,37.9250583571816
P19465_folE,42.7007518383523
P19524_MYO2,45.1983789039615
P19536_Cox5b,53.8155956324283
P19582_hom,42.9098188635869
P19624_pdxA,48.080103169771
P19636_eutC,50.86926053000005
P19639_Gstm3,48.0909516035615
P19669_tal,42.4137539224952
P19670_murAB,44.9969369387566
P19672_yqxC,48.0664806500662
P19735_PRP6,48.8709866549049
P19783_Cox4i1,57.9345424518458
P19812_UBR1,48.6087922318133
P19880_YAP1,50.9971822568813
P19881_PHO13,53.3536714106643
P19882_HSP60,50.5342346002458
P19926_agp,55.979772736997845
P19955_YMR31,50.1498001230941
P19994_map,52.0859463516668
P20007_Pepck,41.9333508672333
P20028_RpI135,37.6307815260998
P20029_Hspa5,51.8402475754422
P20049_TYR1,47.2191444971825
P20051_URA4,53.5097759248055
P20060_Hexb,60.8998205691815
P20081_FPR1,53.787415875944
P20083_parE,47.18037675901635
P20084_MRPL33,44.9095018262501
P20099_bisC,50.2903596805985
P20107_ZRC1,49.8656280837273
P20115_CSY4,47.5377398092093
P20133_BET2,53.257384527781
P20153_usp,39.5385507250334
P20163_hsp-4,38.4156407515241
P20232_TfIIS,46.1451823084223
P20239_Zp2,57.2641967007455
P20240_Ote,45.1067938352441
P20241_Nrg,41.7478256175255
P20348_janA,47.3170495212887
P20353_Galphai,35.3906677733304
P20354_Galphas,40.061211034819
P20429_rpoA,44.5683424983082
P20432_GstD1,43.1012315136399
P20433_RPB4,54.0477048643179
P20434_RPB5,49.5693075724792
P20435_RPO26,56.1928844466278
P20436_RPB8,51.8554946534626
P20438_CLN2,56.3595697220128
P20439_CycB,41.56117562891
P20449_DBP5,51.2547324735524
P20458_infA,45.5908562939592
P20459_SUI2,50.6454007680537
P20477_Gs1,43.0741124170312
P20480_ncd,42.7205528230944
P20483_stg,37.4958537583682
P20484_MAK11,48.0408005259777
P20485_CKI1,44.4194469635269
P20486_CKS1,52.1333709284592
P20604_SIT4,53.1938479505063
P20605_fic,53.275569025881296
P20649_AHA1,38.4285136801347
P20659_trx,39.3239537017196
P20668_gltC,42.8789361499634
P20676_NUP1,51.7107126203762
P20691_aroA,42.6224751561001
P20692_tyrA,44.1593704628327
P20828_gag,43.4336205622887
P20852_Cyp2a5,44.5300915239833
P20918_Plg,53.2858487926295
P20964_obg,45.0423178515592
P20966_fruA,49.946493356153596
P20967_KGD1,46.5370741842527
P21137_kin-1,43.6339082391987
P21147_OLE1,47.227404973862
P21151_fadA,57.0550350795624
P21156_cysD,52.279662968224
P21165_pepQ,61.16507813935695
P21169_speC,54.966081057937444
P21170_speA,49.64372843685125
P21177_fadB,52.9866738370973
P21180_C2,51.8715866799176
P21182_SPE2,52.3922364077523
P21187_pAbp,40.4352930917216
P21189_polB,47.98535979311915
P21192_ACE2,47.8479939832013
P21203_pheA,43.3187521024581
P21218_PORB,40.4038733034712
P21238_CPN60A1,50.1395222115514
P21242_PRE10,49.716244594242
P21243_SCL1,50.7107528247271
P21248_hemD,47.4523417519205
P21264_ADE2,50.7287792462227
P21276_FSD1,51.0050768433961
P21278_Gna11,43.7728002088977
P21279_Gnaq,45.0707300198994
P21304_PWP1,44.6346684611508
P21306_ATP15,52.7806377826007
P21338_rna,57.00993908675425
P21340_paiA,50.3760588698656
P21345_gltP,56.8560985499938
P21363_yciE,61.38061650657785
P21365_yciC,58.40528552259505
P21367_ycaC,58.0173073975168
P21369_pncA,54.15565602944205
P21375_OSM1,51.8064090712686
P21440_Abcb4,49.4739492329864
P21458_spoIIIE,44.4735533147423
P21460_Cst3,57.273432648120504
P21464_rpsB,41.4016044978321
P21465_rpsC,44.8797331124808
P21467_rpsE,40.2038952660596
P21468_rpsF,33.1229011937598
P21469_rpsG,35.8720987695935
P21471_rpsJ,41.6594906110014
P21472_rpsL,33.8765912808226
P21473_rpsO,40.8755283754188
P21475_rpsR,33.0585084293528
P21477_rpsT,34.9718594827082
P21499_rnr,52.8021143180446
P21507_srmB,45.136871570919396
P21513_rne,48.0543538919361
P21514_yahA,50.7452969656841
P21517_malZ,49.9438136699475
P21519_mam,45.2745434185119
P21524_RNR1,45.2895237544433
P21538_REB1,48.1508902497185
P21550_Eno3,51.1278861832338
P21576_VPS1,45.9416976224905
P21599_pykA,53.4121134044796
P21619_Lmnb2,51.6281875142296
P21645_lpxD,48.824698984230054
P21656_trpS,46.4707380498914
P21771_MRPS28,48.2137255226999
P21801_SDH2,46.7643667787134
P21827_SRM1,47.9059261451051
P21865_kdpD,46.20487892084495
P21866_kdpE,51.28394432585905
P21881_pdhA,46.7682960856874
P21882_pdhB,46.0898236804616
P21883_pdhC,57.8805905062646
P21885_speA,44.6450882989069
P21888_cysS,51.8220335873771
P21889_aspS,49.250068718445945
P21914_SdhB,44.0985139803698
P21954_IDP1,51.7689314331465
P21956_Mfge8,56.8931051617781
P21965_MCK1,50.7405742186027
P21981_Tgm2,47.6216759065697
P22023_KRE5,49.2148465638078
P22058_D1,48.0184148560038
P22106_asnB,46.40650137075795
P22108_APA2,51.0123288062278
P22133_MDH2,52.0656244015937
P22134_MAG1,59.6282260541055
P22137_CHC1,48.2540438527298
P22138_RPA135,49.0866679193214
P22139_RPB10,49.8277773568933
P22141_PRE1,50.5551672492525
P22146_GAS1,52.4196066161628
P22147_XRN1,44.3486539450172
P22149_AFT1,52.6149538547131
P22186_mraZ,51.749606281573
P22188_murE,49.184378047338555
P22202_SSA4,50.9822302070694
P22203_VMA4,53.7526637937104
P22213_SLY1,47.98048197225
P22250_gltX,48.0593853663044
P22255_cysQ,52.71482684874805
P22256_gabT,62.1989977882331
P22259_pckA,54.0821862357774
P22265_tsh,44.174313905266
P22276_RET1,45.4978017981459
P22289_QCR9,51.6436979110967
P22293_su(s),43.4534220807883
P22315_Fech,58.1401070015584
P22326_tyrS1,41.9592144369806
P22333_add,47.32856955630145
P22336_RFA1,49.7936425604474
P22353_MRPL8,42.4582375995396
P22354_MRPL20,44.7799782363039
P22366_Myd88,43.41912098411455
P22437_Ptgs1,50.2576081092759
P22464_AnxB9,47.4446677932477
P22465_AnxB10,43.5962978075234
P22470_SAN1,50.359711500871
P22515_UBA1,49.2603316585087
P22523_mukB,46.6483174193952
P22524_mukE,51.12089183771615
P22525_ycbB,44.73458782887955
P22579_SIN3,51.3308085589761
P22634_murI,45.1569490440402
P22682_Cbl,52.9168195084149
P22696_ESS1,46.8199925944156
P22700_Ca-P60A,40.4111727539945
P22768_ARG1,47.911472614173
P22812_tub,40.1172171712781
P22813_Hsf,42.4281439010987
P22817_Ide,45.4209603015196
P22855_AMS1,47.4042798040326
P22892_Ap1g1,49.1654146780325
P22907_Hmbs,48.822685331493645
P22936_APN1,55.3474172983319
P22939_ispA,44.31345717211035
P22953_MED37E,43.3508102503024
P22954_MED37D,42.6944221179494
P22978_Hsp67Bb,45.3782892438309
P22981_let-60,39.2531839542193
P23003_trmA,51.605004799466556
P23116_Eif3a,48.4375114294119
P23128_me31B,37.7632531771512
P23129_odhA,35.3220807231648
P23173_tnaB,45.9124971374864
P23180_AIM17,47.8856116476427
P23188_Furin,50.071200091676204
P23198_Cbx3,60.9069680854984
P23200_mglC,48.3443838677208
P23201_SPA2,54.2292458259959
P23202_URE2,46.6664718155337
P23226_Map205,45.5323157762198
P23241_elav,43.7022548795855
P23248_RPS1B,42.1866521514791
P23249_Mov10,59.035396757075
P23254_TKL1,53.2734480541171
P23256_malY,50.7812072101366
P23257_gammaTub23C,41.5504643235409
P23285_CPR2,51.9550030878576
P23287_CNA1,51.2966355302028
P23291_YCK1,48.9547658391459
P23292_YCK2,46.5907188874543
P23298_Prkch,46.02215909966935
P23301_HYP2,57.6498417676883
P23308_sinI,37.6466879925088
P23331_tdk,64.6631147922947
P23337_GSY1,50.1651615435493
P23367_mutL,46.76277057495085
P23445_fliI,41.5809403595687
P23453_fliM,43.0925695336608
P23475_Xrcc6,47.4589127940838
P23477_addB,35.9815917271296
P23478_addA,37.5453084742181
P23479_sbcD,45.0743956662362
P23492_Pnp,66.6686057091703
P23506_Pcmt1,57.174472973973
P23522_garL,59.8740388437068
P23524_garK,51.94612700891895
P23538_ppsA,47.7239606957014
P23542_AAT2,52.7296992142911
P23545_phoR,43.8114989290189
P23572_Cdk1,38.1413328159075
P23573_Cdk2,43.5255058762057
P23586_STP1,42.2366817253231
P23589_Ca5a,59.3455508596881
P23591_Tsta3,57.5251656300393
P23594_PPH21,51.9280916105431
P23595_PPH22,50.5204203226331
P23615_SPT6,45.7669462921994
P23625_Galphaq,42.5659342382322
P23630_lysA,48.5670385382079
P23638_PRE9,49.024797275587
P23639_PRE8,50.9021665393307
P23644_TOM40,49.7183721225193
P23647_fu,39.8767214586968
P23678_unc-104,36.0870621368961
P23686_SAM1,38.7689817738906
P23696_mts,45.4302733474074
P23715_argC,40.5373836635315
P23721_serC,60.466854225236546
P23724_PRE7,49.1976605070024
P23776_EXG1,50.9264889877074
P23780_Glb1,61.7212342193766
P23827_eco,60.6613186641974
P23830_pssA,45.54167829231615
P23836_phoP,50.33323344780315
P23837_phoQ,46.3174914769906
P23839_yicC,52.5362879594707
P23843_oppA,49.705633713542454
P23845_cysN,43.100746455926256
P23847_dppA,64.43455461560005
P23862_priC,52.3220598822751
P23865_prc,47.408413261826695
P23869_ppiB,50.93871364150055
P23871_hemH,45.426432777482745
P23873_hipB,52.9726528818653
P23874_hipA,51.224457648324
P23881_Tcea3,51.7882983797959
P23882_fmt,49.456037438611
P23886_cydC,47.9211291996723
P23893_hemL,50.2330256824915
P23894_htpX,59.3071327003673
P23908_argE,56.3698347392488
P23909_mutS,45.6976022362121
P23914_levR,42.3842987866419
P23917_mak,62.88224715265285
P23927_Cryab,42.5080976291121
P23930_lnt,53.75339978547055
P23949_Zfp36l2,47.90548436576445
P23966_menB,47.8411459213831
P23970_menD,40.3281131052932
P23971_menE,45.9470373828251
P24000_RPL24B,41.6008194573564
P24009_ctaB2,46.9636990206448
P24010_ctaD,41.1138808109784
P24011_ctaC,47.7370313983113
P24012_ctaE,37.0363155919429
P24014_sli,41.7855473858476
P24031_PHO3,49.6783298072343
P24072_cheY,39.4208295187322
P24073_fliY,46.0579060508778
P24100_CDKA-1,40.8000593560857
P24136_oppD,42.4718773757726
P24137_oppF,41.6967905445258
P24138_oppB,39.7872651739806
P24139_oppC,37.7372622611282
P24156_l(2)37Cc,37.6159612981823
P24171_dcp,53.240685804395696
P24173_rfaC,48.34588151280355
P24178_yffB,57.6355126977955
P24182_accC,50.24876882787565
P24183_fdnG,62.2276454745475
P24186_folD,56.895945837071395
P24193_hypE,53.79991522434105
P24202_mrr,44.5754921958755
P24203_yjiA,46.7188494489028
P24205_lpxM,55.2337304852878
P24207_pheP,56.2307397828854
P24215_uxuA,53.4270957093047
P24216_fliD,51.2319811190811
P24219_sigL,43.3529887353205
P24224_acpS,50.7398817946017
P24228_dacB,49.09319179296345
P24230_recG,47.0882544868133
P24232_hmp,54.91296220511925
P24242_ascG,56.4008154772121
P24251_crl,45.3543043238038
P24252_ybgA,50.6087491559708
P24255_rpoN,44.0382306724557
P24270_Cat,50.2284607461407
P24276_SSD1,45.1843280768959
P24277_recR,39.4833434898645
P24279_MCM3,53.1033987717902
P24280_SEC14,47.3707899066348
P24309_DBR1,50.54210302377
P24327_prsA,35.9346008338287
P24369_Ppib,49.7418122597679
P24384_PRP22,47.4423368746919
P24452_Capg,52.0036640715049
P24456_Cyp2d10,46.3131761391895
P24472_Gsta4,47.8720773446667
P24521_ERG8,44.5845623464602
P24527_Lta4h,52.227582623886
P24547_Impdh2,51.1170059392393
P24549_Aldh1a1,54.959851301699
P24554_radA,46.147368578571246
P24555_ptrB,45.958429201523046
P24583_PKC1,51.5733039017649
P24636_TUBB4,38.6993045694087
P24638_Acp2,56.7201608550881
P24668_M6pr,57.7332997237247
P24783_DBP2,41.9381778720857
P24785_mle,44.2602713114734
P24788_Cdk11b,46.8342303054732
P24806_XTH24,37.0664321144986
P25007_Cyp1,42.6431796498289
P25037_UBP1,48.9164473956781
P25039_MEF1,48.5693676150044
P25040_TSR4,50.3699674811446
P25043_PUP1,49.2907510636642
P25053_tenI,44.1616589223431
P25087_ERG6,46.4000533530737
P25119_Tnfrsf1b,43.3169499691978
P25144_ccpA,50.3076519625
P25148_gspA,47.9686360872943
P25151_tyrS2,47.3464137424927
P25153_Ubc6,41.43632882875
P25157_cta,40.0642564464604
P25159_stau,45.6731578468509
P25161_Rpn3,38.7026251848542
P25172_Su(z)2,45.5561040200977
P25228_Rab3,37.0485064076774
P25293_NAP1,47.2355994885394
P25294_SIS1,50.0581408247051
P25297_PHO84,46.6231568043702
P25332_RBK1,52.4103739218985
P25342_CDC10,45.9398262815466
P25343_RVS161,49.2711453820055
P25344_STE50,51.236706756424
P25349_YCP4,51.3572531426993
P25359_RRP43,49.0470688032101
P25371_ADP1,49.1760844113073
P25373_GRX1,51.220403010667
P25374_NFS1,48.190899453124
P25375_PRD1,49.3253725543721
P25376_AGP1,42.153178263605
P25382_RSA4,55.014600516718
P25385_BOS1,54.5532550475867
P25386_USO1,51.7715980690704
P25397_tehB,44.6344569864332
P25437_frmA,52.5613891772628
P25439_brm,43.3672358545906
P25441_RPC53,47.9559323491042
P25443_RPS2,41.8887296542276
P25444_Rps2,57.1110903895136
P25446_Fas,56.0104108467942
P25451_PUP3,50.2076115334343
P25455_Plc21C,43.6894186900031
P25491_YDJ1,48.1249110077327
P25516_acnA,50.598719776013056
P25519_hflX,47.4541783777814
P25522_mnmE,46.85975716157025
P25524_codA,62.6503725236231
P25526_gabD,48.8724512900977
P25535_ubiI,47.606127374824
P25536_yhdE,49.833400410624506
P25539_ribD,51.81515035484685
P25552_gppA,49.99622671176465
P25553_aldA,56.25879596076405
P25554_SGF29,49.9391926851896
P25555_GBP2,45.6271615181341
P25558_BUD3,52.0621191477389
P25567_SRO9,45.7970170256428
P25569_GID7,51.1944945028317
P25576_POF1,50.8778277515894
P25586_KRR1,44.0084341175943
P25605_ILV6,50.7771011343159
P25608_YCR102C,52.2600245331292
P25617_YCR016W,44.1068372561355
P25623_SYP1,47.7477753739709
P25631_YCR051W,50.9130750586093
P25637_YIH1,48.284541503495
P25638_TAH1,49.9285504487042
P25644_PAT1,48.0502298999393
P25654_YCR090C,51.1297518643178
P25655_CDC39,49.6624501427563
P25659_FUB1,52.0967169494661
P25665_metE,49.41543386763565
P25666_htrL,50.3646014212929
P25688_Uox,50.0836390104711
P25694_CDC48,51.2464797805351
P25696_ENO2,46.732886132382
P25697_At1g32060,43.7405335150614
P25714_yidC,51.62675586969395
P25718_malS,49.4723043527891
P25719_CPR3,52.915349475911
P25740_rfaG,45.50101043628625
P25741_rfaP,45.53244737226795
P25742_rfaQ,45.07868983911305
P25745_mnmA,51.3642114504594
P25746_hflD,45.39498243676455
P25747_yeiB,58.988862594448
P25748_galS,55.2207550140765
P25798_fliF,52.73306924129625
P25799_Nfkb1,47.658984448736
P25807_cpr-1,39.7846888745556
P25811_mnmE,50.0371075399236
P25812_mnmG,47.7005192663882
P25813_rsmG,48.3645141656423
P25819_CAT2,52.1081678254128
P25822_pum,43.3977634991615
P25823_tud,36.6415080112365
P25843_chic,44.3404013274556
P25851_CFBP1,53.2024626795983
P25857_GAPB,38.5835999708907
P25858_GAPC1,36.8840054175991
P25864_RPL9,42.3509614347084
P25867_eff,45.6472789387316
P25888_rhlE,47.1138518500329
P25889_preA,49.59307048385685
P25894_loiP,62.395931622282006
P25906_ydbC,48.1545757360406
P25911_Lyn,45.4616632165733
P25971_pyrF,42.2580758616193
P25972_pyrE,40.4919573638341
P25983_pyrK,44.862651064087
P25991_su(f),41.51073910596
P25992_yem,42.7737637979568
P25993_pyrAA,40.9785712137773
P25994_pyrAB,36.7084499800102
P25995_pyrC,49.5556109718761
P25996_pyrD,40.8389877157428
P26011_Itgb7,51.0677734599135
P26019_DNApol-alpha180,42.4499869685568
P26039_Tln1,49.6792101025509
P26040_Ezr,53.5448302739351
P26041_Msn,50.5321647562163
P26043_Rdx,55.1022534241699
P26150_Hsd3b3,43.9736535069605
P26151_Fcgr1,58.5407358376584
P26187_Mgmt,46.06888340829145
P26231_Ctnna1,55.9876174043589
P26262_Klkb1,55.4889375493942
P26263_PDC6,48.6467128585759
P26270_Rpn8,45.6266918194086
P26281_folK,43.170002053485
P26308_Gbeta13F,43.1482661970217
P26321_RPL5,41.8006262727083
P26379_levD,50.1244310147145
P26380_levE,44.0497270641902
P26443_Glud1,52.3012014139986
P26450_Pik3r1,48.819164784211495
P26497_spo0J,34.8876179869204
P26516_Psmd7,50.9467993957884
P26569_At2g30620,45.0394451088155
P26570_PPZ1,46.4371697350261
P26612_amyA,56.51436463196145
P26616_maeA,46.8102331638259
P26637_CDC60,46.8545115097004
P26638_Sars,55.9131713099309
P26646_acuI,47.76595627805905
P26647_plsC,51.5052110678242
P26648_ftsP,49.5986552710135
P26649_glgS,54.61611639520445
P26675_Sos,40.6639004028097
P26686_B52,48.5869795669545
P26754_RFA2,51.4885544298973
P26755_RFA3,52.1079823466241
P26783_RPS5,42.6175863728411
P26784_RPL16A,42.7699536256894
P26785_RPL16B,42.3732924217017
P26786_RPS7A,42.4738178675743
P26793_RAD27,52.2939941246396
P26802_Dbp73D,36.7096306225959
P26883_Fkbp1a,55.2850069276176
P26899_ansB,54.9158376152322
P26903_dppB,41.9816362049274
P26904_dppC,39.6275650213646
P26905_dppD,41.0688106476564
P26906_dppE,52.7019563186553
P26928_Mst1,58.7292967386956
P26935_iolG,56.2664487345772
P26942_ysxB,54.0937607726542
P26955_Csf2rb,51.6110448431877
P27046_Man2a1,54.023828528466
P27091_gbb,37.8814486901686
P27111_cynR,52.55681194371955
P27127_rfaB,52.4269785161528
P27128_rfaI,51.27135239563575
P27129_rfaJ,44.9329705834786
P27140_BCA1,52.0974794620283
P27202_PSBR,42.6759391461357
P27206_srfAA,37.4769464438331
P27238_yfeD,48.8773590235919
P27240_rfaY,44.98386413386865
P27247_plsX,54.6937194566905
P27248_gcvT,51.3347059504975
P27249_glnD,47.90747625409425
P27250_ahr,58.51320433898745
P27278_nadR,49.166300858042945
P27298_prlC,48.68834078988755
P27302_tktA,57.2819005655296
P27303_emrA,42.78360174168755
P27306_sthA,49.2437848235029
P27323_HSP90-1,52.3835776233413
P27344_DPB3,54.0407759078501
P27398_sol,45.3155898877765
P27420_hsp-3,39.6574518870177
P27431_roxA,46.749417393021204
P27434_rodZ,59.5813700895961
P27466_CMK1,50.1777582358243
P27472_GSY2,49.5715674187082
P27476_NSR1,48.7832085078254
P27512_Cd40,63.0826736693674
P27521_LHCA4,35.6280731133266
P27550_acs,50.705146056339046
P27600_Gna12,46.4362533094069
P27601_Gna13,48.4165470989028
P27604_ahcy-1,45.6336976375138
P27612_Plaa,53.6513448254247
P27614_CPS1,51.853448783508
P27616_ADE1,51.1337852348144
P27619_shi,36.767760903175
P27620_tagA,42.8294174624662
P27623_tagD,42.2076950941649
P27637_BUD14,50.315307771634
P27639_inf-1,42.5462120852889
P27641_Xrcc5,52.3637129279148
P27659_Rpl3,43.46423958606255
P27692_SPT5,48.9788565064812
P27705_MIG1,51.0023868323397
P27773_Pdia3,47.2417898414623
P27786_Cyp17a1,51.8429839250806
P27808_Mgat1,55.3139461662451
P27809_KRE2,44.9741956727564
P27810_KTR1,46.8273349367661
P27828_wecB,55.87074139401495
P27829_wecC,47.48540926495525
P27830_rffG,45.68901921790185
P27832_wecD,56.13634511741965
P27833_wecE,54.8293524857778
P27836_wecG,45.22606715619655
P27837_yifK,42.9106379506832
P27838_cyaY,56.185388154618806
P27848_yigL,46.15989588221045
P27859_tatD,46.631217927502
P27862_yigZ,46.8477195333408
P27864_Rrp1,41.1150993885555
P27876_tpiA,41.0675080980905
P27882_ERV1,52.8360735959837
P27999_RPB9,51.9379228639212
P28000_RPC19,53.5931552578697
P28005_POP5,47.1661904989169
P28015_spoVG,37.5747222847731
P28033_Cebpb,53.1678047291792
P28159_Su(H),45.4082924960276
P28166_zfh1,45.5078480726027
P28167_zfh2,44.1273361050447
P28186_RABE1C,40.1361969860474
P28187_RABA5C,39.4465862023208
P28188_RABD2A,46.5500783746463
P28191_ptp-1,40.9970079081585
P28224_mliC,65.1751152206706
P28230_Gjb1,56.1864616348216
P28239_PPA2,44.1541070411709
P28241_IDH2,52.3925028060424
P28246_bcr,50.1313838906912
P28248_dcd,57.1628129100584
P28249_asmA,59.660406693439
P28263_UBC8,47.1573611901725
P28264_ftsA,43.4626911565313
P28271_Aco1,52.0189773147317
P28272_URA1,46.9137045181834
P28273_OXP1,47.0313173386611
P28274_URA7,45.4895676671397
P28304_qorA,55.52078869685705
P28305_pabC,52.3712843982362
P28306_mltG,50.299597299387
P28320_YJU2,46.3604638462317
P28366_secA,45.4573540356728
P28367_prfB,50.1834175456877
P28466_Wnt5,47.333163621621
P28474_Adh5,56.6691335573993
P28495_CAP1,50.0488085202925
P28518_Xpac,41.0672965533601
P28548_kin-10,43.535619809401
P28598_groL,47.3642021339757
P28611_motA,38.8773737009114
P28612_motB,46.3596352350809
P28618_pcp,51.6253582049031
P28628_sipS,44.4650425279717
P28629_adiA,54.4255263198922
P28630_holA,45.45676280600385
P28634_trmO,51.8600245628865
P28635_metQ,61.4509435041207
P28650_Adssl1,52.5236250723353
P28651_Ca8,50.8010871531807
P28654_Dcn,52.5088649009065
P28656_Nap1l1,49.3970418716494
P28658_Atxn10,48.2197376043481
P28659_Celf1,44.549389652333
P28660_Nckap1,51.4140207338688
P28661_Sept4,55.4724777288741
P28665_Mug1,61.0964352725483
P28666_Mug2,48.6788623390021
P28668_GluProRS,39.3648872817413
P28700_Rxra,57.0513897066658
P28707_SBA1,53.8474221394095
P28750_exu,43.8218291750824
P28769_CCT1,43.0527211591346
P28777_ARO2,52.6155807016053
P28789_HEM3,53.6491989697778
P28817_EHD3,47.1415518735352
P28819_pabA,45.0578045616066
P28820_pabB,44.6441471705748
P28834_IDH1,52.3932222065332
P28861_fpr,50.1108908516386
P28867_Prkcd,48.2481372041794
P28903_nrdD,42.5777213270868
P28904_treC,50.3013292853313
P28905_holC,48.7895845565624
P29012_dadX,56.576781072880394
P29013_ycgB,52.46869160471415
P29018_cydD,49.015151227280754
P29029_CTS1,51.3827115153621
P29072_cheA,49.1588776074951
P29131_ftsN,61.5225860537806
P29185_CPN60I,35.3864177548492
P29208_menC,48.20157461540675
P29217_yceH,47.707084655344204
P29252_folK,44.1734874646283
P29310_14-3-3zeta,45.0197127160205
P29311_BMH1,55.375478854979
P29327_RpS6,40.4783295403022
P29341_Pabpc1,51.6650501154882
P29349_csw,39.7701728888465
P29351_Ptpn6,46.2988744073168
P29355_sem-5,42.783158749939
P29387_Gnb4,48.36137030210395
P29391_Ftl1,58.4018956045088
P29402_CNX1,46.894036768131
P29413_Crc,42.7027617101074
P29416_Hexa,56.1300471068789
P29452_Casp1,45.88417173094665
P29453_RPL8B,42.1984045573435
P29468_PAP1,45.848590120168
P29469_MCM2,47.505642313908
P29478_SEC65,47.7570495408635
P29496_MCM5,45.359686498587
P29509_TRR1,47.3688253307778
P29513_TUBB5,37.8182972317915
P29517_TUBB9,39.9744291829221
P29547_CAM1,44.1565209071595
P29594_Casp2,49.163829945424354
P29621_Serpina3c,56.7875899031586
P29680_hemE,50.0302620552593
P29691_eef-2,46.5148124273695
P29699_Ahsg,55.0974687435294
P29703_RAM2,49.5660879985579
P29726_purA,42.5671377954102
P29727_guaA,54.1391415384286
P29742_Chc,37.2707919967069
P29744_flgL,56.9469497267856
P29745_pepT,50.251582020249245
P29746_bnb,44.9371468267714
P29758_Oat,54.5347881047978
P29843_Hsc70-1,40.8042561005941
P29844_Hsc70-3,43.1491397160274
P29845_Hsc70-5,42.0785491794824
P29952_PMI40,50.5043832498455
P29976_DHS1,37.2014406193171
P30011_nadC,47.46859702406595
P30014_rnt,48.546472674345296
P30015_lhr,58.0327893682819
P30115_Gsta3,46.0358052729443
P30125_leuB,64.9024702805168
P30126_leuD,51.5667104917191
P30128_greB,41.55862304413775
P30136_thiC,51.70549080913105
P30147_hyi,55.46303059893525
P30177_ybiB,60.073682798277005
P30178_ybiC,47.1199356656791
P30184_LAP1,53.9069942289011
P30204_Msr1,56.0920440145336
P30300_glpP,45.5492049952287
P30355_Alox5ap,55.68332782196945
P30402_URA10,53.4503230856689
P30416_Fkbp4,46.9165328974187
P30430_Fur1,43.06931115424
P30432_Fur2,43.9780408279348
P30605_ITR1,45.9870734150846
P30624_FAA1,44.1189515709535
P30625_kin-2,41.1080601944515
P30627_glb-1,43.6348636518751
P30632_asna-1,37.1589837243158
P30634_cdc-25.3,40.4159547223488
P30635_trxr-2,37.3911691741593
P30636_tpk-1,42.1234922570089
P30642_eif-3.D,36.9184701939651
P30643_R08D7.4,39.5500121427681
P30645_pde-2,40.3135839912933
P30646_R08D7.7,33.9473534689623
P30656_PRE2,50.3922246750677
P30657_PRE4,50.5188926005881
P30665_MCM4,51.4909650335663
P30678_Gna15,46.1921026067434
P30681_Hmgb2,54.0525165984223
P30744_sdaB,47.6397867196249
P30749_moaE,60.3160300100113
P30750_metN,52.6776606053121
P30771_NAM7,50.9474786198465
P30822_CRM1,53.000569146656
P30847_baeS,51.21411947441685
P30850_rnb,48.08614140366815
P30859_artI,62.4130737378886
P30860_artJ,51.4656217142599
P30863_dkgB,48.3974653018968
P30864_yafC,46.02337124360885
P30870_glnE,48.5164768050267
P30871_ygiF,43.82832938731795
P30949_hemL,41.0657646187417
P30950_hemB,46.9422124384715
P30958_mfd,45.46100950423509
P30993_C5ar1,56.034929239623494
P30999_Ctnnd1,40.9245949618511
P31001_Des,57.5170127790582
P31007_dlg1,44.2090871524529
P31009_RpS2,44.0364154298567
P31041_Cd28,49.149795207698
P31057_panB,62.3447022245684
P31060_modF,46.36831727765335
P31064_yedE,43.5496276012612
P31069_kch,56.488530793879
P31102_aroB,41.0324464971372
P31103_ndk,55.6973859625403
P31104_aroC,42.6707203166273
P31105_cheR,41.9678819672773
P31112_hepS,45.1314679204225
P31113_menG,46.6456641132903
P31114_hepT,43.1612795439281
P31115_DEG1,49.3590145263279
P31116_HOM6,54.5987394265545
P31119_aas,52.416659969774145
P31120_glmM,56.737026920596605
P31131_ydeJ,65.43906358635635
P31133_potF,64.8689658972044
P31142_sseA,48.94044235300535
P31166_APT1,44.389697201547
P31167_AAC1,34.1213539016392
P31224_acrB,50.01071255546
P31230_Aimp1,42.6798693938004
P31265_TCTP1,43.5244031677026
P31324_Prkar2b,46.4541809005129
P31362_Pou2f3,54.9887461212975
P31373_CYS3,52.2662885658778
P31374_PSK1,51.2107950096183
P31377_SYN8,52.8796687837014
P31383_TPD3,50.6171860592285
P31384_CCR4,54.8213672900806
P31385_DEP1,51.8886986575554
P31386_ATS1,50.205745546078
P31409_Vha55,47.5115984139309
P31412_VMA5,47.7093402228162
P31414_AVP1,46.2041443741421
P31433_yicH,45.561461634510195
P31434_yicI,56.2585309421186
P31441_ade,53.683107631373105
P31446_yidI,60.020769805339896
P31455_yidR,47.9114469858457
P31460_dgoR,51.4795924862113
P31473_ravA,44.47547873987135
P31475_yieP,54.637128468126704
P31539_HSP104,48.141578987711
P31545_efeB,46.1660253318945
P31547_metI,63.8990172623194
P31550_thiB,66.7986763742939
P31582_RABF2A,38.9659205784564
P31600_nfrA,64.8458014433513
P31649_Slc6a13,48.7031975232471
P31651_Slc6a12,46.3724726925097
P31658_hchA,57.3890419173486
P31660_prpC,45.722783530946955
P31663_panC,51.15111332541176
P31677_otsA,44.59716711665115
P31678_otsB,45.19521794074635
P31688_TPS2,47.9203951475965
P31697_fimC,51.2729492213794
P31750_Akt1,47.3115261483991
P31801_chaA,56.2995135373866
P31802_narP,49.7959877971924
P31806_nnr,51.590594604927006
P31808_yciK,45.023920509215046
P31828_pqqL,45.7024613148031
P31847_ypuA,48.9049692174752
P31938_Map2k1,46.0662456890102
P31979_nuoF,48.67284536310795
P32020_Scp2,53.2497280285545
P32037_Slc2a3,48.423806589881
P32047_MLF3,54.1956687302044
P32067_Ssb,48.9492743115566
P32068_ASA1,48.4289503016925
P32069_ASA2,46.1959700200246
P32074_SEC21,49.0947717837277
P32099_lplA,46.39312823505385
P32100_RpL7,37.6293215943221
P32131_hemN,46.14276127946335
P32132_typA,44.85282524245655
P32138_yihQ,54.000238035158
P32141_yihT,47.251294373574
P32144_yihW,46.973320200107054
P32157_yiiM,55.4666404413984
P32160_yiiQ,53.381777955858
P32162_yiiS,54.7412505936602
P32166_menA,57.23145766688499
P32170_rhaA,60.4193963151583
P32173_mobA,47.975675157964446
P32177_fdhD,64.48355075764024
P32178_ARO7,49.9427642092519
P32179_MET22,50.2713732944558
P32190_GUT1,54.4914334907517
P32191_GUT2,42.4715176268154
P32233_Drg1,53.7405154690281
P32234_128up,36.0764880426376
P32263_PRO3,51.7729858825945
P32264_PRO1,44.8373232272395
P32288_GLN1,48.0916480412022
P32316_ACH1,52.0289340268126
P32319_PEP1,48.8489057100311
P32324_EFT1,51.9661614541661
P32327_PYC2,49.2646459221131
P32335_MSS51,47.7426715482814
P32337_PSE1,52.4222029603172
P32342_SRP21,43.8729638494837
P32345_PPH3,52.9096455371484
P32347_HEM12,53.6479611711643
P32349_RPC82,46.543569494134
P32351_IMP2,48.2368785461461
P32356_NTH1,49.4253518810294
P32366_VMA6,50.1714521066056
P32377_MVD1,52.3854975247698
P32379_PUP2,51.1452186933037
P32380_SPC110,49.234267197818
P32381_ARP2,49.5785609803064
P32387_MRP20,44.0734003121034
P32389_MET4,52.2171829622953
P32392_Arp3,45.2509943436525
P32396_hemH,48.1997264646989
P32397_hemY,42.1821054578894
P32399_yhgE,37.3567821665615
P32419_MDH3,48.7946156227045
P32432_SFP1,53.9724305869134
P32436_degV,50.1081203216231
P32437_yvyE,47.1270079735762
P32445_RIM1,49.6536798347147
P32447_ASF1,51.9114472720292
P32449_ARO4,47.6598605181644
P32451_BIO2,49.1620490353814
P32454_APE2,50.6994069391391
P32457_CDC3,49.7128954455788
P32458_CDC11,48.8181265631786
P32459_DAL3,50.0631588718213
P32461_DPH2,49.3856185747305
P32463_ACP1,50.2422943991121
P32468_CDC12,48.160777735822
P32469_DPH5,46.6432830435598
P32471_EFB1,55.8154251470239
P32472_FPR2,54.657182029425
P32473_PDB1,47.8816643986338
P32474_EUG1,48.7773107227769
P32477_GSH1,44.5295333513023
P32481_GCD11,50.5865111835975
P32485_HOG1,49.9721542937066
P32486_KRE6,42.6624291377008
P32492_MYO4,48.5376154656575
P32494_NGG1,44.0694055077011
P32495_NHP2,44.772853426751
P32496_RPN12,51.4228268838119
P32497_NIP1,47.0084149116413
P32499_NUP2,59.6489588121375
P32501_GCD6,44.3560087072102
P32505_NAB2,50.0458371600212
P32507_Nectin2,51.9382195010195
P32521_PAN1,50.9822827841328
P32523_PRP19,47.1283339386054
P32524_PRP21,44.9282056343846
P32527_ZUO1,42.2737599823963
"P32528_DUR1,2",49.6630832503385
P32558_SPT16,44.0136718763416
P32563_VPH1,57.2362526781283
P32565_RPN2,45.1253673312463
P32566_SMI1,47.8388757797193
P32573_SPS19,51.2392737482273
P32582_CYS4,49.6423817544059
P32585_SRB5,47.2280519567199
P32588_PUB1,53.3281896761858
P32589_SSE1,47.9276675275176
P32590_SSE2,45.2613211026825
P32591_SWI3,45.767613017858
P32597_STH1,47.0514717055877
P32598_GLC7,47.8103513709308
P32599_SAC6,48.5838787354412
P32602_SEC17,50.6444590601251
P32603_SPR1,51.3907008339524
P32607_RTG1,54.6355144556376
P32608_RTG2,49.9455588829688
P32610_VMA8,52.265440109172
P32611_RML2,42.3735364591587
P32614_FRD1,53.4529666649566
P32617_IES6,45.8409921333808
P32618_YEL043W,50.4979084791203
P32623_UTR2,50.8177400005003
P32626_UTR4,50.1447071947647
P32628_RAD23,55.1695900647897
P32634_PMD1,49.1363197013291
P32643_TMT1,49.2549274704007
P32662_gph,54.8966208821592
P32664_nudC,45.7790135215029
P32669_fsaB,62.7364384423355
P32670_ptsA,56.9628450460899
P32675_pflC,48.1309090380813
P32680_yjaG,45.8036501152962
P32684_rluF,46.188167018159
P32695_dusA,49.39157588739555
P32703_yjcE,45.271750797655145
P32705_actP,45.7789874325615
P32718_alsK,52.24968594112705
P32719_alsE,53.2713789780018
P32720_alsC,64.7048497278813
P32727_nusA,44.1501773383125
P32732_truB,54.6514280424007
P32748_Dhod,38.5248203826549
P32756_cha-1,32.1578405453664
P32769_HBS1,48.8863246635752
P32771_SFA1,52.611930398458
P32774_TOA2,51.6535533768891
P32775_GLC3,53.5157364244988
P32787_MGM101,47.6575503829045
P32790_SLA1,49.5591376040183
P32795_YME1,53.723628316435
P32797_CDC13,52.3952275974847
P32804_ZRT1,48.0507615707818
P32826_SCPL49,40.2443825612089
P32831_NGR1,43.2817169635244
P32832_NPL6,44.3981784739361
P32835_GSP1,49.2342892904079
P32836_GSP2,49.5643589956921
P32844_SEC6,48.9941791428474
P32860_NFU1,58.3653359740839
P32861_UGP1,49.7464917020927
P32864_MRS6,44.0006603893051
P32865_Gprk1,35.8573396810943
P32867_SSO1,52.090768366778
P32870_rut,45.7254096435956
P32883_Kras,48.0163901763958
P32892_DRS1,42.9308655656065
P32895_PRS1,47.3726928248642
P32898_CYM1,50.3042383080304
P32902_MRP4,42.664215554043
P32905_RPS0A,45.621325506017
P32909_SMY2,53.6977542294672
P32911_SUI1,51.9346479266291
P32912_VAM7,50.4274879528919
P32921_Wars,51.4454286077526
P32939_YPT7,48.5764796536331
P32959_pbpE,49.9851823011349
P32960_racX,42.1005689640487
P32961_NIT1,50.6185476377385
P32962_NIT2,47.4897853210992
P33012_sbmC,55.806841004693
P33018_yeiG,59.39978157433485
P33022_rihB,55.5822036972067
P33025_psuG,47.0301441839746
P33030_yeiR,47.30351646108815
P33136_mdoG,57.3132266377616
P33166_tuf,45.1339460863177
P33174_Kif4,47.068326551409896
P33175_Kif5a,45.1698102288136
P33189_yhxA,54.0429634002615
P33195_gcvP,56.3255310957229
P33201_MRT4,48.3203796541939
P33204_ARC19,51.456110194308
P33207_At1g24360,52.7130573127622
P33215_Nedd1,49.36880220901275
P33218_yebE,49.8890897931154
P33221_purT,48.6083948997714
P33224_aidB,57.03849330337455
P33225_torA,62.04669293061305
P33232_lldD,54.612097232480295
P33235_flgK,62.2835856771327
P33244_ftz-f1,43.2388055255187
P33267_Cyp2f2,57.6532610001554
P33297_RPT5,49.4522376846575
P33298_RPT3,45.7216080402847
P33299_RPT1,44.9751470390159
P33306_BCK2,52.0613880006533
P33307_CSE1,49.3200129903768
P33308_CSE2,50.8867412769789
P33312_RIB7,52.5927774034686
P33313_CNS1,45.1945295761745
P33315_TKL2,52.5041445604922
P33317_DUT1,56.4513993533564
P33322_CBF5,45.9004338753148
P33324_YKL091C,55.0135306652136
P33327_GDH2,48.5957458006595
P33328_SNC2,47.7925357519549
P33330_SER1,47.7633634962821
P33331_NTF2,53.998950843719
P33338_SLA2,49.4884335172022
P33355_yehS,51.389609944563645
P33360_yehX,49.3654524224678
P33362_yehZ,55.583932368476255
P33363_bglX,50.7969211512482
P33368_yohF,53.04962859329055
P33371_dusC,56.131932467563246
P33399_LHP1,49.7394800334574
P33401_PGM1,52.8398621617121
P33412_ECT1,43.5991582013419
P33416_HSP78,48.2971457401461
P33417_IXR1,47.9121656288027
P33438_Glt,45.0437077066995
P33441_MFT1,48.7227883252551
P33442_RPS1A,41.7938667374067
P33487_ERABP1,60.5072518523388
P33570_tktB,59.6079602117546
P33587_Proc,48.2365738540232
P33590_nikA,50.5678898399231
P33596_recX,45.376598594934805
P33599_nuoC,49.2485129939797
P33602_nuoG,51.314152352507506
P33607_nuoL,42.9185928185618
P33609_Pola1,48.14021598748511
P33610_Prim2,48.63213752347575
P33611_Pola2,48.6941600532389
P33643_rluD,47.43695393629285
P33644_yfiH,59.6616969872928
P33667_selU,48.3732647456254
P33690_comQ,45.1308838090239
P33734_HIS7,48.6272916263646
P33748_MSN2,49.9517338385251
P33749_MSN4,50.9798215810104
P33750_SOF1,53.464388587547
P33755_NPL4,49.3857703394701
P33759_MRPS5,41.3386092546681
P33775_PMT1,39.627160498635
P33892_GCN1,46.438532629472
P33911_csrA,50.3794648457549
P33913_yejA,51.546379411770644
P33916_yejF,58.01146556902545
P33920_yejK,47.451286688221
P33927_ccmF,53.3285400149726
P33937_napA,55.0326428215902
P33941_yojI,51.2484220685579
P34022_Ranbp1,50.94285385419715
P34078_LTV1,54.683632326135
P34082_Fas2,44.9558199966618
P34087_RPB7,51.2317866990328
P34152_Ptk2,51.2613654564674
P34160_STO1,49.9970312276683
P34162_SRB2,48.7650213519259
P34163_TGL1,58.4585313088069
P34167_TIF3,52.4027497018675
P34183_hrs-1,33.5287328703251
P34209_ydcF,45.783473180066295
P34216_EDE1,53.6032640920404
P34217_PIN4,56.6627351574367
P34220_YBL055C,50.7576538189413
P34221_PTC3,50.6039433142275
P34226_SKT5,49.7042675152508
P34227_PRX1,49.4235221397431
P34237_COY1,47.8570198190321
P34240_ZRT3,41.3862371994526
P34254_anmt-1,38.2910219072585
P34255_B0303.3,39.9761386787183
P34260_vps-33.1,39.5863319351189
P34264_mrpl-11,42.3347906050191
P34274_C02C2.6,44.725020766342
P34280_C02F5.3,34.6476918546
P34283_C02F5.6,35.5773049187032
P34284_C02F5.7,38.7273009172139
P34286_pbs-6,48.099618825088
P34304_C06E1.9,36.877698611741
P34305_rha-2,35.5210878764652
P34308_clp-1,41.202369476308
P34313_C07A9.2,39.91590383503
P34329_C14B9.2,41.329761389317
P34331_plk-1,37.3541528346842
P34335_C14B9.8,36.2952635301108
P34342_ran-2,42.6022433729694
P34343_npp-15,38.8251477060318
P34344_tag-250,37.4540596851104
P34345_gsto-1,38.9218626983504
P34346_let-754,49.6918930253143
P34349_C30A5.3,44.9393671642222
P34355_acox-5,34.2336930086217
P34368_C50C3.5,43.0011133517111
P34369_prp-8,42.9171814896995
P34370_cil-1,40.9019522447078
P34379_atg-13,47.984076568492
P34384_F02A9.4,36.7557569768295
P34388_mrps-9,39.3121925101125
P34398_F10E9.4,41.823544593407
P34412_F22B7.9,34.9364408356537
P34419_F42H10.6,38.7544534694416
P34422_dpf-6,46.8607968221248
P34427_lin-36,45.8922050703233
P34429_F44B9.8,33.9501911662477
P34438_F44E2.8,41.8376428637543
P34439_F54C8.1,39.2723725944177
P34452_F54F2.7,38.7778752750176
P34455_aco-2,41.8043350885965
P34460_eef-1B.1,40.4974430726851
P34466_clu-1,38.5639567557414
P34471_pri-1,37.5005022918438
P34473_F58A4.6,36.6230386924267
P34475_tbg-1,39.3662234986376
P34480_F59B2.3,42.1980189108415
P34492_K02D10.1,45.5180288022226
P34496_mtss-1,52.8303947376468
P34497_gln-2,48.8375738707052
P34508_crn-6,44.3490620012245
P34524_K12H4.3,53.2316132963533
P34528_K12H4.7,49.0416542152466
P34540_unc-116,38.3147873730728
P34541_R05D3.8,46.4264457768904
P34542_R05D3.9/R05D3.10,39.4487667187602
P34545_cbp-1,42.4055929962101
P34552_alx-1,38.6007195811701
P34556_cdk-1,38.059295176045
P34560_rmd-1,34.5753106050229
P34567_T16H12.4,41.8919775231539
P34574_chc-1,41.0362391551018
P34575_cts-1,44.434131467036
P34580_T26G10.1,39.0197989286657
P34604_ZK1098.4,36.5771470340354
P34623_ufbp-1,52.5530340295511
P34624_cyy-1,42.0672664412794
P34630_cutc-1,44.4586379785541
P34647_mcm-6,37.2363842004665
P34648_ZK632.2,42.6747357798941
P34649_riok-3,37.6600169701721
P34650_ZK632.4,41.9000489237519
P34652_cnx-1,53.3793882399364
P34657_ZK632.12,35.5095225955277
P34664_ZK652.6,38.4571333284134
P34666_coq-5,32.4780055894962
P34668_ZK686.2,42.3393068174087
P34675_ZK688.5,44.1811814846944
P34676_pcp-5,39.9218545586034
P34678_gly-3,39.2020337600654
P34681_tag-76,49.7173188214961
P34685_cap-1,45.6238698754515
P34686_cap-2,46.9180282704301
P34689_glh-1,38.6141347831134
P34692_T01G9.2,42.2871271616974
P34703_emb-5,34.3282520779332
P34705_kup-1,53.7801825150548
P34722_tpa-1,40.5707780575101
P34739_lds,39.3730821045355
P34748_mrps-23,39.1542197385144
P34760_TSA1,55.9365047961362
P34761_WHI3,51.478829253885
P34788_RPS18A,37.5196156636866
P34790_CYP18-3,44.2353471525431
P34791_CYP20-3,39.7422159320955
P34795_PGIC,51.1505334075948
P34802_GGPPS1,43.5214656600167
P34815_unc-18,39.6340275730824
P34884_Mif,61.3169646663434
P34909_MOT2,44.7832958420873
P34914_Ephx2,58.7465988092614
P34927_Asgr1,48.5444818335998
P34945_serS,97.09511904523629
P34956_qoxB,36.0943229380115
P34957_qoxA,40.214824683569
P34958_qoxC,40.0842411309225
P35056_PEX5,54.8582811881561
P35122_Uch,47.1823768892366
P35123_Usp4,44.4385329604738
P35128_ben,37.3229445782456
P35136_serA,41.1982726570044
P35137_ppiB,47.4775118840203
P35146_aroD,43.5391179176934
P35149_spoIVA,44.6550907290812
P35155_scpB,47.8378266819753
P35159_rluB,34.176857424416
P35160_resA,50.9976361339564
P35161_resB,39.5447869302286
P35163_resD,44.750411309022
P35164_resE,43.1792277755488
P35176_CPR5,51.8423190448293
P35178_RRP1,47.3295442872304
P35179_SSS1,42.4713045581854
P35180_TOM20,54.2743432507482
P35182_PTC1,46.3575265458665
P35184_SQT1,44.4446621057902
P35189_TAF14,55.3846521709748
P35193_ATG19,54.6379232425536
P35195_ECM15,51.346517376262
P35197_GCS1,55.0485066298365
P35202_THI80,52.9009900667294
P35207_SKI2,42.7096062966422
P35220_alpha-Cat,42.1260706547281
P35235_Ptpn11,52.1722897308225
P35278_Rab5c,50.9535817921342
P35279_Rab6a,45.798939772622006
P35282_Rab21,50.4964253799203
P35285_Rab22a,58.2525596327166
P35290_Rab24,61.0993648202559
P35293_Rab18,49.7237728882209
P35294_Rab19,58.6332672316926
P35330_Icam2,49.9053037756562
P35340_ahpF,53.06682708466545
P35421_ade2,43.3230441347458
P35441_Thbs1,55.0146632912667
P35486_Pdha1,49.9211598948758
P35492_Hal,57.7263750654554
P35510_PAL1,53.0193744862591
P35550_Fbl,51.423086250193904
P35564_Canx,42.8202386462135
P35585_Ap1m1,49.4182236899281
P35600_Gnf1,40.3928054263197
P35602_unc-101,44.8224473086646
P35603_dpy-23,41.3485052596042
P35614_ERF1-3,40.6209029199279
P35620_flhA,42.5048224061252
P35691_TMA19,50.5813625044174
P35700_Prdx1,52.832399188427146
P35719_MRP8,52.5807644086555
P35728_MPE1,47.9952674655203
P35732_DEF1,52.813012902288
P35736_YKL050C,50.0066872254454
P35817_BDF1,43.3537311064431
P35820_Psc,42.4583397811512
P35831_Ptpn12,50.3930420081788
P35832_Ptp99A,41.5248531514375
P35842_PHO11,55.3373968861099
P35844_KES1,49.4505634578027
P35875_Parp,36.8053879559565
P35922_Fmr1,54.4495965090746
P35951_Ldlr,53.7627419418767
P35980_Rpl18,57.8977255555945
P35991_Btk,44.1885200131424
P35992_Ptp10D,44.0954182283377
P36007_SRY1,47.75301599762
P36008_TEF4,43.1532215102937
P36010_YNK1,51.4435384774969
P36013_MAE1,45.1935232265052
P36015_YKT6,47.0294517885389
P36016_LHS1,45.7044289370278
P36017_VPS21,45.8417238234734
P36018_YPT52,49.6035764992542
P36036_YRA2,45.8849575567582
P36037_DOA1,54.144677422697
P36040_ADD66,47.7027692188899
P36041_EAP1,51.9115220319023
P36046_MIA40,52.675911590968
P36047_SDS22,48.9710516041181
P36049_EBP2,43.03647300924
P36053_ELF1,57.945584068227
P36059_YKL151C,53.4274170508595
P36060_MCR1,45.3667790299056
P36069_PMU1,44.980846360756
P36076_CAB3,51.6310131205711
P36077_SRX1,54.957028966243
P36080_RRP14,46.2799410600598
P36084_MUD2,53.1464082380681
P36088_YKL069W,47.4784622297256
P36103_YKL023W,43.0519033001842
P36104_SWD2,55.537991857845
P36105_RPL14A,41.6863471645461
P36110_PRY2,49.6415578781077
P36114_YKR018C,49.2233598152516
P36116_VPS51,52.5830590081463
P36119_YKR023W,61.6588931582503
P36121_RPC37,47.4259336717899
P36124_SET3,50.1368406946302
P36136_SHB17,49.8350968499147
P36139_PET10,45.0331657554761
P36141_FMP46,52.1778853802717
P36145_TFA2,50.0393605912622
P36149_BET3,45.9241093265118
P36150_MET1,54.2078587218004
P36151_YKR070W,46.911807369484
P36152_DRE2,52.6008744125704
P36154_AIM29,54.4755561911921
P36156_ECM4,56.9386302302001
P36159_TRZ1,51.7177796149162
P36160_RPF2,43.7336758938406
P36162_DAD2,48.1268606392163
P36167_SRL3,52.4672099107491
P36169_SKG1,54.9889485019457
P36179_Pp2A-29B,40.2139637655281
P36224_JNM1,53.9693610020645
P36421_TYS1,46.3445156878233
P36423_Tbxas1,54.3187094989663
P36428_ALATS,45.7124532859032
P36430_leuS,46.0444953668219
P36520_MRPL10,42.6254027792883
P36521_MRPL11,43.4722591371105
P36526_MRPL27,41.0115219334659
P36531_MRPL36,50.1288222645343
P36532_MRPL37,51.6639231124122
P36536_Sar1a,42.8352609330875
P36552_Cpox,53.8615078146404
P36553_hemF,50.4128309052604
P36561_cobS,63.7975964610371
P36562_cobT,46.051384026791
P36566_cmoM,47.2465482823397
P36573_lec-1,48.4056259277672
P36609_ncs-2,47.1707917497585
P36655_dsbD,57.9467683317973
P36659_cbpA,56.08118311840085
P36672_treB,51.3996771093296
P36673_treR,48.5441505870491
P36680_zapD,49.7834475070839
P36683_acnB,47.08095903909205
P36767_rdgC,56.86085072436595
P36771_lrhA,58.23658812973345
P36775_PIM1,43.8688878828663
P36837_dtpB,51.7758699455863
P36838_carA,43.7606703193229
P36839_argD,48.2729977680923
P36843_argJ,43.5246955685617
P36872_tws,44.6027498349846
P36879_yadG,55.980369324780796
P36916_Gnl1,47.020606808762
P36929_rsmB,47.26208791078835
P36938_pgm,53.32604113320225
P36945_rbsK,46.7089255091398
P36947_rbsA,42.0820646533296
P36948_rbsC,42.209572200413
P36949_rbsB,39.4054911639792
P36951_Gip,46.0376995310899
P36958_RpII15,48.6614768818461
P36979_rlmN,53.35728068394165
P36993_Ppm1b,53.5115677630882
P36999_rlmA,50.37853835989105
P37005_lasT,44.75599773658265
P37012_PGM2,54.6514633434802
P37024_hrpB,44.93327023465765
P37025_thpR,52.79916015599155
P37028_btuF,51.16496675768065
P37040_Por,46.9960449428362
P37051_purU,55.1960485790395
P37052_ychJ,50.0402900371541
P37095_pepB,47.21994870929775
P37104_ylxM,37.9075747861553
P37105_ffh,41.2376002566756
P37107_FFC,44.3066009792348
P37128_nudK,48.71065514981015
P37147_fxsA,66.8790472782742
P37172_Acvr1,54.7794280881765
P37177_ptsP,45.9659495952811
P37180_hybB,56.6375614909038
P37182_hybD,55.4888326028134
P37188_gatB,53.47636376626375
P37193_Fdxh,47.0524090916823
P37194_slp,49.4153670646717
P37195_dctR,44.1242422681195
P37197_yhjA,50.61568481174105
P37251_ilvB,44.4891305814743
P37252_ilvH,52.1086836058225
P37254_ABZ1,49.5699112262745
P37262_SOL2,46.9156154952432
P37263_YCR087C-A,47.0804379778295
P37276_Dhc64C,37.5963526064982
P37291_SHM2,49.7080535547052
P37292_SHM1,52.3382358998706
P37302_APE3,50.5337050574979
P37303_GLY1,46.797503401922
P37304_PAM1,53.6991485548459
P37313_dppF,51.57464362825925
P37325_ybcH,64.4666796833185
P37327_yfdC,51.2631478331136
P37329_modA,64.4603718586103
P37330_glcB,51.3046101006815
P37338_csiR,50.8549453693822
P37339_lhgO,54.362381616309605
P37340_mdtK,53.6899973815841
P37342_yjjI,50.55861364343065
P37344_pspF,59.2748835885763
P37349_dhaM,48.71070546991095
P37351_rpiB,57.02139735570435
P37353_menE,46.0671505148639
P37387_xylF,47.5308150630283
P37388_xylG,50.1530874572777
P37437_rplI,36.9886550525442
P37440_ucpA,50.9311628493449
P37464_serS,43.8989096295556
P37465_metG,43.9588838500196
P37468_rsmA,43.3101722108931
P37469_dnaC,42.8113882783091
P37470_spoVC,43.3099879495296
P37472_hprT,42.281906263596
P37474_mfd,40.2548331168295
P37476_ftsH,41.2796330328152
P37477_lysS,43.0349736304887
P37478_walR,47.8925446506963
P37479_yycE,51.2970534746135
P37483_yycA,37.2653208292345
P37484_gdpP,49.6681877468235
P37487_ppaC,53.4028413038265
P37491_yybM,36.9219521405834
P37494_yybJ,41.4727429989935
P37503_yybA,49.7360903972663
P37507_yyaQ,45.8915140798291
P37512_yyaL,47.7607189299357
P37517_ccpB,45.4956556391757
P37518_ychF,43.457006845838
P37519_yyaE,59.260480510919
P37522_soj,45.1756942336253
P37523_yyaB,39.9118277762111
P37524_noc,46.5684789283336
P37525_yaaB,47.6676252638369
P37527_pdxS,46.638579772504
P37528_pdxT,47.0518642496351
P37529_dck,43.0599302141056
P37530_dgk,39.410344879825
P37535_yaaN,47.8579875148821
P37536_yaaO,43.7070226321627
P37537_tmk,43.1069646402853
P37541_yaaT,44.9576226355103
P37542_yabA,48.9665937092902
P37543_yabB,42.4023881858541
P37550_ispE,40.9798715270296
P37551_purR,50.0624636666158
P37554_spoVT,43.5825362666877
P37556_yabN,42.996441065725
P37557_yabO,39.5094035122567
P37560_yabR,40.0044645545769
P37566_yacD,43.3072005886902
P37567_dus1,48.5064383157666
P37568_ctsR,42.8313550253203
P37569_mcsA,44.906231464006
P37570_mcsB,42.8468271881038
P37571_clpC,45.9882098778543
P37572_radA,44.4422711183778
P37573_disA,44.5264057132499
P37575_spoIIB,44.8553924378701
P37580_fhuD,48.0038832906057
P37584_csaA,55.857715873509
P37585_murG,41.6888363295568
P37590_pmrD,56.564189718815555
P37595_iaaA,59.2216041855364
P37599_cheV,48.4117447243642
P37613_panM,50.59514024606375
P37614_yhhL,48.65141185547
P37615_yhhM,51.3404023002723
P37617_zntA,50.58520108086875
P37624_rbbA,51.814665602092205
P37626_yhiI,50.213310956794444
P37631_yhiN,50.2512870337005
P37634_rlmJ,53.31475425241565
P37636_mdtE,52.6088321922921
P37637_mdtF,50.0454922517682
P37641_yhjC,57.2254530374279
P37642_yhjD,53.0284798510745
P37645_yhjG,49.11799394840985
P37647_kdgK,54.6600002516194
P37648_yhjJ,51.539183270202855
P37649_yhjK,46.20212788629195
P37651_bcsZ,58.7696985455873
P37652_bcsB,46.2865825419619
P37659_bcsG,55.2226689921989
P37661_eptB,47.6844420002985
P37666_ghrB,48.714520934083595
P37671_yiaJ,48.2176815913012
P37672_dlgD,46.5032707750882
P37676_yiaO,50.6579705437562
P37685_aldB,53.71604895320295
P37689_gpmI,52.0425142883497
P37690_envC,50.8365831217336
P37691_yibQ,46.811313581642
P37692_rfaF,44.8849639913438
P37702_TGG1,54.3213680454899
P37744_rfbA,49.326328047847795
P37745_rfbC,47.786279621430495
P37747_glf,48.756145339622705
P37749_wbbI,41.717617354651395
P37750_wbbJ,54.29408730740295
P37751_wbbK,46.033510234012454
P37757_yddE,50.7471580441467
P37759_rfbB,43.76173360786715
P37760_rfbD,48.508330705223
P37765_rluB,44.7846300608428
P37767_yfhH,51.0655087624327
P37769_kduD,42.0208639144501
P37773_mpl,51.0627876940651
P37774_yecC,48.150413900786944
P37794_chbG,57.674888160242006
P37804_Tagln,54.6899759913152
P37808_atpA,44.2166895160797
P37809_atpD,45.8077982192878
P37810_atpG,43.0902778285662
P37811_atpH,44.3625953723583
P37812_atpC,40.3690618898193
P37815_atpE,39.9052477274839
P37869_eno,40.8747964021111
P37870_rpoB,37.5919465806813
P37871_rpoC,38.3272475817426
P37874_ygxB,41.5149678404849
P37876_ytxK,41.8880689004138
P37877_ackA,43.4419193780665
P37898_AAP1,49.8730326178821
P37902_gltI,62.7403919683283
P37903_uspF,57.6725349613601
P37940_bfmBAA,46.7752552238597
P37941_bfmBAB,46.4671496081498
P37942_bfmBB,46.6106103361574
P37944_aroK,47.642660678514
P37945_lon1,44.0608062510512
P37946_ilvA,45.3046733844646
P37948_glpT,36.5206953065723
P37949_lepA,46.3085212655123
P37954_uvrB,43.1768717107764
P37963_spoVID,44.1224994487436
P37965_glpQ,45.3004866647031
P37966_lipO,46.5741052278863
P37967_pnbA,53.3620507872014
P38009_ADE17,52.7158223240994
P38011_ASC1,54.4847207942828
P38021_rocD,42.9266350730016
P38022_rocR,40.4141121905882
P38025_PUR7,41.1598328908519
P38038_cysJ,46.72851157732895
P38040_Ggamma1,50.1060095970465
P38041_BOI1,45.7051084425872
P38050_pbpF,48.301805887763
P38051_menF,53.145528278102645
P38060_Hmgcl,48.4075672520392
P38061_RPL32,42.3142313742727
P38063_PRS4,47.368674506913
P38066_RIB1,49.3163656919947
P38067_UGA2,51.1309063132718
P38068_GRX7,47.5518353996932
P38071_ETR1,52.4582003106734
P38074_HMT1,43.3156559744244
P38075_PDX3,49.4512883907656
P38077_ATP3,50.018928218538
P38080_AKL1,51.0810354735361
P38081_YBR056W,46.2248514435638
P38088_GRS1,46.2810941956248
P38097_yegE,46.6073854297599
P38104_rspA,55.6911924836364
P38109_YBR139W,50.4731954937086
P38112_MAK5,41.726544663993
P38113_ADH5,46.2216075916849
P38115_ARA1,52.2967574339087
P38120_MRPS9,43.561774311972
P38129_TAF5,41.3944908724664
P38131_KTR4,43.8127280007492
P38137_PCS60,46.9047209277286
P38138_ROT2,49.4303969831563
P38145_RIB5,46.1671778807459
P38149_DUG2,49.8884426507234
P38153_APM3,47.8161828612169
P38162_MIX23,59.2799825764
P38166_SFT2,48.0703886884044
P38174_MAP2,50.0940900964561
P38175_MRP21,55.169373077072
P38197_YBL036C,50.4632212905254
P38199_HEK2,48.5155193389436
P38203_LSM2,49.6878361498405
P38205_NCL1,50.8487880535604
P38219_OLA1,45.4706397402867
P38230_ZTA1,48.2693638337855
P38234_RFS1,53.5106613540488
P38235_YBR053C,52.0929696156654
P38237_UBP14,52.4114271604517
P38238_TRM7,51.1953374761021
P38239_YBR062C,63.562971999032
P38243_YBR071W,53.6081301575649
P38248_ECM33,50.4532624787292
P38249_RPG1,47.6159250289375
P38250_IST2,53.6592857590009
P38255_RXT2,50.7004374590607
P38260_FES1,55.1139682109091
P38264_PHO88,42.6333416129507
P38266_AIM3,53.0498426544101
P38272_SHE3,46.7346410981839
P38276_YBR137W,52.4662865460062
P38281_APD1,52.0500150998384
P38282_SPP381,48.8379971943984
P38284_ICS2,53.916972488273
P38288_TOS1,51.1786258805733
P38293_UMP1,53.6793927136312
P38295_EHT1,44.541475026647
P38302_NTC20,51.1244938932766
P38314_SDS24,46.2120885880155
P38328_ARC40,49.8248917639712
P38331_YBR242W,56.5770069197699
P38333_ENP1,45.9087854984879
P38339_RGD1,50.3304737720926
P38340_TAE1,46.2736147379944
P38345_SDH8,54.4357814541343
P38349_UBX7,53.0583200345163
P38351_PAF1,51.937161529834
P38352_SAF1,49.6106329154354
P38354_YBR285W,45.9588000620725
P38418_LOX2,37.9203547071825
P38423_yqxK,44.1261188126727
P38424_engB,43.9291467768929
P38426_TPS3,48.2353463363824
P38427_TSL1,47.9316300852083
P38429_SAP30,46.778094866068
P38430_YMR262W,48.062375297349
P38431_TIF5,52.4608998732631
P38433_ace-1,42.8936233753254
P38489_nfsB,46.902647974074
P38491_ypfA,43.0642418790197
P38493_cmk,45.6917839046627
P38521_yggL,55.691399123759595
P38555_YPT31,48.5305911306339
P38585_Ttl,48.5299186413792
P38605_CAS1,42.0480840225398
P38616_YGP1,53.443143441173
P38620_PRS2,47.7375044406489
P38623_RCK2,48.5696571408665
P38624_PRE3,51.0613390783234
P38625_GUA1,49.7186677705026
P38626_CBR1,43.4072025511889
P38627_URA8,46.7113658523871
P38628_PCM1,49.8636516110639
P38631_FKS1,45.2509013065238
P38634_SIC1,49.8134174846688
P38647_Hspa9,46.2390465407361
P38666_RPL24B,49.4831639581798
P38682_GLO3,52.9325096645334
P38687_SRP68,41.8865707717805
P38688_SRP72,47.5391587542806
P38689_PRS3,46.7788102732601
P38691_KSP1,52.8719299888517
P38697_IMD2,46.9363213400325
P38698_PPX1,47.3901058822272
P38699_STB5,56.8714061113544
P38701_RPS20,44.4746775392925
P38705_DIA4,47.1898666258495
P38707_DED81,47.2710980569455
P38708_YHR020W,46.2415658654118
P38710_INM1,52.5409569902762
P38711_RPS27B,46.3694610016152
P38715_GRE3,51.6240440590436
P38716_YHR112C,52.8897518381136
P38720_GND1,50.9839422179023
P38724_ARN2,43.5459797584495
P38736_GOS1,46.0145110271734
P38741_RIM4,46.6391687562459
P38747_OTU2,42.0653591643027
P38749_YAP3,41.9406108434933
P38754_RPL14B,42.122687476229
P38755_OSH7,45.9287819854259
P38758_TDA3,52.9045838016083
P38764_RPN1,46.7523669111218
P38765_YHI9,50.1503810090627
P38768_PIH1,50.805989139145
P38773_DOG2,52.6546737431246
P38774_DOG1,49.3951350482413
P38777_FSH1,51.8067813645633
P38779_CIC1,46.6192695952286
P38783_FYV4,44.1959853311627
P38786_RPP1,46.8344947505753
P38787_PAN5,47.9288203744853
P38788_SSZ1,45.6792788840714
P38791_DYS1,50.9110995254284
P38792_RRP4,49.2135727720171
P38793_TRM5,46.660313271578
P38795_QNS1,49.9033734135495
P38796_PPE1,51.8017360819523
P38797_PTC7,50.3739069920845
P38798_NMD2,50.3635264937855
P38801_LRP1,48.5248326939447
P38809_YHR097C,54.4326577089533
P38816_TRR2,48.3012429702219
P38818_CTM1,50.45083126142
P38821_APE4,49.2102101125223
P38822_BZZ1,52.5120602693768
P38828_LSM12,47.7668803423572
P38836_ECM14,52.0327790524779
P38840_ARO9,51.4005292575566
P38841_YHR138C,61.6566861803948
P38845_CRP1,56.5701604062223
P38850_RTT107,52.3855465654135
P38853_KEL1,52.8594415224706
P38854_TDA11,51.573372842931
P38858_SOL3,53.3182072990235
P38861_NMD3,49.1838981789355
P38866_FMO1,49.2678838922331
P38874_IKI1,47.8659440495522
P38876_PTH1,47.6558774136571
P38879_EGD2,54.5217677417528
P38881_NVJ1,46.4481030633162
P38883_RIX1,49.7728234806044
P38886_RPN10,52.2046958704396
P38887_YHR202W,48.7216611873426
P38888_MNL1,49.5838347540792
P38890_SET5,53.030660800529
P38891_BAT1,50.1716195778526
P38902_RPB11,49.6173409232914
P38904_SPP41,46.3146387264515
P38911_FPR3,52.0313773496984
P38913_FAD1,44.6809350887046
P38915_SPT8,49.1312430268524
P38922_HRB1,48.7297619921573
P38930_CKB2,44.7259763765386
P38934_BFR1,43.2388387634071
P38968_SEC31,51.4970777055171
P38972_ADE6,44.3086095114196
P38985_SRP14,46.7281828404614
P38986_ASP1,52.019726489056
P38991_IPL1,51.5363841174592
P38993_FET3,50.7189042319864
P38996_NAB3,50.0717616001639
P38998_LYS1,50.3799254018744
P38999_LYS9,50.6177439990092
P39010_AKR1,47.0495150087099
P39015_STM1,49.2518254097895
P39018_RpS19a,48.8387630727483
P39039_Mbl1,46.325718669028
P39054_Dnm2,48.2128929311594
P39062_acsA,44.4916020266604
P39065_acuA,45.7330586611533
P39066_acuB,43.7801080727145
P39067_acuC,40.2016288538517
P39070_clpQ,43.6317679237593
P39071_dhbA,43.0234132778157
P39075_bmrR,41.8638960775721
P39076_CCT2,49.569536373354
P39077_CCT3,47.4424002577632
P39078_CCT4,46.7878547432717
P39079_CCT6,46.5399942136127
P39083_RGA1,60.6437817860634
P39098_Man1a2,50.6390509124848
P39099_degQ,61.1473610672264
P39101_CAJ1,48.1429579240429
P39104_PIK1,56.3458806240085
P39105_PLB1,53.2578889988072
P39109_YCF1,47.8199455576703
P39115_expZ,41.8903263527135
P39119_citA,43.1045952931176
P39120_citZ,40.9024474900008
P39121_deoC,40.0674846553159
P39126_icd,42.5482303722081
P39131_mnaA,47.5094200711242
P39132_yhbE,46.7553694638577
P39133_yhbF,43.6554585431619
P39134_prkA,42.0593311245166
P39137_rocE,35.1928833293665
P39138_rocF,55.3539935087369
P39141_nupC,35.5004206202979
P39142_pdp,43.8068865952879
P39143_gutR,41.2730847260166
P39148_glyA,53.4567187022927
P39149_upp,40.212549476657
P39153_ywlC,41.4115932576562
P39155_ywlE,42.9800149959872
P39157_ywlG,45.8539162355893
P39158_cspC,44.4577105161479
P39160_uxuB,51.1324605034915
P39161_uxuR,45.17508390909485
P39172_znuA,60.92605842818665
P39173_yeaD,54.87616080430915
P39176_erfK,45.15465292124405
P39177_uspG,52.48061054257665
P39187_ytfJ,61.79870972086165
P39196_lplT,55.0808449802388
P39199_prmB,50.41823665110315
P39205_cin,44.9513095314343
P39207_NDK1,58.1153131783195
P39209_tlpC,41.9245291903371
P39211_xylB,41.7905140163043
P39215_mcpB,40.9193721075597
P39217_tlpB,42.7676265490839
P39265_alsB,48.0781355402565
P39267_yjcZ,45.6308396607249
P39274_yjdJ,56.482185960258604
P39280_epmB,53.1970596081356
P39285_mscM,49.24486897283025
P39286_rsgA,48.930479507725295
P39297_bsmA,54.79260842842195
P39298_yjfP,54.0714785413782
P39304_ulaD,48.171168293590696
P39310_ytfB,51.4027544049268
P39315_qorB,54.6323148625673
P39321_tamB,57.585392514331446
P39325_ytfQ,47.8054730923379
P39332_yjgH,64.8085369342557
P39337_yjgM,47.695435570125795
P39342_yjgR,49.69433377494755
P39346_idnD,51.3355241282465
P39353_yjhC,49.6056329474915
P39356_yjhU,58.349916109056096
P39363_sgcA,52.2449023931252
P39365_sgcC,50.7585688223006
P39366_sgcX,62.274995905230256
P39367_yjhP,52.1542865356299
P39371_nanM,50.99558808255005
P39377_iadA,61.6853276334383
P39383_yjiL,52.5310101496495
P39384_yjiM,49.5843022780113
P39385_yjiN,54.3590785947614
P39396_yjiY,58.8049755482277
P39401_mdoB,45.3674101183304
P39405_fhuF,54.1640561474055
P39406_rsmC,49.041463274161146
P39407_yjjU,53.3779568222908
P39408_yjjV,62.97864228568885
P39411_yjjX,47.3314184593534
P39429_Traf2,49.2020477634508
P39451_adhP,58.0810085749448
P39452_nrdE,49.6337456157585
P39516_RPS14B,42.6215264533472
P39517_DHH1,46.1002791505763
P39520_IFH1,56.5352935490894
P39522_ILV3,48.5626648399683
P39523_YMR124W,53.4475929807759
P39525_CEM1,51.3431708128316
P39533_ACO2,46.6056471607379
P39574_galK,41.6859299989792
P39576_ilvK,42.9133135563261
P39577_dltE,43.3046011918116
P39578_dltD,46.7651438105351
P39580_dltB,51.4903503574234
P39581_dltA,44.0612802130752
P39585_ywbB,44.0442770937166
P39586_ywbC,56.4486219761571
P39587_ywbD,45.0116047309995
P39592_ywbI,44.0131537565059
P39593_thiM,42.6043738040529
P39594_thiE,45.3171214908489
P39596_efeM,42.3045704316375
P39597_efeN,44.9997125778509
P39598_ywbO,40.0938677582631
P39604_rodA,38.5679900185371
P39605_nfrA1,48.881604294505
P39606_ywcH,47.5688088702922
P39610_pdxK,46.104595899956
P39614_ywdF,47.3893830348115
P39618_ywdJ,43.0927097470148
P39633_rocG,42.4970584963618
P39634_rocA,47.1511269014865
P39635_rocB,55.1753586777807
P39636_rocC,43.4349364227176
P39639_bacB,45.2377888442211
P39640_bacC,42.1685908767517
P39641_bacD,41.5358325199797
P39644_bacG,46.8328982316348
P39646_pta,50.7976695045525
P39647_cysL,50.096003649732
P39648_lipL,38.5350315096852
P39655_Alox12,55.4666749151027
P39676_YHB1,52.0194242778012
P39683_NPT1,49.2083703969266
P39688_Fyn,49.9633489865206
P39692_MET10,43.9986383993755
P39705_NUP60,55.7204801169577
P39706_SWD1,49.7045052171335
P39713_BDH2,51.0234507906573
P39714_BDH1,51.7635134317602
P39715_ECM1,47.2349615410789
P39721_AIM2,55.284268010682
P39724_BOL3,53.1344151628652
P39729_RBG1,45.0861345154414
P39730_FUN12,45.5199205030642
P39736_Bx42,51.9064273243268
P39743_RVS167,49.6766121967949
P39744_NOC2,45.3041088483076
P39745_mpk-1,32.3991101425966
P39751_mbl,41.2139287542454
P39757_moaA,44.9531182820411
P39758_abh,43.5198505851477
P39759_ykqA,44.2025825935155
P39760_ktrC,44.7242719071263
P39761_adeC,53.0546258839606
P39765_pyrR,41.622936637798
P39766_pyrP,46.259575795927
P39769_ph-p,44.9600118977615
P39771_purT,43.6375378156619
P39772_asnS,43.8511353439009
P39778_clpY,41.7808831151329
P39779_codY,43.0297527978477
P39793_ponA,39.1763051962942
P39794_treP,33.494203588848
P39795_treA,48.3715566666315
P39802_cheW,47.4658979265695
P39803_yitT,39.1836478838822
P39805_licT,43.873354409642
P39807_yvyF,43.6880177912513
P39809_flgM,46.2609220790696
P39812_gltA,38.756054301703
P39814_topA,54.1970492895252
P39815_trmFO,48.3213200212758
P39816_gamP,36.6211175965418
P39820_proB,41.3141690291398
P39821_proA,41.8399636750059
P39822_psd,41.3843463415949
P39824_penP,49.3508195152045
P39829_garD,44.6393178827336
P39830_ybaL,52.18905945718515
P39831_ydfG,50.59289832637175
P39835_gntT,56.16968953507795
P39838_rcsD,47.0090575226787
P39842_bltR,45.5149022659267
P39845_ppsA,38.2487647138349
P39846_ppsB,40.3043972069395
P39847_ppsC,36.6487405650301
P39911_yphF,49.4340055789546
P39912_aroA,43.9694192217557
P39926_SSO2,55.8812729297106
P39931_SSP120,61.768764122533
P39933_PZF1,49.9958800287524
P39935_TIF4631,53.4961528757291
P39936_TIF4632,48.2401425462538
P39938_RPS26A,42.9588374235102
P39939_RPS26B,42.1437640888023
P39940_RSP5,47.1470419505699
P39954_SAH1,51.0356545729207
P39958_GDI1,51.7555199166513
P39966_PTC2,49.6779664393972
P39968_VAC8,50.2619393800786
P39974_YEL073C,50.9809369385952
P39976_DLD3,52.7702023249606
P39979_HPA3,51.3731853031856
P39986_SPF1,41.9406358847585
P39990_SNU13,62.1101067002564
P39994_YEL020C,51.0753653016663
P39998_EDC3,63.9702862368488
P40002_MIT1,47.825269332769
P40005_GIM4,56.4205129107466
P40007_NOP16,45.2723847057858
P40010_NUG1,48.4898339165416
P40011_YER010C,53.9135317442955
P40016_RPN3,43.9663701971912
P40017_YAT2,49.5369891573821
P40018_SMB1,50.4675936825822
P40024_ARB1,41.7616292911934
P40025_PHM8,47.5532140579863
P40029_MXR1,51.1454318728834
P40032_TPA1,43.8770672552659
P40037_HMF1,52.4423019327703
P40040_THO1,58.1790551994582
P40045_TDA2,53.9502250803252
P40046_VTC1,41.8331161514785
P40047_ALD5,51.5032945653863
P40051_ICP55,47.5227455796389
P40052_YER079W,54.24259196774
P40053_AIM9,43.2339504604027
P40054_SER3,48.4681484863587
P40055_UTP7,44.1190208531558
P40056_GET2,51.9543759837758
P40060_IES5,56.4534309689899
P40069_KAP123,48.64102903249
P40070_LSM4,52.7528822113958
P40075_SCS2,50.3791614901739
P40079_LCP5,48.7104189874166
P40080_VFA1,53.2627140621788
P40081_YER134C,43.8803160337131
P40087_DDI1,48.8164995759252
P40088_FTR1,43.7935484705144
P40089_LSM5,50.6063358082143
P40093_YER156C,52.293299458254
P40106_GPP2,53.2162040152154
P40120_mdoD,51.12550281292505
P40124_Cap1,51.500043625689
P40142_Tkt,62.84457241395475
P40150_SSB2,48.9561554807942
P40154_IES2,52.9617431908285
P40157_VID27,46.9577598747195
P40159_YNL208W,56.4985448188737
P40160_RIO2,42.9825930975631
P40161_RTT106,49.5339416070578
P40165_YNL200C,51.5271442315201
P40191_pdxK,63.613932377803195
P40201_Chd1,48.1683778908464
P40202_CCS1,50.9730520985638
P40204_SMX2,50.5079941662041
P40212_RPL13B,42.1568855150663
P40214_YMR144W,52.2809883084134
P40217_TIF34,50.2902412502588
P40237_Cd82,57.7114385036058
P40240_Cd9,48.588751783949405
P40302_PRE5,50.0862853229666
P40303_PRE6,50.6476172755825
P40320_Sam-S,43.416409962631
P40327_RPT2,48.3889618945597
P40332_iolX,44.3226272484118
P40336_Vps26a,51.899966025659
P40343_VPS27,51.0613837685036
P40344_ATG3,49.7461584527879
P40347_LTP1,48.7729796368248
P40354_NTA1,44.64977690764
P40361_YJL070C,51.0640077024045
P40363_YJL068C,51.4278166519222
P40364_MPM1,52.1040936379998
P40399_rsbU,42.5326040139071
P40409_feuA,47.1603061585701
P40413_CCT5,47.6289108541727
P40414_TPM2,50.201987625683
P40417_rl,40.0989088402835
P40422_RPC10,48.5994500332737
P40423_sqh,43.9112625206448
P40427_exd,47.6282537783088
P40449_YIL161W,48.0661244860218
P40454_RRD1,49.3907536636623
P40459_PAN6,52.883742418477
P40462_TMA108,48.8409778694791
P40466_FKH1,54.6016750702609
P40477_NUP159,52.6209356362543
P40481_HPM1,45.4713908027991
P40482_SEC24,48.7450793036043
P40486_SHQ1,47.9723704102679
P40495_LYS12,49.8049252882737
P40506_CAB2,46.0616152695228
P40509_SEC28,50.2799500885464
P40510_SER33,47.307476104516
P40515_FIS1,50.9773532376404
P40518_ARC15,51.5218511599854
P40523_YIL055C,48.3864296974901
P40529_AGE2,51.6760335269389
P40531_GVP36,48.3033946577779
P40545_HIS6,44.507708447429
P40547_VID28,45.5130331415539
P40553_DOT5,43.5535248140663
P40561_SGN1,46.0475366519491
P40563_AIM21,50.0524111697271
P40564_DJP1,47.855990084416
P40566_YIR007W,50.8545405637
P40579_YIR035C,51.4751741754338
P40580_IRC24,49.1338531303082
P40581_HYR1,51.7569596425185
P40582_GTT1,44.5351177962945
P40693_RLP7,42.0769185517246
P40710_nlpE,64.4592609286135
P40737_yxxD,45.873714612547
P40739_bglP,39.7358345317204
P40740_bglH,49.0068411448257
P40746_tgl,52.4431928934783
P40747_yuxG,52.1487666425542
P40750_pbpD,39.4852294845291
P40758_glnK,37.2547110211451
P40759_glnL,39.7215131036339
P40761_yuxK,45.4748948651402
P40767_cwlO,45.506063926228
P40778_murC,46.0486528922289
P40792_Rac1,41.0995794856208
P40793_Cdc42,42.9203785353823
P40795_fog,48.5253003018162
P40796_La,42.919354976292
P40797_pnut,45.2031857480599
P40806_pksJ,46.8393314484295
P40825_ALA1,45.7327724020817
P40830_pksG,43.576066547661
P40869_spoVAD,51.2869813410709
P40871_dhbE,47.8411457148171
P40874_solA,56.67546239905905
P40893_REE1,51.082006317783
P40924_pgk,46.8548328038454
P40936_Inmt,53.7208420192858
P40941_AAC2,33.7342306624531
P40945_Arf102F,38.907647348126
P40946_Arf51F,37.7582489463879
P40956_GTS1,52.3518097818882
P40957_MAD1,46.178307457398
P40961_PHB1,44.1518040970377
P40971_LYS14,52.314262745527
P40986_CDC1,41.5742428351161
P40991_NOP2,46.5285299505019
P41042_RpS4,39.3318093079044
P41043_GstS1,44.7446003183595
P41052_mltB,58.2070734618025
P41057_RPS29A,41.9681648247994
P41058_RPS29B,43.3751077590654
P41073_Pep,45.6667015509019
P41088_CHI1,49.673758064988
P41092_RpL27A,45.0714011492789
P41093_RpL18A,41.6948752550795
P41094_RpS18,44.7404153360681
P41216_Acsl1,43.461039370179
P41233_Abca1,51.0491911334845
P41241_Csk,46.4533703839395
P41277_GPP1,50.7015935342552
P41317_Mbl2,50.7791571164055
P41318_LST8,47.3999896444333
P41338_ERG10,54.551682510497
P41374_eIF-2alpha,42.7209928920617
P41375_eIF-2beta,40.4767060341195
P41376_TIF4A-1,39.8084380237946
P41377_TIF4A-2,38.4121992979579
P41407_azoR,57.39515531983275
P41409_rihA,56.92135467768025
P41438_Slc19a1,53.7876737385337
P41572_Pgd,44.4568401303133
P41697_BUD6,51.9554365896096
P41734_IAH1,48.7467455589342
P41805_RPL10,41.6518333125649
P41807_VMA13,50.1737924876129
P41810_SEC26,46.3048266939414
P41811_SEC27,48.3382940557961
P41812_POP1,44.621106275362
P41813_FKH2,47.8972923962096
P41821_MID1,50.8414126530359
P41835_THI6,48.8128351083173
P41842_trd-1,38.2961411216666
P41847_T20B12.7,44.0716788587635
P41848_hmg-4,41.9604062304468
P41877_isw-1,35.7811184227099
P41884_F37A4.6,34.5228635214565
P41895_TFG1,49.5966026647096
P41896_TFG2,48.502454101139
P41900_TfIIFbeta,41.8831785835604
P41911_GPD2,45.1019954463102
P41920_YRB1,53.0659585711343
P41921_GLR1,53.7080621227732
P41931_odc-1,36.6684909550428
P41932_par-5,45.4468742328532
P41937_tbb-4,45.5920395423427
P41938_B0272.3,44.0451410047764
P41940_PSA1,48.7082477429355
P41949_D1044.1,35.9111705276865
P41988_cct-1,50.6694520410859
P41992_ggtb-1,46.0132360902983
P41998_B0280.7,46.3171112131683
P42000_B0280.9,43.5575599989501
P42061_appA,57.3572275856828
P42062_appB,38.6616932531219
P42063_appC,37.2326525854592
P42064_appD,42.7081685349678
P42065_appF,41.2534720656037
P42068_hutG,51.3957624926116
P42084_hutI,59.0972415050356
P42087_hutM,33.8419715174169
P42093_cgeE,47.0258526097448
P42100_glxK,39.9360685060714
P42101_yxaB,46.3097225769646
P42108_yxaI,47.8981127292309
P42128_Foxk1,45.56464387929265
P42168_kin-19,34.0245547141397
P42182_era,41.5331706099206
P42199_tcyA,49.0074693339318
P42200_tcyB,40.1846366863374
P42207_Sep1,47.8243591865646
P42208_Sept2,55.8095416484398
P42225_Stat1,42.9108084272998
P42227_Stat3,47.560297533696
P42232_Stat5b,45.2374953206151
P42234_katE,51.8008469146994
P42235_ycbC,41.1379806941773
P42236_ycbD,47.3106773050728
P42238_gudD,49.7281078993852
P42239_ycbG,48.3776776434058
P42240_garD,41.9414789783348
P42242_ycbJ,40.1123300698791
P42244_ycbL,46.874268260705
P42250_ycbR,50.2005245298669
P42253_ycbU,42.9975994527817
P42281_Dbi,46.0025559533394
P42286_thr,44.5723448178559
P42297_yxiE,40.2918106293564
P42305_dbpA,46.3972380291136
P42310_yxiS,40.5514460038166
P42319_yxjH,51.4965741569253
P42400_yckB,50.7142522194656
P42403_bglC,53.3676083525186
P42404_hxlB,50.348910203692
P42405_hxlA,40.0057258504672
P42411_rsbT,48.4645318871146
P42413_iolB,46.9678345477489
P42414_iolC,57.7917095202943
P42415_iolD,45.8370983386994
P42416_iolE,42.7148520168793
P42417_iolF,35.5571268513918
P42419_iolI,56.4928738945936
P42420_iolJ,42.1093007365788
P42567_Eps15,65.4044452995962
P42588_patA,41.3917514812621
P42589_ygjH,58.603403752703244
P42593_fadH,49.78422348335235
P42596_rlmG,43.7085499285882
P42599_ygjR,47.7174373817343
P42604_uxaA,44.79843634736265
P42619_yqjF,58.9507996038912
P42620_yqjG,58.1943221269747
P42624_yhaK,49.25923934013365
P42628_dlsT,40.1134102388178
P42632_tdcE,48.8402940424471
P42641_obgE,45.499006556329746
P42643_GRF1,48.9401036478565
P42644_GRF3,48.1936167085385
P42669_Pura,64.6174568286533
P42731_PAB2,42.0899536742955
P42732_RPS13,40.0500726421933
P42733_RPS11C,39.4146117135387
P42734_CAD9,40.4181423169313
P42737_BCA2,53.3617385881149
P42738_CM1,46.1679136804142
P42742_PBF1,66.9477840215804
P42745_UBC2,50.1066357713838
P42749_UBC5,48.8938842763897
P42761_GSTF10,54.5509009819436
P42762_CLPD,42.488922605428
P42770_EMB2360,52.224306835673
P42774_GBF1,49.1074143026953
P42787_svr,42.8529228643028
P42793_RPL5,44.0554911583975
P42795_RPL11A,36.351791633112
P42798_RPS15AA,34.6467732097807
P42799_GSA1,59.8345869831254
P42804_HEMA1,48.15843763212
P42826_XKS1,51.7383483769061
P42838_LEM3,47.2040674069098
P42842_EMW1,42.5666124189441
P42844_ZIM17,52.0326241797835
P42846_KRI1,61.1231112591202
P42847_MRPS18,44.0678134274942
P42867_Dpagt1,47.10604686969015
P42904_agaV,48.59700323045795
P42919_rplB,38.5018434329005
P42920_rplC,37.0772147755574
P42921_rplD,36.852682865028
P42923_rplJ,43.0991325241343
P42924_rplW,41.0778841931189
P42925_Pxmp2,56.0273455001529
P42932_Cct8,53.7379348478572
P42935_ELP2,51.9613909994526
P42936_YGR201C,50.0731595045862
P42938_TDA10,47.1427268828638
P42940_CIR1,51.5460808668677
P42941_SER2,49.3239191123262
P42943_CCT7,47.1818448017861
P42954_tagH,41.4839365224955
P42957_mtlD,40.2966554737738
P42958_ycsA,42.1117194090313
P42962_ycsE,45.0419916828145
P42964_ycsG,37.7456102729791
P42968_kipR,43.7245135264706
P42971_pbpC,44.4980483264866
P42973_bglA,47.7790831049508
P42974_ahpF,47.3161810606376
P42976_dapB,40.2659007075919
P42977_cca,41.5576039082181
P42978_ypjC,43.41672039826
P42980_mgsA,40.6951068379034
P42982_bshA,43.1165769020065
P43006_Slc1a2,43.922796485528
P43025_Clec3b,58.2083542731517
P43123_QRI1,44.5553281314387
P43125_rdgB,41.4496461339686
P43248_spel1,38.5888826478198
P43286_PIP2-1,43.3609889830264
P43287_PIP2-2,44.7057593449943
P43291_SRK2A,43.0456739786268
P43292_SRK2G,42.0151952366966
P43298_TMK1,46.4830604128333
P43321_SMD3,47.5755629390652
P43329_hrpA,44.513431837370106
P43332_snf,43.7098370746908
P43333_At1g09760,40.8816707778687
P43337_nudL,47.4843541653871
P43340_ycaK,59.7349764354913
P43341_lpxH,59.417666616946605
P43406_Itgav,54.7874929799474
P43507_cpr-3,41.8053142119581
P43508_cpr-4,49.4564828733658
P43509_cpr-5,43.5291663544025
P43535_GCN20,48.4686681480002
P43561_FET5,51.0811205786693
P43567_AGX1,48.5748197587368
P43569_CAF16,52.0636100762957
P43573_BUD27,63.9642424675281
P43574_GAT1,51.7042123455187
P43577_GNA1,54.1146362501003
P43582_WWM1,49.0543123692251
P43583_BLM10,47.7512677266897
P43585_VTC2,43.0371811350761
P43586_LOC1,43.454187175338
P43588_RPN11,49.5551465143409
P43589_SAD1,50.5581507789742
P43590_YFR006W,53.315196829359
P43593_UBP6,47.6832683001685
P43597_YFR016C,54.9479170560756
P43598_IGD1,55.1143025423262
P43601_ATG18,51.9295285019294
P43603_LSB3,48.8034390520955
P43609_RSC8,54.4740438903449
P43616_DUG1,52.9589302082176
P43618_CNN1,49.5617224889386
P43621_RET2,50.2780380906441
P43638_MHP1,50.1629233838285
P43639_CKB1,44.0882980174219
P43671_pqiB,57.9368046537535
P43672_uup,44.87798480178625
P43883_Plin2,51.2990659462152
P45376_Akr1b1,48.3298522950701
P45377_Akr1b8,48.3878059375548
P45395_kdsD,52.648621022115904
P45424_yhcH,64.3702334031701
P45425_nanK,61.50072153430065
P45437_betaCOP,39.6260703571199
P45464_lpoA,65.7845476253243
P45468_yraQ,52.0450544621572
P45469_yraR,43.0467158400247
P45470_yhbO,56.662767613292
P45481_Crebbp,48.8489468398684
P45524_yheT,64.7934582865327
P45530_tusB,56.9178051516277
P45531_tusC,56.9418265060252
P45532_tusD,55.8620811478821
P45537_yhfK,50.32853137785465
P45544_frlR,46.3088518321815
P45552_yhfZ,55.9198024338221
P45568_dxr,55.548287387224406
P45577_proQ,48.7609266769246
P45578_luxS,53.4313353470883
P45591_Cfl2,45.8793604210779
P45594_tsr,47.3740326196932
P45693_spoVS,41.8255733568318
P45694_tkt,42.5679103894886
P45700_Man1a1,63.8945681793448
P45710_ccdC,42.7793196730637
P45725_PAL3,58.2572027201754
P45740_thiC,53.1130378217333
P45743_dhbB,44.5372477383845
P45744_dhbC,45.7563875441344
P45748_tsaC,48.7568237737378
P45771_yrdD,64.7208225626375
P45799_nudE,52.130146652414
P45800_yrfF,48.6758396853487
P45859_prpD,43.899837119259
P45861_ywjA,40.9650656902659
P45862_ywjB,51.0934794419316
P45866_fadF,36.6693069388598
P45867_acdA,46.179617163433
P45868_maeA,46.662988369849
P45871_ywkD,54.7306822593457
P45872_prfA,43.4607096110347
P45873_prmC,46.9655871760108
P45878_Fkbp2,61.4782216366942
P45888_Arp2,47.6347190725984
P45889_Arp1,45.1718957353222
P45895_mig-22,41.4313594480701
P45952_Acadm,50.0069280161441
P45955_cpoB,63.890572222194095
P45962_klp-3,40.7488847267043
P45969_sds-22,42.9930307128977
P45971_ostb-1,42.6344543687816
P45978_SCD6,50.715692307493
P46014_KAPP,39.1844246412224
P46061_Rangap1,51.1198831536752
P46077_GRF4,50.6724587149712
P46118_hexR,46.556265900326096
P46122_yajI,59.53763015145741
P46125_yedI,57.31698559377935
P46130_ybhC,53.1775792056135
P46150_Moe,45.9552633925527
P46151_MET12,46.8627044728118
P46208_htpG,51.2631957990463
P46222_RpL11,42.3178502457246
P46223_RpL7A,45.4116322630562
P46248_ASP5,49.8068762942179
P46309_GSH1,41.6356003783759
P46312_FAD6,39.7824696279752
P46317_licC,38.646680874156
P46318_licB,45.0749708656828
P46319_licA,36.2807010139774
P46320_licH,43.3372781919089
P46321_licR,42.9820587790677
P46322_pgsA,42.0266584034695
P46323_cinA,43.3809016506974
P46324_yvrN,36.9780280567949
P46325_yxbA,39.004458266385
P46327_yxbC,48.207617064723
P46328_yxbD,45.8163107418144
P46336_iolS,45.0852681701506
P46337_iolR,42.7874861821668
P46343_phoH,43.8751625377806
P46344_pgpH,42.6150513078971
P46347_ybeY,51.2443916344878
P46349_gabP,37.8468750061992
P46354_punA,58.687095625845
P46367_ALD4,53.4974460476367
P46412_Gpx3,54.8501606853429
P46414_Cdkn1b,52.2932596393373
P46415_Fdh,42.6854036060038
P46416_GSH2,48.5470041131062
P46421_GSTU5,49.9554934354108
P46422_GSTF2,45.3671387252569
P46425_Gstp2,53.9535959899609
P46460_Nsf,46.9881787928193
P46467_Vps4b,40.9477706020101
P46471_Psmc2,47.3402569567367
P46502_rpt-3,36.7075004625925
P46549_kin-18,42.3159336792043
P46550_cct-6,50.5928020860988
P46554_B0285.4,43.0108856721502
P46557_mnp-1,47.1151740563823
P46558_ckb-1,40.1437525377104
P46559_ckb-2,32.7311556897297
P46561_atp-2,40.2934371545407
P46563_aldo-2,44.7298813600252
P46577_gop-2,37.0886973300136
P46580_prmt-5,35.1405032314487
P46638_Rab11b,50.4806446767341
P46643_ASP1,46.9791259290363
P46644_ASP3,44.0786477308667
P46645_ASP2,42.4081291713576
P46646_ASP4,54.021595987263
P46654_RPS0B,42.982040149216
P46655_GUS1,44.126848205324
P46662_Nf2,47.7414663880745
P46664_Adss,59.8069372267423
P46669_RPA43,45.3608634739174
P46672_ARC1,45.1691662783346
P46675_STU2,53.4244109203206
P46680_AIP1,52.4303360280294
P46681_DLD2,53.7468734919879
P46682_APL6,49.9461683795389
P46683_YAR1,55.256285128458
P46737_Brcc3,53.8097929672014
P46769_rps-0,45.7851798278901
P46784_RPS10B,43.0829837393392
P46824_Klc,45.1848864101191
P46837_yhgF,45.052481854818254
P46849_rtcA,42.8031445852352
P46852_yhhW,52.0813778643472
P46853_yhhX,60.01362764362065
P46854_yhhY,52.01842209409315
P46859_gntK,41.8392424227264
P46863_Klp61F,39.0678268050124
P46867_Klp68D,34.5081253657279
P46887_yecH,52.907177787653
P46888_uspC,56.8175043988889
P46889_ftsK,49.37577286761475
P46898_rplF,37.5185683046517
P46899_rplR,36.6115503370484
P46905_yccK,50.2837280427249
P46906_argS,51.7292775186512
P46911_qcrA,49.3941360865613
P46912_qcrB,46.0624046632471
P46913_qcrC,49.5717429151517
P46918_ggaB,37.8690557619549
P46919_gpsA,41.574790352154
P46920_opuAA,43.3342795402293
P46921_opuAB,38.5204345312223
P46922_opuAC,56.696300773182
P46923_torZ,54.2769489388225
P46935_Nedd4,44.4065669116582
P46948_SKI6,50.4922427283372
P46956_PHO86,44.7039984936374
P46958_IDS2,54.7934419150311
P46959_GCD14,46.4226268164347
P46969_RPE1,55.3483116185663
P46978_Stt3a,43.8263845386713
P46984_GON7,55.1897463148574
P46988_PFD1,53.3862134640307
P46990_RPL17B,42.2274741554671
P46992_YJL171C,46.7740081580974
P47008_SFH5,51.3913952950967
P47017_LSM1,49.9446764861384
P47018_MTC1,50.7077445112651
P47019_ALB1,41.672984524833
P47035_NET1,59.2290831176954
P47039_BNA3,48.3444429649482
P47044_YJL055W,47.7973628068767
P47047_MTR4,45.0620884695864
P47068_BBC1,54.1373137967846
P47075_VTC4,43.0751192471121
P47076_RPC17,46.5551374947445
P47079_CCT8,47.4772491071998
P47083_MPP10,49.3039340771264
P47085_YJR008W,46.0015597206195
P47089_TMA22,49.2699635423569
P47093_LSM8,55.1588783194397
P47099_TY1A-JR2,49.2291507339631
P47103_CPR7,48.2692077478051
P47116_PTK2,54.0152791054943
P47117_ARP3,49.4706400888681
P47119_HAM1,53.4062477664532
P47120_LIA1,50.5698160975545
P47122_NPA3,45.3309597323954
P47125_BNA2,43.8760766580304
P47129_ACF4,57.5771188839834
P47135_JSN1,50.8196897152052
P47137_YJR096W,47.9746677712703
P47143_ADO1,51.4496988326944
P47148_YJR111C,53.7327769198604
P47150_RSM7,46.0997776962937
P47160_ENT3,55.6095681417393
P47164_STR2,51.3338784618563
P47165_XPT1,47.3725251263299
P47166_SGM1,52.9478995999494
P47169_MET5,48.5409273328837
P47173_YJR142W,52.4031446847344
P47176_BAT2,47.0811771482165
P47199_Cryz,50.0703456612666
P47207_cct-2,50.9220907057201
P47208_cct-4,50.7884049674112
P47209_cct-5,50.0981628987545
P47738_Aldh2,49.1999701451535
P47740_Aldh3a2,54.998524531226
P47753_Capza1,58.306510710819
P47754_Capza2,58.5258223481309
P47757_Capzb,56.3189953333911
P47758_Srprb,60.3340925106278
P47771_ALD2,51.913402597885
P47791_Gsr,47.83601918989455
P47802_Mtx1,46.2796679008582
P47809_Map2k4,45.539760607712
P47811_Mapk14,47.5085015650613
P47825_Taf4,45.3729301667534
P47856_Gfpt1,45.4293898634013
P47857_Pfkm,55.562512048874
P47912_FAA4,45.8814750760539
P47924_RIBA1,43.8623964127426
P47934_Crat,48.8216929196661
P47941_Crkl,53.1587755910526
P47962_Rpl5,57.5730330688454
P47963_Rpl13,51.1382399396253
P47977_TIS11,59.4809405531519
P47980_Tis11,45.2141730522497
P47998_OASA1,49.4087620102409
P47999_OASB,50.6166519600734
P48001_KNAT4,46.6314415811527
P48015_GCV1,50.8216537609826
P48025_Syk,47.6283418926544
P48036_Anxa5,48.7326025200102
P48053_C05D11.1,43.0381938322963
P48148_Rho1,40.9847719922832
P48159_RpL23,41.0350468186572
P48164_RPS7B,42.6962039613723
P48234_ENP2,49.7178698797811
P48240_MTR3,43.380788912119
P48322_C36E8.1,40.1877723237777
P48347_GRF10,50.6261866211228
P48348_GRF8,51.0230764526325
P48349_GRF6,53.2741157000657
P48360_ARH1,43.889310179069
P48361_ASK10,54.3144457576299
P48362_HGH1,52.9277636392581
P48363_PAC10,51.7926672022019
P48375_FK506-bp2,44.3942304166762
P48376_clk-1,37.6220640002517
P48377_Rfx1,52.7282324139498
P48410_Abcd1,39.94999956455575
P48415_SEC16,53.7377897522239
P48421_CYP83A1,35.4600437527762
P48437_Prox1,48.4886242738206
P48453_Ppp3cb,57.6552598210741
P48458_C06A1.3,41.7202584066122
P48462_flw,40.3764827718086
P48484_TOPP4,47.1937602177809
P48486_TOPP6,40.709024501029
P48491_CTIMC,51.8621459441119
P48510_DSK2,55.9435072741726
P48523_CAD4,49.1102233958543
P48526_ISM1,52.779759389159
P48554_Rac2,41.7081089058022
P48555_Rala,40.352072119379
P48567_PUS4,46.8604845851377
P48570_LYS20,52.9120309715749
P48582_BRO1,55.6996905694602
P48588_RpS25,47.0946418647219
P48589_RPS12,51.2539340646989
P48591_RnrL,41.8065351248118
P48592_RnrS,47.1854371224225
P48598_eIF-4E,40.615432405207
P48601_Rpt2,38.4336974833603
P48602_Vha68-1,43.4261510035762
P48603_cpb,42.776139208761
P48604_Roe1,47.0593920176944
P48605_Cctgamma,40.7157077705747
P48607_spz,44.2528205036307
P48608_dia,38.2720094520243
P48609_Cdk5,38.0464295991384
P48610_Argk,43.9797460080837
P48611_pr,48.2341196643525
P48612_pelo,35.8814759767854
P48641_At3g24170,51.1551807649814
P48678_Lmna,57.2503442116187
P48722_Hspa4l,47.6719821445887
P48727_gsp-2,40.6802256146601
P48754_Brca1,62.9921250155766
P48758_Cbr1,49.0572282269414
P48760_Fpgs,45.9048868836718
P48774_Gstm5,45.7858461202361
P48776_Tdo2,43.9762490578815
P48809_Hrb27C,44.3519227595931
P48810_Hrb87F,41.988870110775
P48813_GNP1,42.585939908021
P48837_NUP57,51.9082317027326
P48962_Slc25a4,53.37068438828
P48999_Alox5,54.077202145647746
P49070_Camlg,54.62483863013405
P49071_MAPk-Ak2,38.6507519639094
P49077_PYRB,50.6252366477816
P49089_ASN1,51.0583516202579
P49090_ASN2,51.1926718241434
P49095_GCV2,51.3979804324529
P49135_Ercc3,47.62101208988585
P49138_Mapkapk2,51.7680100385446
P49166_RPL37A,41.6762142032639
P49167_RPL38,42.1209139438463
P49182_Serpind1,60.6738841968737
P49209_RPL9B,39.3343130291949
P49227_RPL5B,33.0816250277603
P49243_At1g62640,46.6296080908643
P49282_Slc11a2,51.19093650711985
P49283_Mvl,43.7590179879144
P49312_Hnrnpa1,57.0622832595714
P49334_TOM22,60.0142557838908
P49367_LYS4,50.7870863132203
P49404_mrps-18C,35.5390390067918
P49429_Hpd,55.3862851767093
P49435_APT1,48.8358864640403
P49442_Inpp1,50.5325181849066
P49443_Ppm1a,48.2496038365744
P49446_Ptpre,46.1755912933579
P49572_IGPS,47.0721407077579
P49586_Pcyt1a,54.1036980279687
P49594_fem-2,37.076342801235
P49596_ppm-2,40.9298907747212
P49599_PPH1,38.935877120462
P49615_Cdk5,48.3560715960178
P49626_RPL4B,42.1201918441021
P49657_mnb,42.2796168613937
P49687_NUP145,50.7502764584458
P49690_RPL23A,41.2203192236737
P49691_RPL4D,37.5872955248705
P49692_RPL7AA,50.4739510749712
P49723_RNR4,52.7192474105169
P49735_Mcm2,44.4428349895739
P49769_Psen1,50.979875132664205
P49775_HNT2,52.8597091401173
P49787_accC1,42.9242123785538
P49813_Tmod1,53.42438426550915
P49814_mdh,49.4249799252933
P49846_Taf5,44.8953337632978
P49847_Taf6,49.7891518130085
P49849_mutS,38.9413879359275
P49850_mutL,43.4941704467015
P49866_Hnf4,44.3842269467996
P49954_NIT3,50.1847105975594
P49958_dph-1,44.5392993467163
P49960_PRP24,45.430140897014
P49963_Srp19,39.5550409030759
P49967_SRP-54C,41.0166702753737
P50077_CCH1,43.0129842237132
P50086_NAS6,49.7042553245375
P50094_IMD4,47.3240935389389
P50095_IMD3,49.4859356287514
P50101_UBP15,45.9734114742132
P50107_GLO1,51.7148533534988
P50109_PSP2,42.2255207460392
P50111_ZDS1,50.4445262242906
P50136_Bckdha,51.4249197410877
P50153_Gng4,54.76282924494585
P50171_Hsd17b8,57.343325375409
P50172_Hsd11b1,53.2349691559095
P50247_Ahcy,58.6872560666582
P50263_SIP18,55.1188338455703
P50264_FMS1,45.09576788663
P50277_BIO3,48.7454993846706
P50278_SOL1,47.008071856918
P50285_Fmo1,40.2551549136251
P50287_At5g08100,53.9382083722484
P50295_Nat2,43.4974276474622
P50305_sams-3,43.2259571420834
P50318_At1g56190,49.1952239247842
P50396_Gdi1,53.1181912629813
P50428_Arsa,53.5644413041667
P50431_Shmt1,55.9322365299913
P50456_mlc,52.04750301073105
P50464_unc-97,49.3597420547219
P50465_nei,52.4074016359533
P50466_aer,51.8419864074159
P50516_Atp6v1a,59.990729636342
P50518_Atp6v1e1,55.9564285670145
P50534_msl-2,43.7001182612749
P50535_msl-1,44.7354550416594
P50536_msl-3,40.6099137721598
P50543_S100a11,53.94849678679425
P50544_Acadvl,49.8055622310642
P50580_Pa2g4,48.8814417601196
P50608_Fmod,57.2210318817252
P50619_ymaB,52.6636837703461
P50620_nrdE,43.0026282982442
P50621_nrdF,44.858575066087
P50623_UBC9,46.7999402549921
P50727_fer,39.1336874285664
P50733_ypbG,43.4874249060862
P50735_gudB,40.8950450016518
P50736_ypdA,45.7578301287083
P50743_der,50.3772303662792
P50831_ypvA,44.2946153092705
P50837_yprB,47.4909218272865
P50840_ypsC,43.0044890915573
P50843_kduI,59.5520209908057
P50845_kdgK,41.8689923628658
P50862_ybaK,33.600809620688
P50863_salA,41.4086545654098
P50866_clpX,43.66268380891
P50882_RpL9,45.0344810698588
P50887_RpL22,43.5569692538228
P50896_PSP1,59.9030572311117
P50946_OCA1,49.810744604789
P51023_pnt,42.2444555260454
P51024_yaiL,56.38112281675445
P51025_frmB,46.0896911421787
P51140_dsh,38.6179287354314
P51150_Rab7a,55.012707347302
P51163_Uros,51.3185379325643
P51174_Acadl,60.3832074905594
P51175_Ppox,49.6819719740957
P51401_RPL9B,44.7732188813648
P51402_RPL37B,42.1442511235078
P51406_bys,42.4531870932697
P51412_RPL21,41.5063476923662
P51414_RPL26A,36.2817356972029
P51418_RPL18AB,36.1895775983959
P51419_RPL27C,44.5428958603873
P51432_Plcb3,49.6489075186388
P51485_arr-1,45.1043364212891
P51569_Gla,62.8110735451509
P51592_hyd,45.5171462536478
P51601_FOL2,51.9933903018318
P51612_Xpc,46.45758898160225
P51655_Gpc4,57.3047217319056
P51658_Hsd17b2,44.9583898554385
P51660_Hsd17b4,51.556395593472
P51785_ilvD,43.3851859026085
P51807_Dynlt1,47.153939284144656
P51829_Adcy7,47.754081485474956
P51830_Adcy9,41.3607699354298
P51831_fabG,44.1060490499833
P51833_rnc,44.6294582427209
P51834_smc,40.1777815631708
P51835_ftsY,47.7856678253446
P51855_Gss,58.3976606348855
P51859_Hdgf,52.9158711482089
P51863_Atp6v0d1,54.3280201379163
P51875_goa-1,36.4499258378409
P51881_Slc25a5,43.1398112941332
P51885_Lum,51.631462610708
P51949_Mnat1,51.18109888848335
P51981_ycjG,49.08156477833445
P51996_YPT32,47.1548074505807
P51998_YML6,42.217964276592
P52006_nudI,51.2690247456786
P52007_yecM,51.105036494920896
P52009_cyn-1,34.9329966833926
P52010_cyn-2,37.444184096026
P52011_cyn-3,42.3415654829496
P52013_cyn-5,45.0440575189722
P52014_cyn-6,43.1790279615481
P52015_cyn-7,41.7433964956203
P52017_cyn-10,36.69066265839
P52018_cyn-11,39.8465704512752
P52019_Sqle,40.2778185831487
P52030_Pgi,45.7005054961989
P52032_GPX1,46.810138584114
P52034_Pfk,36.9000402379945
P52035_bsaA,40.9288374536883
P52057_F09E5.8,44.5508078883528
P52060_yggU,62.1562296927358
P52061_rdgB,51.69158394104605
P52062_yggW,45.4356191166507
P52073_glcE,62.3580668186639
P52076_qseB,52.09747868697835
P52095_ldcC,41.9227631166048
P52096_yaeR,60.038070928334605
P52097_tilS,47.37320540030735
P52101_glrK,52.9279195659439
P52108_rstA,46.5740468051777
P52119_ratB,62.9249439985858
P52172_srp,46.6719309977492
P52196_Tst,52.7579677990933
P52274_tba-8,47.8027444568027
P52286_SKP1,50.3409332189806
P52293_Kpna2,43.9471018446544
P52295_Pen,39.7441874738096
P52304_polo,40.1207448914484
P52410_KAS1,40.5950267584716
P52420_PUR2,48.8647598411299
P52422_PUR3,44.5030161531125
P52430_Pon1,54.3140024251872
P52431_Pold1,46.9148824600689
P52432_Polr1c,48.7393751484692
P52478_ubc-1,38.8071932382619
P52479_Usp10,46.2664233173765
P52480_Pkm,53.6167498727737
P52486_Ubc4,38.7130952310621
P52488_UBA2,51.6609432103587
P52489_PYK2,48.8147415051195
P52490_UBC13,49.9778262593836
P52491_UBC12,51.2815637011141
P52553_YKE2,58.2443979833323
P52577_At1g75280,48.4285227546796
P52598_ygbI,50.90978909338895
P52612_fliI,50.841640628955
P52623_Uck1,57.2800955457743
P52624_Upp1,60.6160785808381
P52633_Stat6,49.508879102244
P52643_ldhA,59.33067408473135
P52644_hslJ,65.7228554112302
P52645_ydbH,61.4340338643344
P52647_ydbK,46.480575075398804
P52654_TfIIA-L,46.2372790666216
P52656_TfIIA-S,43.533111103608
P52697_pgl,56.0620462459251
P52713_alh-8,45.9832828506926
P52714_C08H9.1,47.4912882070886
P52715_F13D12.6,53.6185318361839
P52716_F32A5.3,51.1909585887159
P52717_F41C3.5,48.9228578083414
P52792_Gck,42.2324851272353
P52793_Efna1,57.6684455579899
P52795_Efnb1,57.1181999564218
P52825_Cpt2,43.4712495534659
P52839_SOT12,47.306650675372
P52840_Sult1a1,41.1150851610036
P52843_Sult2a1,47.5844218284614
P52850_Ndst2,49.97805727610745
P52874_clpf-1,41.9014761972773
P52875_Tmem165,46.2716133943689
P52893_ALT1,47.0569920512724
P52901_E1,44.0977913808714
P52910_ACS2,48.3414607995343
P52917_VPS4,53.9363376526125
P52918_MSN5,48.7034090140187
P52996_panB,45.0801410153032
P52998_panC,44.5812422188247
P53001_aspB,45.4160507745818
P53008_CWH41,49.6869830482861
P53011_SEH1,47.6263075879453
P53013_eft-3,36.0212283988387
P53015_F31E3.4,42.5507540626444
P53016_rfc-4,38.951436298092
P53026_Rpl10a,60.3138529254054
P53040_TAF6,41.5746677379685
P53043_PPT1,43.0002572680858
P53044_UFD1,52.0506237841805
P53063_RAI1,45.3451813114799
P53066_YGL242C,50.3686204007651
P53072_TAN1,51.6714316295358
P53076_VID30,47.6854863679065
P53080_EDC1,47.4744389859809
P53081_NIF3,52.8348607277505
P53082_BOL2,51.8922473602303
P53090_ARO8,53.9073971570548
P53091_MCM6,46.0390860543065
P53094_MDS3,41.4825769807335
P53095_DSD1,49.5832073294616
P53101_STR3,48.3551528947275
P53111_ARI1,43.0669650996037
P53112_PEX14,50.5024828428228
P53115_INO80,57.4913572104457
P53125_ITC1,48.5586133394854
P53128_MET13,43.8096333602419
P53131_PRP43,50.2890006475668
P53136_NSA1,45.4947934597859
P53140_RMD9,49.7795368316298
P53145_LSG1,46.5208200989599
P53152_MMS2,47.7237900558464
P53155_YGL082W,51.3926107498906
P53163_MNP1,54.6520951254355
P53164_NPY1,50.729523081038
P53168_DUO1,51.9023329762827
P53177_TYW3,50.8924965529696
P53183_YGL039W,44.0018342562084
P53184_PNC1,50.9510610988131
P53188_CGR1,43.0714806768719
P53191_PIB2,54.5924445557332
P53193_JAC1,48.354879312357
P53196_RPN14,49.2161873224057
P53200_EFM5,48.7430157196396
P53204_NMA2,49.8719562765155
P53210_YGR017W,46.4327115648663
P53218_POP6,44.6655715997206
P53219_IMO32,52.0766385173494
P53221_RPL26B,42.3844252215517
P53228_NQM1,46.4022129318653
P53235_YGR054W,48.7148046332013
P53250_TWF1,52.7090083900468
P53251_SLX9,51.0428092039143
P53252_PIL1,47.3304640196976
P53256_RRP46,49.5984382334462
P53261_NOP7,43.3656350845073
P53265_YGR111W,50.5477818578502
P53275_YGR127W,47.7228706486384
P53278_YGR130C,55.8471657122384
P53281_LSB1,52.4955841368751
P53289_RTS3,47.1933921611563
P53292_MRPS35,40.7508836230053
P53295_RBG2,45.0595670873122
P53297_PBP1,52.5157863729269
P53299_TIM13,59.2350535911051
P53301_CRH1,50.2199956604831
P53303_ZPR1,58.8587930178653
P53312_LSC2,45.0886430094281
P53314_CPD1,50.1485702782233
P53315_SOL4,50.8150787378709
P53316_YGR250C,45.9717447630658
P53319_GND2,51.6020825129893
P53330_RTT102,54.0926199025616
P53331_RNH70,43.4742752375717
P53332_CAB4,50.6666668561297
P53334_SCW4,52.355618521471
P53368_Nudt1,45.0189306535696
P53395_Dbt,51.3597864196791
P53438_SOK2,49.2296053149699
P53489_arx-2,38.1696343524072
P53492_ACT7,40.4930391931938
P53496_ACT11,34.5052376171014
P53497_ACT12,46.3636799785318
P53549_RPT4,45.7420809930991
P53551_HHO1,45.0986488837593
P53552_THO2,42.0323656190019
P53554_bioI,46.6486715013962
P53556_bioF,41.9139797112792
P53557_bioB,41.9595263214881
P53558_bioD,40.5096224076566
P53559_bioW,44.7421489462375
P53560_ytbQ,42.9689177874256
P53566_Cebpa,52.5795292012118
P53569_Cebpz,51.2137254867386
P53585_acly-1,37.9128344911165
P53588_suca-1,40.9360757408204
P53589_sucg-1,39.6144612872933
P53596_sucl-1,35.9266592811115
P53598_LSC1,49.2781237516269
P53600_RET3,48.0439968668968
P53612_Rabggtb,46.6484029206813
P53615_NCE103,52.3551381338347
P53616_SUN4,53.2745261471449
P53622_COP1,47.2435232466445
P53624_alpha-Man-Ia,47.1589778968333
P53633_YIP3,45.4336299160958
P53657_Pklr,55.3158936844629
P53665_MTACP1,46.3458054315138
P53691_CPR6,51.1865961683634
P53702_Hccs,51.9775991898796
P53720_SMM1,48.3595440903361
P53725_MPP6,56.5551831618194
P53727_BUD17,53.8278199795123
P53729_YNR029C,51.9757527820585
P53731_ARC35,48.7301714132371
P53732_MRPS12,42.1593049275013
P53733_RSM19,42.0144644728659
P53734_DBP6,54.2883643596122
P53738_TRM112,51.7555895421623
P53741_BRE5,47.5053585525262
P53753_DSE4,48.0714875555509
P53759_DUS1,47.8833416744178
P53762_Arnt,56.0108384884295
P53769_CWC24,51.4573725732037
P53798_Fdft1,46.1620427656053
P53799_SQS1,45.1921244194243
P53806_rcn-1,41.9927359607376
P53808_Pctp,51.8476361154989
P53810_Pitpna,51.9644169111066
P53811_Pitpnb,50.226005925381
P53830_CUS2,51.8745006093521
P53834_HCH1,51.7241318990672
P53839_GOR1,50.2746509482751
P53848_FOL1,49.8486551310811
P53852_YNL247W,51.3476841039105
P53853_VPS75,51.1579733183354
P53854_CWC25,55.9694326100715
P53858_BNI4,55.6848316970241
P53859_CSL4,49.8437535746049
P53860_PDR16,48.8177825706807
P53866_SQS1,48.219382459226
P53867_ATG4,51.6427692212886
P53875_MRPL19,48.9501235420029
P53879_RHO5,49.922063880582
P53881_MRPL22,43.011093605334
P53883_NOP13,48.1335472252282
P53889_FMP41,51.9127324452597
P53890_BNI5,45.7231039531954
P53893_RIA1,48.2250888804897
P53898_NSG2,47.8973138011124
P53900_GIM3,53.3833595110271
P53904_ALF1,55.0374384489104
P53905_LSM7,51.3728116512863
P53909_AAH1,48.6857705315484
P53912_YNL134C,52.2864548771069
P53913_FYV6,52.7766904068989
P53914_KRE33,49.027347899871
P53920_NMA111,49.0295878854156
P53929_YNL108C,48.7040692566745
P53941_IMP4,44.8551814318268
P53946_ARP5,43.0180267001789
P53953_SFB2,42.8738664313277
P53962_YNL035C,50.5380851727459
P53965_SIW14,52.3832928496108
P53973_HDA1,42.8872769800838
P53978_HEF3,48.7233569248734
P53981_YNL010W,49.6079458628117
P53986_Slc16a1,43.8361624845723
P53994_Rab2a,45.224168637305
P53995_Anapc1,50.3736172446893
P54000_SUB1,49.3323958802138
P54071_Idh2,47.9744508224838
P54103_Dnajc2,44.05058410337905
P54113_ADE16,52.2058282106681
P54114_ALD3,51.0573331050196
P54115_ALD6,51.0195504094115
P54116_Stom,43.9737839222769
P54150_MSR4,42.9012516412849
P54154_msrA,42.2075743244714
P54155_msrB,40.7708750953748
P54159_ypbR,39.0549449300232
P54161_ypcP,38.6998434259412
P54163_ypdP,48.658321766982
P54164_ypeP,42.251039549094
P54167_metA,41.971123371119
P54168_ypgQ,44.4324799882258
P54169_ypgR,46.716611729577
P54170_yphP,39.8780587496841
P54179_ypmS,53.5514398016171
P54182_ypoP,49.5415091751005
P54199_MPS1,50.2269683102723
P54216_aldo-1,42.9584512679439
P54276_Msh6,44.33405915380105
P54310_Lipe,49.503844524703
P54325_xkdE,37.3843179731949
P54350_Wee1,41.349901135613
P54351_Nsf2,37.5541654334927
P54352_eas,41.3822864351293
P54353_dod,43.4131022164454
P54357_Mlc-c,52.1742379454184
P54358_DNApol-delta,39.8862095634497
P54359_Sep2,47.9353904670722
P54361_Oda,49.5015960048847
P54362_g,41.3363784470206
P54367_CkIalpha,41.0499052162832
P54374_aroE,40.9352127564934
P54376_gcvPA,52.1013647566525
P54377_gcvPB,56.129785643874
P54378_gcvT,42.7743691317507
P54380_glyQ,44.6050493346358
P54381_glyS,42.0810346599417
P54382_folD,44.7618785965577
P54383_ispA,42.6130981389327
P54385_Gdh,56.110914874215
P54389_ypiA,44.6175123838796
P54390_ypiB,45.9617667443044
P54391_ypiF,43.9316449239659
P54394_dinG,40.4264110185339
P54395_ypmA,39.1276736754308
P54396_ypmB,38.8947010409779
P54397_FK506-bp1,44.7041183614369
P54399_Pdi,50.4065803992012
P54412_eef-1G,38.3655218367977
P54417_opuD,38.1780310389001
P54418_pckA,47.7963869283209
P54419_metK,44.0956665733262
P54425_ybxG,36.9201561086608
P54428_yrkA,41.9834367745334
P54441_yrkN,41.4485177055213
P54453_yqeH,44.8842895329086
P54454_yqeI,47.465048136356
P54457_rsfS,41.8284557216829
P54458_yqeM,42.6575406034691
P54459_yqeN,43.0629410576134
P54460_prmA,46.7661972626722
P54461_rsmE,47.1767254696805
P54464_yqeY,35.6165906544256
P54465_yqeZ,44.1726150537141
P54466_yqfA,42.7181425290982
P54470_yqfL,42.3345626356585
P54471_trmK,43.1785978653786
P54473_ispH,46.9337962355728
P54475_cshB,44.4238815760116
P54482_ispG,43.6145222755589
P54485_yqgB,39.4832151447827
P54488_yqgF,38.6769519105587
P54491_yqgN,50.9598758278696
P54493_gluP,38.8864555773557
P54495_glcK,43.2477144673531
P54497_yqgT,45.559866206184
P54498_yqgU,39.4536325636374
P54511_lipM,41.4707395916179
P54515_yqhQ,43.529050320159
P54519_yqhY,49.5792556755055
P54520_nusB,41.4606554212201
P54521_xseA,42.2725895408897
P54522_xseB,33.6099447806426
P54523_dxs,45.5860752729102
P54524_yqiG,51.282621903859
P54527_yqiK,44.8404639044635
P54528_prpB,42.259916274085
P54529_yqiR,40.9935019886871
P54532_buk,43.1386136096896
P54534_yqiW,41.4138359445404
P54537_artM,41.5213735534361
P54547_zwf,47.2713498578291
P54550_namA,45.7465707316714
P54551_yqjN,57.7716139267913
P54553_yqjP,46.5271629249933
P54554_yqjQ,41.0240272179558
P54555_dsdA,45.4031902282748
P54556_coaA,40.0024555610979
P54564_yqkA,42.8694716340828
P54565_yqkB,41.6339276822809
P54569_yqkF,45.0004898494186
P54571_mleN,36.0633173703006
P54575_ribC,43.2452225324046
P54576_mcpC,42.629019951785
P54586_yhcB,47.6512991088485
P54592_yhcH,42.3676694583771
P54593_yhcI,45.262655289801
P54596_tcyP,37.9446315953353
P54598_yhcN,50.2694751575315
P54604_yhcT,45.8779605447331
P54607_yhcW,44.5907897819752
P54608_yhcX,47.4201023078704
P54609_CDC48A,50.3167716848204
P54611_Vha26,44.9267159914418
P54616_fabI,43.7799569318584
P54617_ydjF,43.3500824263777
P54622_mtSSB,42.7684235304273
P54623_cnn,38.7543843987281
P54688_bcat-1,46.5634518298237
P54715_malP,35.6754043635433
P54716_glvA,46.6759652116826
P54717_glvR,48.7297314305418
P54718_yfiB,41.1078783849952
P54719_yfiC,39.774158862491
P54728_Rad23b,58.1599739946696
P54731_Faf1,50.7589703335016
P54775_Psmc4,46.2476762178139
P54780_RPL15B,45.0159677650449
P54783_ALO1,43.7249404443982
P54785_MOT3,47.5114306335124
P54786_ZDS2,56.5610675720647
P54811_cdc-48.1,50.0162791679647
P54812_cdc-48.2,51.2811225995427
P54813_ymel-1,42.4418906152958
P54818_Galc,51.9692448018871
P54822_Adsl,56.3588715528386
P54823_Ddx6,50.3389683225384
P54837_ERV25,40.020208517208
P54838_DAK1,53.3373864854176
P54839_ERG13,49.4629903325219
P54858_DOS2,52.0851766267215
P54860_UFD2,46.0743157621373
P54869_Hmgcs2,41.4118208409987
P54871_hmgs-1,36.0039514364934
P54873_HMGS,41.7342794283156
P54885_PRO2,49.7123182745871
P54888_P5CSB,39.7699148286401
P54889_alh-13,38.2269526608965
P54893_proC,90.17168051825385
P54904_PROC1,60.3916189950142
P54923_Adprh,52.6379047966984
P54936_lin-2,40.7372630418479
P54941_yxeB,47.7457840663406
P54942_yxeC,43.1163097849967
P54947_yxeH,45.6006401835024
P54950_yxeK,46.672970049291
P54952_yxeM,48.0752087295687
P54955_yxeP,47.2692579760912
P54964_REX2,49.2742286610969
P54970_ILL2,45.4512623574271
P54983_amhX,47.9145369475241
P54999_SMX3,47.7848392991255
P55034_RPN10,49.0960074643503
P55035_Rpn10,39.1272097109104
P55096_Abcd3,43.9265511092263
P55135_rlmD,47.872118064569
P55162_Hem,44.386433114498
P55163_gex-3,42.6928177820067
P55180_galE,45.0296476568074
P55184_yxjL,44.0494298149401
P55217_CGS1,47.9694742789737
P55258_Rab8a,46.7848558783712
P55264_Adk,46.4677957551049
P55339_ecsA,40.1920185978157
P55340_ecsB,46.8995903212187
P55341_ecsC,42.2395479267689
P55734_ygaP,58.6679725928951
P55737_HSP90-2,43.1850587661863
P55824_faf,41.7257813715111
P55826_PPOX1,41.2845965362411
P55828_RpS20,50.3892933038019
P55872_infC,38.1621148392964
P55873_rplT,39.243924444511
P55908_ycgA,38.0783541584414
P55937_Golga3,56.2622998353329
P55956_asp-3,41.2285363074187
P56135_Atp5j2,52.7665037247865
P56175_Rtc1,44.3187038343497
P56183_Rrp1,57.511586631454904
P56258_wecF,45.96725108831835
P56262_ysgA,52.96276010365485
P56371_Rab4a,49.9034748337058
P56375_Acyp2,60.5140893029028
P56376_Acyp1,57.4190934784931
P56379_Mp68,50.406710340263
P56380_Nudt2,50.3926019165646
P56399_Usp5,56.0804771545653
P56400_Gp1bb,51.258443368206
P56480_Atp5b,57.3723015331812
P56528_Cd38,59.2650165219407
P56538_eIF6,47.1712220714014
P56579_srlA,50.2837728917302
P56580_srlE,51.0027955870788
P56581_Tdg,43.276871562879904
P56593_Cyp2a12,46.4793362332273
P56614_ymdF,64.7833879701088
P56628_RPL22B,47.8017704922486
P56654_Cyp2c37,57.1661428771542
P56657_Cyp2c40,57.1970858949017
P56753_ndhH,44.5850480767404
P56755_ndhI,41.0747804366831
P56756_ndhK,46.8860418412097
P56757_atpA,45.4383706070937
P56759_atpF,44.0883414638354
P56760_atpH,30.2284589006202
P56761_psbD,32.9312474617492
P56765_accD,38.885868666702
P56766_psaA,45.2296836218588
P56767_psaB,44.1577026415741
P56771_petA,48.6544386856284
P56774_petD,44.4576500705675
P56777_psbB,31.1671491866114
P56778_psbC,32.5128251521153
P56785_TIC214,36.3496700456825
P56791_rpl2-A,42.8019609298318
P56792_rpl14,40.4024227141345
P56793_rpl16,37.5081493341823
P56794_rpl20,48.1169501986553
P56797_rps2,35.3846709202159
P56798_rps3,39.9188911946651
P56801_rps8,35.9514498328101
P56805_rps15,35.4518693098862
P56820_TIF3D1,47.7166202633023
P57080_Usp25,44.9514520381081
P57691_RPP0C,53.9334764011294
P57716_Ncstn,53.5594075344743
P57720_EMB1144,50.455145522785
P57742_At5g23290,52.6168121714303
P57743_LSM3,54.7147398280571
P57744_TIM8,57.0661679087496
P57746_Atp6v1d,60.9322966571936
P57750_DRT101,55.3612741065961
P57751_UGP1,46.1509868467556
P57752_ACBP6,44.6556698943424
P57759_Erp29,52.6004234633039
P57776_Eef1d,49.2216055644397
P57780_Actn4,60.0933501787655
P57784_Snrpa1,55.4968807554063
P57791_Rce1,53.77159777637375
P58021_Tm9sf2,44.4558990867561
P58044_Idi1,53.6570847770747
P58058_Nadk,57.8147191942994
P58137_Acot8,60.7081858547203
P58158_B3gat3,51.431970874828
P58252_Eef2,54.8356760927182
P58281_Opa1,41.8546872201932
P58389_Ptpa,51.6638171863808
P58390_Kcnn2,40.0759242470745
P58404_Strn4,51.9802568269297
P58466_Ctdsp1,50.978947210513
P58468_Fam207a,51.680641529350254
P58501_Paxbp1,48.7178895449304
P58710_Gulo,55.5932550416956
P58735_Slc26a1,43.1430395716291
P58742_Aaas,52.502397319621096
P58798_arx-6,41.1228485705851
P58802_Tbc1d10a,49.5065484048501
P58854_Tubgcp3,51.2109265594589
P58929_Gmeb2,48.4960231574592
P59016_Vps33b,47.8649551906211
P59017_Bcl2l13,52.3968174177224
P59230_RPL10AB,48.9050875311776
P59231_RPL10AC,49.0659544217629
P59235_Nup43,62.187074562633796
P59240_Nphp4,56.3355014309812
P59259_At1g07660,43.4929996181919
P59325_Eif5,49.7358621051336
P59470_Polr3b,49.6356739647258
P59481_Lman2l,46.5648359541949
P59708_Sf3b6,48.95739250999295
P59913_Pcmtd1,49.7423859960719
P59999_Arpc4,57.2097743788038
P60010_ACT1,45.3145968346255
P60039_RPL7C,35.9786682595865
P60040_RPL7B,35.3612450989337
P60122_Ruvbl1,48.2471756818267
P60229_Eif3e,50.3363109093248
P60240_rapA,45.443593080736704
P60293_mukF,48.747006556825
P60330_Espl1,51.0725748262285
P60334_Cdo1,57.1949572039162
P60335_Pcbp1,50.5911262968685
P60340_truB,48.3479524531464
P60390_rsmH,47.6414480083979
P60422_rplB,47.0232786890617
P60438_rplC,45.2028679240929
P60472_ispU,53.80189179997155
P60487_Pdxp,54.66206671386515
P60495_kipI,43.9891129693546
P60521_Gabarapl2,57.3867404470934
P60546_gmk,51.9818903486085
P60560_guaC,56.6406708133266
P60595_hisH,48.5204709546247
P60603_Romo1,57.1356131974523
P60624_rplX,57.4723657348573
P60651_speB,60.056052321325254
P60664_hisF,52.8161033852778
P60670_Nploc4,50.0581348676247
P60716_lipA,50.4853062665481
P60720_lipB,44.9746339254588
P60723_rplD,45.8932814567069
P60752_msbA,46.33260723547545
P60757_hisG,46.4472409400211
P60762_Morf4l1,51.08259443082955
P60766_Cdc42,50.0924502073363
P60782_plsY,54.85818248411835
P60785_lepA,46.01119053388785
P60824_Cirbp,58.3862814426663
P60840_Ensa,60.1971134464066
P60843_Eif4a1,48.2081773301697
P60867_Rps20,57.9154261602391
P60869_ybjL,51.0245807503635
P60872_yidE,51.09182601336675
P60882_Megf8,53.1272536159717
P60906_hisS,48.42660362160155
P60932_uppP,66.303373381908
P61021_Rab5b,48.7010708581304
P61022_Chp1,52.2368189023087
P61025_Cks1b,48.6458262535685
P61027_Rab10,48.9007658108024
P61028_Rab8b,47.8344351734001
P61079_Ube2d3,54.7989010881354
P61082_Ube2m,50.0644184877742
P61087_Ube2k,55.7655652384355
P61089_Ube2n,45.7589520893022
P61148_Fgf1,48.7816020869317
P61161_Actr2,57.5312446891937
P61164_Actr1a,55.9939385121678
P61175_rplV,46.02662930349835
P61202_Cops2,53.5339938686712
P61209_Arf79F,41.2231150853362
P61211_Arl1,41.1233452992659
P61216_Taf13,52.1451266377424
P61222_Abce1,54.6576027559201
P61294_Rab6b,44.6222251797141
P61320_lolB,63.25488640196115
P61358_Rpl27,57.4570107346921
P61488_ask,82.70516131493105
P61490_groL,86.8890868024724
P61494_leuB,86.71293631796945
P61496_phr,89.79462351538015
P61500_recA,75.1035980804186
P61517_can,65.14196880999594
P61526_argG,84.9340457143599
P61537_ruvB,74.008440946896
P61588_Rnd3,58.6278891900463
P61620_Sec61a1,53.0192796221783
P61661_hisB,85.2245728115054
P61671_mutS,77.365228374877
P61707_alaS,80.6514951982608
P61714_ribE,61.9973481150586
P61747_gpsA,90.540134512034
P61750_Arf4,43.5122012151289
P61759_Vbp1,57.2472641239476
P61781_hisH,85.92885179100405
P61804_Dad1,53.9527794739044
P61830_HHT1,44.1252450325778
P61841_rps7-A,41.5816416100714
P61845_rpl23-A,32.6626842299698
P61854_Sod,44.8172946750611
P61889_mdh,53.7333989251278
P61922_Abat,60.8938399022601
P61924_Copz1,54.1790184141397
P61941_rpsL,74.85449017983625
P61949_fldA,49.7910905533362
P61963_Dcaf7,51.3788981819309
P61967_Ap1s1,48.7698640323112
P61977_mdh,96.6028687275852
P61979_Hnrnpk,48.3891273101285
P61982_Ywhag,57.5147075384634
P61989_cbiD,75.7428504159538
P62030_gcvPB,92.5984873882791
P62071_Rras2,44.6129650741582
P62082_Rps7,57.9846975904029
P62085_RpS7,38.8990353465325
P62090_psaC,47.1934089817293
P62095_psbF,38.6539488439586
P62137_Ppp1ca,51.1441452571592
P62141_Ppp1cb,51.2111934428282
P62152_Cam,47.0382614992135
P62192_Psmc1,47.4285569558884
P62196_Psmc5,46.1326128841217
P62242_Rps8,57.5500088492881
P62257_Ube2h,52.8143563214081
P62259_Ywhae,60.7432256606071
P62264_Rps14,47.8625695359557
P62267_Rps23,47.527786614087546
P62270_Rps18,54.3194006075622
P62274_Rps29,48.458104962747754
P62281_Rps11,57.1723341580488
P62301_Rps13,60.5736139943101
P62311_Lsm3,58.1479096788747
P62331_Arf6,46.0798050534628
P62334_Psmc6,45.7378823446199
P62340_Tbpl1,48.6325646611987
P62342_Selenot,57.7037048192358
P62342_Selt,48.8705527640534
P62350_hisI,82.2701758670251
P62356_hisA,81.67613251423711
P62360_hisZ,97.1667073696874
P62374_hisS,89.82107598815325
P62381_hisG,96.5159607939256
P62399_rplE,45.221177739192754
P62408_y,44.189213464127
P62420_pgk,94.83241610263406
P62442_rplK,81.3581022148092
P62453_hisF,87.43935282697899
P62476_rsmH,76.66226622623596
P62488_Polr2g,64.4723003419101
P62517_mdoH,51.1286866443715
P62601_treF,50.128075775385895
P62615_ispE,44.8079157860466
P62617_ispF,52.5518354080676
P62620_ispG,47.7401624814369
P62623_ispH,49.4427161681444
P62631_Eef1a2,45.2188844583591
P62653_rpsJ,77.29613882740574
P62655_rpsM,75.71387583841926
P62657_rpsO,74.7425104528266
P62658_rpsQ,78.22455950162865
P62662_rpsB,73.09467554668569
P62663_rpsC,74.05859339568366
P62664_rpsD,76.6485980005283
P62665_rpsE,77.13616028058254
P62666_rpsF,87.0825500179848
P62667_rpsG,75.49345337109321
P62668_rpsH,77.1176850933231
P62669_rpsI,80.6106945841532
P62672_apaG,46.61484728769005
P62700_Ypel5,50.54762359052095
P62702_Rps4x,57.327001197435
P62707_gpmA,53.2779195329315
P62715_Ppp2cb,51.448965042858944
P62717_Rpl18a,51.64220159365115
P62743_Ap2s1,57.1654886538862
P62746_Rhob,57.4200009327074
P62748_Hpcal1,53.17128802184525
P62768_yaeH,53.6818594244845
P62774_Mtpn,47.343837553990056
P62806_Hist1h4a,55.4119559171589
P62814_Atp6v1b2,60.7141220680018
P62821_Rab1A,48.98717912224
P62827_Ran,46.1423093652202
P62830_Rpl23,48.7028939922568
P62835_Rap1a,44.609755305047
P62849_Rps24,48.69819287280565
P62869_Elob,55.9711015924809
P62869_Tceb2,51.04110567636715
P62874_Gnb1,55.0789862262268
P62878_Rbx1,50.88832903483505
P62880_Gnb2,51.2086965488258
P62908_Rps3,53.9183715354543
P62911_Rpl32,49.2337237497296
P62918_Rpl8,53.3505868240033
P62983_Rps27a,52.465385835531
P63001_Rac1,57.0092164519159
P63002_Aes,50.7079046784274
P63005_Pafah1b1,54.0436586729144
P63017_Hspa8,48.9705881598891
P63020_nfuA,47.9047992714938
P63028_Tpt1,50.688706374818
P63037_Dnaja1,52.9423904984839
P63038_Hspd1,52.6250609185356
P63073_Eif4e,55.4300865323738
P63085_Mapk1,51.4451116985142
P63087_Ppp1cc,51.9450676241041
P63094_Gnas,46.747382049395554
P63101_Ywhaz,55.5901278136534
P63147_Ube2b,51.0389698468759
P63154_Crnkl1,48.7413998219391
P63166_Sumo1,50.5896668070732
P63168_Dynll1,49.655045304855804
P63177_rlmB,46.865958174876894
P63183_kup,64.2774407589136
P63201_gadW,52.9412680526908
P63204_gadE,42.0602872575918
P63213_Gng2,55.5321193742577
P63224_gmhA,57.92946108724425
P63229_gmhB,46.6072685716928
P63235_gadC,48.422467454267
P63260_Actg1,55.142798532729
P63276_Rps17,57.6419275346908
P63280_Ube2i,50.0537582737903
P63284_clpB,55.3483864006928
P63321_Rala,48.0349428470273
P63328_Ppp3ca,50.8947585422328
P63330_Ppp2ca,53.0990870450502
P63340_yqeG,56.7328831441809
P63386_mlaF,49.47001301988445
P63389_yheS,45.9669702797087
P63417_yhbS,47.10520646985675
P63883_amiC,49.70401946944005
P64423_zntB,50.08599312004195
P64429_ypfJ,61.9323195004923
P64432_ypjD,57.9844185661334
P64442_yceO,51.604777313854
P64448_ynbE,65.3004947593187
P64451_ydcL,66.133584306062
P64455_ydcY,62.0515885653213
P64461_lsrG,49.60895848313585
P64467_cnu,60.7483657256421
P64476_ydiH,54.019679221000956
P64483_yeaK,55.045925466864546
P64515_yecN,57.8767287970447
P64530_rcnR,59.30230231567385
P64534_rcnB,57.6884022960023
P64540_yfcL,47.6468574489563
P64548_yfiR,52.3804782564551
P64554_queE,54.0993968435125
P64557_ygfM,46.45160157545395
P64564_yggT,60.9883748220464
P64578_higB,58.0836032031745
P64581_yqjD,64.4944459478424
P64585_yqjE,62.71104620080381
P64588_yqjI,47.5044552384923
P64596_yraP,62.4086163625778
P64604_mlaD,60.48176931753
P64606_mlaE,60.839794110687095
P64612_zapE,43.1369592600973
P64624_yheO,48.4558260154423
P65292_ygdI,62.88750188967265
P65367_yqcA,53.6351189258509
P65556_yfcD,48.8164455667902
P65870_queD,66.7247227132361
P66817_diaA,58.3351247404293
P66899_ygeX,53.9813325816644
P66948_bepA,55.44647391338655
P67080_yggS,64.4819542734178
P67087_rsmI,46.7975572038971
P67095_yfcE,60.34435009685515
P67143_yhgN,63.3761302753952
P67244_yqhA,64.5346836417262
P67430_nemR,54.18572488776135
P67603_yqfB,53.470329923335655
P67660_yhaJ,49.01144984139145
P67662_aaeR,49.1890016429674
P67762_yhbP,51.41012353259925
P67778_Phb,56.01389368201005
P67805_GstD1,43.5502031869434
P67826_cutC,58.091738038279246
P67871_Csnk2b,53.2369211372585
P67910_hldD,54.4839043140511
P68040_Rack1,47.1456210503285
P68066_grcA,49.490846233905
P68134_Acta1,49.9830777744882
P68181_Prkacb,47.27978692234685
P68183_malG,55.143848166362304
P68187_malK,53.487712176834805
P68254_Ywhaq,46.8628086742227
P68368_Tuba4a,44.8070854205503
P68372_Tubb4b,48.2358750804125
P68373_Tuba1c,45.5114489968032
P68398_tadA,55.9346523473436
P68510_Ywhah,53.3210682602976
P68567_rsmJ,47.5634921916652
P68571_bdbB,46.7952640055193
P68688_grxA,59.7962026724595
P68699_atpE,62.7750872582957
P68731_degR,51.5824193189315
P68739_nfi,48.68653892296685
P68767_pepA,61.405183785518105
P68919_rplY,55.0093485650858
P69054_sdhC,65.59135923293366
P69222_infA,53.8908775435779
P69228_baeR,55.0642725039359
P69346_yefM,54.79718366282215
P69348_yoeB,57.1582222700306
P69380_fieF,62.38369215293345
P69411_rcsF,62.937608505753
P69441_adk,50.5754192703217
P69451_fadD,45.6159193722503
P69488_cutA,64.7274708658015
P69490_ccmE,61.5540757566203
P69503_apt,55.64816060361885
P69506_ytfE,63.58105075708815
P69739_hyaA,66.8000858982604
P69741_hybO,59.291104405517345
P69771_DID2,50.1404900784777
P69783_crr,58.7874794194097
P69786_ptsG,52.76048678184385
P69795_chbB,52.1800152414491
P69797_manX,52.323397998123255
P69801_manY,63.23027707931345
P69805_manZ,62.37815575779205
P69811_fruB,55.29499584327765
P69820_ulaC,46.6033002183987
P69822_ulaB,53.9003329268603
P69826_cmtA,46.7572882649553
P69828_gatA,44.9525846600129
P69829_ptsN,55.857869464408296
P69831_gatC,50.9434308525731
P69834_ISPD,49.324730389228
P69850_DAD3,54.164281872004
P69851_DAD4,50.6676920709825
P69853_dmsD,50.819113428342945
P69874_potA,49.161938139756245
P69908_gadA,59.82416521350365
P69910_gadB,58.6628408334672
P69913_csrA,57.25793523511805
P69922_fucI,60.814156698844855
P69924_nrdB,59.425565673293704
P70122_Sbds,51.2127602804091
P70124_Serpinb5,54.8056138762025
P70158_Smpdl3a,54.4304982225247
P70168_Kpnb1,49.3344643317537
P70175_Dlg3,50.4099937726979
P70187_Mfsd14a,47.3932225180421
P70194_Clec4f,50.2971958607123
P70196_Traf6,46.6532787536981
P70202_Lxn,57.4619051254128
P70206_Plxna1,49.16557658683705
P70207_Plxna2,52.1262113085592
P70227_Itpr3,49.1410718543216
P70245_Ebp,48.4932177961256
P70255_Nfic,49.959328220129805
P70261_Pald1,49.1072765423181
P70265_Pfkfb2,50.0108274771582
P70266_Pfkfb1,52.6993629056429
P70268_Pkn1,45.163392100888004
P70269_Ctse,58.2045547686209
P70280_Vamp7,49.3187468885791
P70290_Mpp1,48.2971239021722
P70296_Pebp1,57.8922704416071
P70297_Stam,48.7975462612725
P70302_Stim1,49.8084248755354
P70303_Ctps2,54.1441502501377
P70318_Tial1,55.456827193371
P70333_Hnrnph2,45.096561853762
P70335_Rock1,48.580069840513
P70336_Rock2,48.9798299914184
P70349_Hint1,51.6127707942366
P70353_Nfyc,53.4952549674365
P70362_Ufd1,60.1087347801794
P70362_Ufd1l,54.61877497636585
P70372_Elavl1,50.4615854352442
P70380_Il18,55.6322434073145
P70387_Hfe,55.3589598185529
P70388_Rad50,42.3148572256312
P70389_Igfals,54.0280691885201
P70398_Usp9x,40.3439030543837
P70399_Tp53bp1,51.8692314862501
P70404_Idh3g,46.3203151603775
P70441_Slc9a3r1,53.43085224744415
P70451_Fer,42.848375786311
P70452_Stx4,52.1074294867196
P70460_Vasp,47.1488995300123
P70665_Siae,49.09931764528005
P70671_Irf3,46.8542975428877
P70694_Akr1c6,46.403018728885
P70697_Urod,50.427890069701
P70698_Ctps1,49.658551721431
P70699_Gaa,52.4052884256121
P70700_Polr1b,50.1454507093461
P70704_Atp8a1,56.223150454686
P70945_yitS,50.4482493313324
P70947_yitU,38.9042910956699
P70948_yitV,44.283357811739
P70952_yitZ,37.7573840078847
P70965_murAA,42.6852530750669
P70970_ecfAB,44.5192492266808
P70973_truA,49.8251087492151
P70995_ywhC,36.7356136962424
P70996_ywhD,45.3594264048774
P70998_speE,43.1179097671765
P71009_albC,44.7700403640498
P71011_albA,45.8942306497015
P71012_fruA,39.4417414802042
P71013_sipT,44.6425716260237
P71014_yuaB,48.5084334941547
P71015_gbsR,51.2737223581828
P71018_plsX,41.1968659376402
P71019_fabD,46.9624395075975
P71020_ylmH,46.5120339084449
P71021_divIVA,42.7122506387841
P71037_ywnB,43.6702511502499
P71039_mta,45.3480465412838
P71043_ywnH,44.7236500845303
P71066_yvfG,42.7876882238449
P71067_lutP,35.9480901091189
P71070_yukC,43.5406060994666
P71073_adeR,45.1523157237324
P71079_fabL,44.2323901634642
P71082_ygaD,41.4187112146649
P71084_gsaB,42.104096277675
P71088_spo0M,46.5583728075406
P71242_wcaK,42.0977254221393
P75672_yafS,51.6200463255972
P75682_yagE,55.84095264581455
P75683_yagG,59.1544961314036
P75691_yahK,62.09683826984465
P75713_allE,66.9439331556544
P75728_ubiF,48.49057011425915
P75734_chiQ,64.9990711560436
P75736_ybfF,49.2354075614714
P75745_ybgK,49.96238552788785
P75746_ybgL,51.0349353629762
P75767_ybhK,45.69501409828135
P75777_ybhG,50.20251918614996
P75779_ybiX,57.311484200161445
P75782_rlmF,45.62462279839935
P75783_ybiO,57.6967745411612
P75785_opgE,46.3440071517463
P75791_ybiU,46.1014196164422
P75792_ybiV,49.84412338138965
P75796_gsiA,53.4743062956285
P75797_gsiB,59.16240154711865
P75798_gsiC,57.8099177771208
P75799_gsiD,63.5163482420246
P75810_ybjJ,65.4412856387398
P75820_amiD,62.202870149086
P75821_ybjS,50.34616946909
P75823_ltaE,50.52910129748305
P75828_ybjD,47.8281715260877
P75830_macA,55.7989973439753
P75831_macB,53.2090224201975
P75835_ycaM,63.6644396051587
P75838_ycaO,45.56534790107225
P75839_ycaP,55.52048872308205
P75853_ssuA,54.3105535108633
P75863_ycbX,50.6882317059833
P75864_rlmL,45.5252904313694
P75867_ycbZ,50.13173621439685
P75874_yccU,52.67714435535795
P75876_rlmI,61.521687861697
P75913_ghrA,48.746062183275654
P75914_ycdX,54.712008543617856
P75915_ycdY,54.453440461122455
P75931_yceM,56.3005700158051
P75949_nagZ,46.5414121986652
P75952_comR,49.8220639396815
P75957_lolD,50.5615180758347
P75958_lolE,59.9957941545617
P75959_nagK,50.7501008847875
P75960_cobB,49.6988491384842
P75966_rluE,47.3815340753847
P75974_cohE,55.1162705950033
P75981_jayE,45.1929430015888
P75989_bluR,44.2089164857605
P75992_ymgA,54.624695191387104
P75993_ariR,59.362332382976
P76002_pliG,61.2527897884566
P76004_ycgM,54.731375817989
P76007_cvrA,50.7804187515178
P76008_ldcA,58.82696245100765
P76014_dhaL,51.704949807054604
P76015_dhaK,54.11685316762525
P76016_dhaR,44.9875606845751
P76027_oppD,48.566319178654
P76034_yciT,54.479168509306
P76046_ycjX,50.77703752136105
P76049_ycjY,56.4292779957783
P76053_smrA,47.3471720711335
P76055_ttcA,53.2959830773808
P76062_racR,63.275805867951604
P76063_ydaS,56.7338206012773
P76076_ydbL,41.75821094851
P76086_paaX,46.3461317108791
P76097_ydcJ,43.298739454578
P76100_ydcK,56.96944820933445
P76108_ydcS,63.143093579425
P76112_mnaT,52.673186569331
P76113_curA,52.4056743810959
P76114_mcbR,45.1834961859531
P76115_yncD,54.3890409399436
P76116_yncE,60.30234973546305
P76117_yncG,51.09102855597575
P76121_yddH,64.87265120635121
P76128_ddpA,45.07796305458835
P76129_dosP,48.1243248656348
P76141_lsrR,50.630048190234305
P76142_lsrB,53.85158694791585
P76143_lsrF,65.1452367907908
P76145_tam,52.9037193260854
P76149_sad,45.96602942749725
P76172_ynfD,60.1498401025866
P76173_ynfH,51.3932722843037
P76176_ydgD,55.246213977384045
P76177_ydgH,54.67568852578795
P76185_ydhJ,51.29660091286455
P76187_ydhF,62.07448912408105
P76192_ydhV,46.57361273993885
P76193_ynhG,46.0456725129985
P76194_sufE,55.117207821563696
P76201_ydiQ,52.7402582830159
P76206_ydiY,64.4498744107987
P76208_yniB,59.8232560540062
P76215_astE,44.2880281076553
P76216_astB,55.25625996779645
P76217_astD,50.34705851468945
P76220_ydjY,64.7372161016726
P76222_ynjA,48.9354709910911
P76223_ynjB,47.227845767616145
P76227_ynjH,57.3741632681313
P76234_yeaE,47.5461709046956
P76235_yeaH,44.7005973098126
P76237_yeaJ,52.23499459409615
P76243_yeaO,51.45802185682625
P76251_dmlA,58.45818887656935
P76256_tsaB,53.136885094783196
P76268_kdgR,52.2416967545759
P76270_msrC,51.79689910492695
P76272_yebT,52.3757712636736
P76273_rsmF,45.4276081239412
P76290_cmoA,51.61502976422675
P76291_cmoB,49.16459917363625
P76297_flhE,49.3220870540831
P76298_flhA,48.219388494859345
P76299_flhB,62.5711618162603
P76308_yecR,53.2189696998238
P76316_dcyD,66.7942351358233
P76318_yedK,57.831483751193346
P76322_yedM,53.6692575307851
P76329_yedP,46.05411830279965
P76330_yedQ,50.310815837492044
P76340_yedW,45.0326062973214
P76342_msrP,51.071674826336206
P76344_zinT,58.7740475737822
P76346_mtfA,48.39927137945955
P76372_wzzB,60.475954306677
P76389_yegH,51.1157758350884
P76397_mdtA,56.5694996066169
P76398_mdtB,52.782508791480495
P76402_yegP,51.5118791829436
P76403_yegQ,46.6984469107339
P76406_yegR,60.1736725336307
P76407_yegS,52.7699023682014
P76418_yegU,53.390434391028
P76419_yegV,48.99915369658335
P76423_thiM,64.8792797057244
P76440_preT,49.5430983383165
P76445_lpxT,65.3905138974037
P76446_rtn,47.4539195269789
P76470_rhmT,50.2375726271193
P76471_yfaZ,65.5886890836193
P76491_yfbR,50.73101151467205
P76501_yfcR,42.715022756369
P76502_sixA,48.40623547572475
P76503_fadI,49.03900258054905
P76513_yfdQ,58.787236608646154
P76514_yfdR,61.388085490488
P76535_murQ,46.987293654680755
P76536_yfeX,49.34943079505295
P76539_ypeA,47.9557347643073
P76541_eutL,61.0009735745705
P76542_intZ,48.8750424597071
P76549_yffR,53.3589909131907
P76550_yffS,47.2262091263301
P76555_eutQ,56.0744593713896
P76558_maeB,60.32154419763515
P76559_ypfG,52.80522021015055
P76561_ypfH,45.081828601364805
P76562_tmcA,50.6616745686308
P76575_yfgJ,64.43542071274774
P76576_yfgM,55.3617350226197
P76578_yfhM,55.32586335853135
P76584_yphB,49.95941710765655
P76594_pka,49.099528929287445
P76621_csiD,47.797524153525956
P76641_guaD,56.81312575875705
P76658_hldE,49.52120082895405
P76909_ynjD,44.185760314306
P77129_ylbE,54.775373930115705
P77148_ydhS,44.527294817641845
P77150_pdxY,64.89408592077575
P77161_glxR,54.6503658321687
P77173_zipA,53.0748734410508
P77181_paaY,65.2165593488497
P77182_mnmC,50.9035504804502
P77196_yfcU,50.5132811878815
P77202_dsbG,58.0380037886423
P77212_rclA,53.96291881624295
P77213_ybdK,49.941834640163606
P77215_rhmD,47.212375968289805
P77243_prpD,50.806964644998004
P77245_murR,49.5705404508242
P77247_yniC,49.59156821629795
P77252_ykgE,53.74918694575895
P77256_ydjG,50.904649329984494
P77257_lsrA,45.07635044119135
P77258_nemA,50.3708877700914
P77265_mdlA,50.3897242694732
P77269_yphF,50.4518361689911
P77272_murP,51.68988143309705
P77279_fetA,45.5597371566082
P77285_rsxG,64.3165760116581
P77286_ydeU,57.0095710290477
P77293_yfdH,48.9534535360652
P77295_ygaV,61.8156534898309
P77304_dtpA,64.6219305001768
P77307_fetB,56.63033456080311
P77316_ybdR,48.38315221532305
P77318_ydeN,54.5208096894379
P77330_borD,64.6262998552317
P77335_hlyE,52.369272248370095
P77338_mscK,49.998612835385444
P77348_mppA,49.58694639676355
P77364_glxK,49.8082815957522
P77368_ybcL,49.6705748810589
P77374_ynfE,56.90767963456756
P77376_ydgJ,49.371691040634005
P77378_ydiR,60.8368452803086
P77379_rclR,49.42811250142225
P77399_fadJ,50.581545889486904
P77425_allC,45.4504865134688
P77432_lsrK,50.7458234709972
P77433_ykgG,55.518264411504305
P77434_alaC,49.33633710979675
P77444_sufS,51.448485892652045
P77445_eutE,53.1704678585261
P77454_glsA1,52.579871144676
P77473_ylaB,46.067205387126506
P77475_yqaB,52.352561412429
P77485_cusS,51.37320635099855
P77488_dxs,48.19403495580505
P77493_ydjH,52.59091026193485
P77499_sufC,50.53573403687545
P77504_ybbP,50.0826320258722
P77522_sufB,55.87840061247785
P77526_yfcG,62.98643953116605
P77529_ydjN,57.81586002425835
P77536_ykgF,46.25436053201204
P77539_ydjL,48.675530644388346
P77541_prpB,44.2777481325373
P77544_yfcF,45.364591614679696
P77552_ydhQ,51.7739893915239
P77554_yahJ,54.350233010307946
P77555_allD,46.374851903138
P77559_ynfL,50.9074616350021
P77562_yaiW,48.47538518976795
P77569_mhpR,45.17440312620385
P77570_anmK,49.4337075833753
P77580_mhpF,64.0670564319411
P77581_astC,48.5882149935922
P77596_yagF,50.365800950519
P77615_ycjW,50.693427979675
P77619_yfeW,49.012453036885745
P77625_yfbT,51.19261999178415
P77626_sutR,43.06102574653265
P77649_ydiU,46.9386319853911
P77667_sufA,56.71483124006575
P77671_allB,52.2798345323421
P77674_prr,63.77764835008015
P77689_sufD,53.726569065525894
P77690_arnB,61.2327507103611
P77695_gnsB,61.1925772976725
P77712_fadM,59.36438174196065
P77713_yagH,45.5488946624708
P77717_ybaY,46.6007997521746
P77718_thiI,48.62899833939851
P77721_ydjF,57.38839871005845
P77730_ydcR,56.46193608438275
P77731_allA,59.484911774464
P77735_yajO,43.48344901670265
P77737_oppF,47.80722099073065
P77739_yniA,49.301419090066
P77748_ydiJ,54.422140044767005
P77756_queC,48.8207812176294
P77774_bamB,55.38964822297805
P77775_yfcH,47.9836454571575
P77781_menI,52.00196155595469
P77783_ynfF,55.36303918662665
P77795_ydcT,57.0405229374084
P77804_ydgA,61.2903907229403
P77808_yfaY,51.73781211778665
P77837_ureC,59.8646673610298
P78055_fsaA,59.11131559346285
P78067_ynjE,54.450814272200645
P80210_ADE12,49.8093182056717
P80240_greA,41.3686300779984
P80241_yflT,39.3896726043532
P80242_ohrB,53.3202941636417
P80244_clpP,41.1157134368531
P80315_Cct4,53.8148496475374
P80316_Cct5,55.8564596166638
P80317_Cct6a,54.9190728688784
P80318_Cct3,54.6121857451878
P80361_ppp-1,39.6563351451434
P80428_ARP4,46.6063906800784
P80455_RpS12,56.928174547719
P80643_acpA,44.8234253995389
P80668_feaB,48.55683321913065
P80698_tig,59.1710391571649
P80700_tsf,51.0274327769383
P80828_,52.6147279707534
P80858_leuC,41.7353133399921
P80859_gndA,50.0089573240781
P80861_yjlD,43.8284994731968
P80862_serC,50.3450005182751
P80864_tpx,53.2951628045123
P80865_sucD,44.458527472099
P80866_sufC,44.606854466209
P80868_fusA,44.2318364443991
P80870_yugI,51.3110532448815
P80871_ywrO,47.2510615744686
P80872_yocK,44.306168362687
P80874_yhdN,44.7348044022766
P80875_yceD,57.0323536504781
P80877_metE,51.8425871308521
P80885_pyk,46.9277270456507
P80886_sucC,42.250759332358
P81069_Gabpb2,50.14025759977589
P81100_yceC,50.116083117471
P81101_frr,47.2666389957993
P81102_yodC,54.3569371798962
P81122_Irs2,47.4433864540852
P81449_TIM11,51.1579797882706
P81760_TL17,49.9953727404898
P81900_Pka-R2,45.3111797645518
P81928_140up,39.5310493118854
P82198_Tgfbi,53.6963401070846
P82281_TL29,47.2486169014364
P82295_CG7740,55.0141448492529
P82343_Renbp,58.6922246906982
P82538_PPL1,40.3508085975797
P82715_PPD5,38.5083289476058
P82804_Pym,51.4500808121143
P82805_TOM20-4,44.0874505402376
P82869_CYP37,41.6557855800733
P82890_primo-1,43.207688434474
P82910_Hsp70Aa,42.49837209152
P82986_Or82a,49.0991214847152
P83094_Stim,44.4535439482774
P83097_Wsck,43.3241066330315
P83100_p38c,41.8851147717083
P83291_CBR2,49.0229285527658
P83388_pamn-1,41.6796928858683
P83453_tyrS,91.0116447128285
P83484_At5g08690,47.3308419505786
P83741_Wnk1,50.8952125749705
P83755_psbA,34.2548599089254
P83832_Ras85D,39.4339916904582
P83870_Phf5a,55.01528540298065
P83877_Txnl4a,57.7169227670625
P83940_Eloc,53.9398519350244
P84029_Cyt-c-p,45.2135224637078
P84078_Arf1,51.1923654604711
P84084_Arf5,44.5672653027859
P84089_Erh,58.1671515431986
P84091_Ap2m1,52.5617482921586
P84096_Rhog,52.8590013826796
P84104_Srsf3,66.1554118817823
P84244_H3f3a,57.1031729059642
P84250_His3.3A,38.0320089729038
P84323_RpL32,46.196320589567
P87108_TIM10,52.0718036789075
P87262_RPL34A,43.8224206453597
P89105_CTR9,51.2910635898434
P89886_TMA20,54.226282778241
P90731_acly-2,39.3495451632695
P90742_C09B9.7,53.0758807205716
P90762_rmd-2,49.7396222198597
P90770_C34B7.2,43.7264813494853
P90779_C55A6.4,42.3207590909206
P90780_sdz-8,35.1453929923568
P90781_C55A6.7,35.9203501516804
P90783_pafo-1,34.3467205697128
P90786_prg-1,44.4307105838231
P90792_CELE_D2030.7,48.1125565803921
P90795_T25G3.4,38.5855342664154
P90829_F10C2.4,41.4377049828382
P90830_CELE_F10C2.5,40.601624462654
P90831_dars-2,42.4688999952271
P90838_rtcb-1,46.1256044902206
P90850_F26E4.3,47.8977134332995
P90861_phip-1,46.4501202356717
P90868_pbs-7,49.4990905203391
P90879_CELE_F49C12.9,39.5792500286678
P90893_F56F10.1,42.9406283961077
P90900_ifa-4,42.5326278054315
P90902_gfi-2,40.1332201824695
P90916_lin-53,40.2389745001078
P90917_rba-1,33.6855635743113
P90919_CELE_K07A12.1,37.8719768958668
P90920_egg-6,53.3745667920092
P90991_B0432.10,48.9975825265287
P90994_djr-1.1,52.4517279000993
P91001_csn-5,44.5709532810635
P91020_C07D8.6,40.5918566992508
P91021_C07D8.5,34.9885910850832
P91025_C10G11.8,40.9458900495684
P91055_C16C8.16,47.7649400922468
P91060_skpo-2,38.2522680853073
P91125_C32E8.5,38.9562208878151
P91133_ubr-1,41.0239439623298
P91134_adss-1,51.6900206824348
P91148_ndx-7,37.9991075630622
P91149_exoc-7,39.9848505360811
P91154_C43E11.9,53.4330833474195
P91179_C50F2.5,38.8393615956438
P91180_fkb-5,41.1895856375242
P91182_magu-3,43.4862146009198
P91189_dnj-7,42.7794437265619
P91198_ppfr-2,43.6303620586325
P91230_CELE_F08D12.7,47.3467126039723
P91240_srpa-72,38.325054789388
P91252_gst-6,36.2181847189674
P91253_gst-7,45.5634632758713
P91268_pgal-1,48.5737678732412
P91276_ima-2,33.6582143265729
P91277_hrpk-1,39.2611657855903
P91283_atp-3,49.2960022122056
P91302_ubl-5,45.2408033997295
P91306_cey-2,45.1964483346918
P91308_CELE_F46F11.8,40.4497105104268
P91309_F46F11.1,38.1224211192678
P91321_CELE_F53E10.1,37.1290861767404
P91341_F55F8.3,38.4832766190491
P91343_wdr-12,49.6437998650868
P91350_npp-6,38.4150448474007
P91369_CELE_K11H12.4,45.3719707506813
P91398_cey-3,40.2278352736956
P91401_CELE_M01E11.2,37.4074569311501
P91408_T01B11.2,40.3547997888873
P91409_syx-4,46.2408634832164
P91416_T01D1.4,37.7374260515922
P91420_gsp-4,41.0020455859442
P91424_tfbm-1,41.8614341796211
P91427_pgk-1,43.6156457855977
P91429_clec-53,43.3824632977002
P91430_uba-5,37.1206970569955
P91442_CELE_T10H10.2,46.4500018982286
P91455_T19B4.3,48.0852319512326
P91463_CELE_T20D4.12,45.5689162136448
P91477_pbs-4,48.4086540007211
P91478_mrrf-1,37.0783999252612
P91495_npp-12,42.4644472404003
P91500_CELE_T27A3.6,33.7521360210264
P91501_CELE_T27A3.7,37.0407912877301
P91502_usp-5,39.9156163936433
P91515_CELE_T28A11.17,48.1641929292147
P91522_fbxa-64,45.4019169412143
P91529_W09C3.4,41.6772550605118
P91532_CELE_W09C3.7,53.0195660055802
P91544_CELE_ZC204.12,43.9029367432714
P91567_CELE_ZK354.7,48.5482847267739
P91622_Pdk,36.8073909764872
P91664_Max,43.5850405398625
P91679_yin,39.8163159278666
P91821_set-18,33.9817712076132
P91829_nhr-69,39.2159451743696
P91851_nmat-2,38.2686484493254
P91856_F26H9.5,43.0036297639971
P91862_CELE_F32A7.4,41.9290322496671
P91863_aex-5,36.5216665181227
P91867_thoc-3,36.8227556913745
P91871_fasn-1,35.4000767257618
P91875_RpI1,45.1510505442584
P91891_Mo25,42.6791278878907
P91910_mec-12,47.6664498375368
P91917_ola-1,33.1165765592437
P91926_AP-2alpha,39.7867622632998
P91927_Letm1,42.2053706123994
P91928_Mitofilin,45.4669354300901
P91929_ND-42,35.880701413568
P91931_SamDC,43.5160990695206
P91938_Trxr-1,47.5760201232889
P91943_pan,43.4014555204437
P91982_C50B6.7,44.5223417318905
P91989_CELE_F25H9.7,37.3849332807862
P91991_CELE_F32H5.1,47.2268713297412
P91997_CELE_F53F1.2,31.7940848198981
P91998_CELE_F53F1.3,34.3675698006196
P92005_cpz-2,38.924820600691
P92016_CELE_T02B5.3,41.2183992113382
P92018_CELE_T10G3.1,43.1061374288436
P92020_CELE_T10G3.3,44.6990594726593
P92172_daf-7,51.6132370207405
P92177_14-3-3epsilon,43.9423777759618
P92199_let-502,49.4369702477267
P92204_Nelf-E,44.270839848822
P92208_bsk,41.8721220944319
P92540_AtMg01060,55.8914666334735
P92549_ATPA,43.0212580833934
P92935_AATP2,38.8959417863501
P92947_MDAR5,51.589296987308
P92959_RPL24,49.9057142311655
P92963_RABB1C,38.5280187910589
P92964_RS31,46.5276714640573
P92974_UBA2,44.0014349525453
P92976_SSL11,50.6106704541138
P92979_APR1,43.2551994200158
P92994_CYP73A5,34.5885729382225
P93008_RH21,44.1461936254502
P93009_CUTA,50.2889977625173
P93014_rps5,45.8043558361142
P93025_PHOT2,42.1051426372223
P93026_VSR1,48.5816441740407
P93028_UBA1,40.7576182253699
P93031_MUR1,40.0069115814009
P93032_IDH2,40.6706013144912
P93033_FUM1,49.4351372162495
P93042_RHD3,37.3691691059449
P93047_HMGB3,42.5520739221766
P93051_At2g48020,34.9766922667231
P93303_YMF19,37.4891872545446
P93306_NAD7,41.579517363081
P93655_LON1,40.6703817857384
P93732_PIP,53.9034147349202
P93736_TWN2,41.3182072646648
P93819_MDH1,49.4499971804303
P93832_IMDH2,56.3833458891343
P94072_GER3,35.9579324612164
P94078_At3g26720,62.3033462335511
P94111_SSL12,55.0500596883033
P94352_yxjI,42.9402343900736
P94356_yxkC,50.0369940462276
P94358_aldY,53.6005845199157
P94359_yxkF,44.2523484009432
P94360_msmX,42.16612100162
P94369_yxlA,44.2215502611855
P94389_ycgL,43.040034623226
P94390_putB,40.7692458854073
P94391_putC,48.1004159553457
P94392_putP,36.6075325122907
P94393_putR,42.3594480004445
P94403_bsdA,54.4590066723332
P94405_bsdC,51.7216891104126
P94407_yclE,50.4308781369711
P94408_yclF,39.90366261371
P94413_yclJ,43.1130315831722
P94415_rapC,42.6131352421887
P94417_yclM,41.2614775133634
P94421_yclQ,55.3857220001091
P94423_ycnC,43.7521636177074
P94424_nfrA2,41.8281564091826
P94425_ycnE,46.5381510676716
P94431_ycnI,42.1957489673513
P94437_yfiI,47.2135449285417
P94439_yfiK,43.4284024606863
P94447_yrbC,42.9437783319155
P94461_priA,39.2470558419254
P94462_defA,45.9395324435765
P94463_fmt,45.003435365749
P94464_rsmB,42.8950904089006
P94474_yeaC,42.3120970937099
P94476_yebA,46.9843311144691
P94478_hflX,36.8078928157464
P94482_ynaD,58.0376691074738
P94489_xynB,48.6160336565587
P94495_yncE,50.8199974078673
P94498_cysH,44.831007375234
P94501_gltR,44.6681154920215
P94504_yvrH,46.5192847940866
P94507_uppP,36.3622854339468
P94512_ysaA,41.3137751760687
P94520_ysdB,44.0044986283809
P94523_araA,53.9384944941598
P94524_araB,48.4519921017302
P94525_araD,46.5302717027132
P94527_egsA,44.5056227977041
P94528_araN,46.5595610774378
P94531_abfA,55.3551909172218
P94532_cstA,31.2568601678822
P94534_glcF,44.9887537652706
P94535_glcD,40.9564793830473
P94538_ysgA,59.0945148279579
P94544_polX,48.5007260815378
P94545_mutSB,42.5554450152667
P94547_lcfA,42.3723191652592
P94549_fadB,55.1853952970173
P94550_etfB,45.0918365251285
P94551_etfA,45.0780725596527
P94558_ysnA,45.0167443208118
P94560_ysnF,50.5271403418218
P94565_leuA,42.6087252070455
P94569_ysoA,46.8453251779691
P94573_ywoC,48.5715460145987
P94588_ywpF,41.7904107590359
P94592_ywpJ,44.6246069589809
P96076_pyrF,90.82893375591604
P96134_argF,91.67284852492796
P96136_argC,95.3169369754486
P96137_argJ,95.5292108826296
P96495_carB,85.2321170943754
P96499_yvhJ,40.2062235620352
P96503_fliW,54.9764716319528
P96574_mtlR,46.3251025674638
P96579_ydaF,52.7966801039757
P96583_topB,42.3575311182914
P96593_mntH,36.1252248939003
P96597_ydbB,46.875135193152
P96603_dctA,37.5248424371509
P96604_ydbI,35.0978872421009
P96605_ydbJ,42.3333506842832
P96612_ddl,40.5993893303141
P96613_murF,45.5932127410306
P96614_cshA,43.4007718280764
P96615_ydbS,42.6811258398331
P96616_ydbT,38.5313251217692
P96619_ydcC,51.0433039115477
P96622_ndoA,41.4476817139216
P96647_yddJ,41.4699955904936
P96648_yddK,43.7122270851833
P96649_rapI,49.5666188397572
P96662_ydeE,45.899686135873
P96663_ydeF,42.4038487599571
P96666_ydeI,47.5958555424665
P96676_ydeS,43.2147564392853
P96684_ydfG,48.7714186436087
P96685_ydfH,43.4213833369967
P96686_ydfI,46.4727989449103
P96688_nap,40.7183541763143
P96703_ydgE,40.6176154277636
P96705_ydgG,51.6737851746183
P96706_ydgH,35.7570684445782
P96707_ydgI,43.5009782260397
P96708_ydgJ,46.8325210227403
P96719_ywqG,44.1712241811382
P96721_ywqI,50.8194833142835
P96722_ywqJ,59.0191206906932
P96723_ywqK,49.8746525984442
P96724_nfi,46.5339369640276
P96726_ywqN,45.3228068491733
P96741_ywtE,45.4580364514184
P97032_yhbD,52.6537824477216
P97247_ysmB,41.8102032907585
P97287_Mcl1,52.95656756678005
P97290_Serping1,57.3946369227915
P97298_Serpinf1,55.0418692837678
P97310_Mcm2,47.6208955187234
P97314_Csrp2,44.534266883376404
P97329_Kif20a,47.87224714641905
P97351_Rps3a,57.3893487337974
P97355_Sms,47.6072843343982
P97364_Sephs2,54.4452019213691
P97369_Ncf4,44.3445449668208
P97370_Atp1b3,45.3198637803752
P97371_Psme1,61.0820806703438
P97372_Psme2,60.6369065005303
P97377_Cdk2,49.682041831703
P97379_G3bp2,50.7499223640609
P97384_Anxa11,46.9052961485889
P97390_Vps45,49.1844201167022
P97412_Lyst,50.3944513677382
P97429_Anxa4,46.9098250309112
P97431_Irf6,49.6667211979405
P97434_Mprip,57.6824917696163
P97449_Anpep,62.15895609222625
P97452_Bop1,54.3317028097933
P97465_Dok1,45.17729157253265
P97471_Smad4,50.36587613771125
P97477_Aurka,44.8620525137122
P97478_Coq7,49.0991402402413
P97484_Lilrb3,53.4926134809179
P97492_Rgs14,46.7644678352287
P97494_Gclc,48.0818717643317
P97742_Cpt1a,42.1631383395705
P97765_Wbp2,55.5828846628854
P97770_Thumpd3,48.39235581519965
P97784_Cry1,47.53648003044755
P97785_Gfra1,61.8268447860359
P97789_Xrn1,47.6304234875576
P97798_Neo1,49.5402319509555
P97807_Fh,50.6323301843742
P97820_Map4k4,48.05209605137735
P97822_Anp32e,50.9259176061625
P97823_Lypla1,50.5147431610183
P97855_G3bp1,51.2803785205887
P97865_Pex7,50.8976709362506
P97868_Rbbp6,52.81634580935535
P97872_Fmo5,40.8560454515764
P97930_Dtymk,46.2326408930707
P98064_Masp1,52.5067686515876
P98078_Dab2,46.853233742263
P98080_ucr-1,31.7753720889829
P98081_Dab,41.1740152154863
P98083_Shc1,51.6119855606433
P98149_Dif,42.0849488520975
P98195_Atp9b,54.17563073166944
P99024_Tubb5,48.03172562798
P99026_Psmb4,66.878024048755
P99029_Prdx5,54.1817580363217
Q00055_GPD1,47.6707202099613
Q00168_CaMKII,44.2920387540004
Q00174_LanA,43.0314530970347
Q00218_DHS2,36.8368747045631
Q00362_CDC55,50.5279905448394
Q00402_NUM1,53.0919324326774
Q00420_Gabpb1,47.7696586639444
Q00422_Gabpa,47.1568337603457
Q00519_Xdh,50.3496298854529
Q00547_Hmmr,49.6761482855377
Q00558_F8a1,42.7165817983601
Q00609_Cd80,51.9216666447005
Q00612_G6pdx,50.6031971043194
Q00618_BET4,53.2798436098802
Q00637_Sod2,44.2586914055555
Q00684_CDC14,41.9609142588754
Q00711_SDH1,49.7612965997274
Q00724_Rbp4,60.8800806954966
Q00758_spoVB,50.0085312474661
Q00764_TPS1,49.7477867364948
Q00805_aos,46.3947007909855
Q00816_REG1,52.66813930821
Q00828_rapA,41.1028685668957
Q00874_DRT100,45.4925534210409
Q00896_Serpina1c,58.5728890199299
Q00897_Serpina1d,60.844747427065
Q00898_Serpina1e,60.9438852365439
Q00899_Yy1,48.69718866935535
Q00915_Rbp1,57.3642786746178
Q00941_Csf2ra,52.318557450026844
Q00955_ACC1,43.2696447245814
Q00963_beta-Spec,44.3155203011603
Q00P41_pofut1,48.4298663506964
Q00PI9_Hnrnpul2,48.5722411809474
Q01080_RPA49,51.0648011662556
Q01149_Col1a2,57.6854834974788
"Q01217_ARG5,6",48.1299255554352
Q01279_Egfr,46.2390488937155
Q01320_Top2a,47.4783451650338
Q01405_Sec23a,49.5468598620416
Q01448_HPC2,55.056473443112
Q01454_CTF4,45.3464574136537
Q01464_minD,40.9756921898701
Q01465_mreB,42.2444572274816
Q01474_SAR1B,41.2092675765458
Q01476_UBP2,50.033759525812
Q01477_UBP3,41.9778382027731
Q01519_COX12,56.588428857466
Q01525_GRF2,50.1467745400757
Q01532_LAP3,49.7890133873402
Q01560_NPL3,50.8733926418965
Q01604_Pgk,41.7421224188514
Q01620_jag,48.0924471850093
Q01630_unc-33,54.2855944405754
Q01637_r-l,45.8102595162867
Q01662_MAP1,41.4116907859149
Q01667_LHCA1,38.0229844983141
Q01730_Rsu1,53.9764971721525
Q01842_aop,45.44496143858
Q01852_TIM44,45.3024252851448
Q01853_Vcp,63.249978240035944
Q01855_RPS15,42.9116575622051
Q01908_ATPC1,44.7772642957746
Q01909_ATPC2,49.9176173065612
Q01919_KIN4,54.4781660260874
Q01939_RPT6,43.9027106620779
Q01976_YSA1,52.0108804001646
Q01989_jar,45.8569833408517
Q02046_MTD1,43.6504665524747
Q02053_Uba1,43.5558621448051
Q02113_lytB,46.6586998961995
Q02115_lytR,42.0911433449712
Q02166_PAT1,40.8345548463697
Q02196_MET14,48.6250294430764
Q02204_MRPL13,44.6807204259927
Q02206_RSC4,47.3775048049884
Q02248_Ctnnb1,55.5183883801196
Q02257_Jup,53.3823419121939
Q02260_SMD1,45.6867265398043
Q02308_H,37.7454278123426
Q02326_RPL6A,42.515813279104
Q02328_hipr-1,45.5869243270976
Q02332_pdhk-2,33.9728715507214
Q02335_ZK370.8,37.7429897613425
Q02357_Ank1,45.0653103637595
Q02427_Rbp1,42.9934993669985
Q02455_MLP1,52.5159679152898
Q02486_ABF2,47.872483697767
Q02614_Sap30bp,57.46441655401705
Q02630_NUP116,52.4662392802282
Q02642_EGD1,57.0027876251189
Q02645_hts,45.7269241059733
Q02725_VTC3,42.7529186521398
Q02733_IRC15,51.1836480756628
Q02748_eIF-4a,42.7600841047795
Q02788_Col6a2,50.5525055041955
Q02792_RAT1,44.9468947700956
Q02793_SKI8,44.4356639270563
Q02796_LGE1,47.8692794617584
Q02821_SRP1,47.6695403843332
Q02875_SYH1,53.8937982973194
Q02884_ELP4,44.8052119735615
Q02886_dinB,39.7301584160791
Q02887_ATG21,48.93846903415
Q02892_NOG1,43.5976050686886
Q02926_Rb97D,40.5277975283324
Q02933_RNY1,48.2964616821441
Q02948_VPS30,42.5722711431068
Q02971_CAD7,40.7494509156083
Q03012_SPP1,51.6445499511875
Q03017_cact,43.3542118768313
Q03018_ESP1,59.636893860688
Q03034_FDC1,49.6498508649731
Q03043_for,36.2938215892849
Q03048_COF1,59.132149902267
Q03063_DIG1,51.9835760804194
Q03088_SVL3,59.965067260682
Q03102_YML131W,49.3289520221499
Q03104_MSC1,44.2930074260338
Q03148_SNZ1,52.7527894761746
Q03160_Grb7,53.5250421804977
Q03161_YMR099C,51.9219322175151
Q03180_PIR3,45.8322031914267
Q03195_RLI1,48.6917014888806
Q03201_RSM10,41.4290903368949
Q03206_ced-10,36.7461729460118
Q03219_YMR178W,44.1011636359726
Q03222_rho,40.9666635417029
Q03223_rpmE,41.7331814899178
Q03224_glpX,42.1436848660707
Q03231_YMR181C,46.0647806669104
Q03233_ADD37,51.9883092209886
Q03246_MRPS17,42.4656612717393
Q03250_RBG7,44.7141043699554
Q03262_PRM15,50.318081055918
Q03265_Atp5a1,56.3331897031118
Q03266_ABZ2,51.177093710126
Q03280_TOM1,47.816904153087
Q03290_TFB3,50.2220322460979
Q03311_Bche,57.163055642209
Q03330_GCN5,52.6681709023399
Q03334_RpS13,41.480163867419
Q03337_TRS31,50.4720732960086
Q03427_LamC,42.1585636038144
Q03430_RSM28,44.5790792749036
Q03435_NHP10,48.0411502460256
Q03522_murD,47.0252229044555
Q03523_murE,44.008475651485
Q03532_HAS1,44.7014276212115
Q03533_TDA1,50.656262813357
Q03558_OYE2,49.9460962647004
Q03559_YMR295C,48.4080740034351
Q03560_ctr-9,48.5371079113677
Q03570_rgr-1,38.6863172873409
Q03577_drs-1,39.9397960525642
Q03604_rnr-1,34.8855441301563
Q03606_T23G5.2,43.2428439810394
Q03609_cls-3,41.6170124812245
Q03615_saeg-2,41.0303937670332
Q03629_YML079W,50.7235063750988
Q03640_TCB3,53.7614226879243
Q03652_DML1,51.6858732347614
Q03653_EFR3,51.7649435816988
Q03655_GAS3,49.6954092278473
Q03656_SKY1,51.1828537438731
Q03661_ESC1,52.7185537993547
Q03674_PLB2,53.7067777535707
Q03677_ADI1,50.4501020380522
Q03690_CLU1,46.1849512310842
Q03705_CGI121,48.589067999464
Q03707_SRC1,42.3753697917933
Q03735_NAB6,41.9748163516407
Q03751_Csp,42.5434810038056
Q03761_TAF12,48.3591686850996
Q03768_GIR2,46.3403262928248
Q03774_TRM82,49.2515913283071
Q03778_FMN1,45.8945773002334
Q03799_MRPS8,44.0095616115911
Q03834_MSH6,52.5294499312155
Q03835_GRX3,48.3163833817798
Q03862_ARX1,44.129364049349
Q03940_RVB1,48.5769999764037
Q03954_SPC19,54.6766924756949
Q03963_Eif2ak2,44.5068258007745
Q03973_HMO1,49.9253263354336
Q03976_RSM24,42.5249338974615
Q04031_RRP17,44.1993122661297
Q04047_nonA,41.9405344569914
Q04062_RPN9,46.5700015910762
Q04066_BNA7,55.2268578600721
Q04067_TIF35,48.2390400730637
Q04119_PPN1,49.9504160686986
Q04120_TSA2,55.1146861846632
Q04170_YDR391C,43.3466597199563
Q04175_SXM1,49.4326178516652
Q04177_UTP5,46.8899706999463
Q04178_HPT1,54.8049988506335
Q04179_URH1,51.428011540485
Q04207_Rela,46.6307117790606
Q04212_ARA2,48.8527651734399
Q04225_RRB1,55.7930430811867
Q04279_SEG1,46.106307447032
Q04304_YMR090W,49.8992052277079
Q04305_UTP15,49.4237149168042
Q04307_RPC11,56.8009608257595
Q04336_YMR196W,47.7621243620679
Q04338_VTI1,45.0434015715603
Q04344_HNT1,51.6682910523173
Q04371_YMR027W,50.4487498891141
Q04372_TAP42,53.7769395603307
Q04373_PUF6,46.6999289892389
Q04385_ygxA,48.0131417153459
Q04409_EMI2,50.6351660843155
Q04410_GRH1,49.5635295976167
Q04430_CAB1,49.9656602868068
Q04431_KRE28,50.5908021380185
Q04432_HSP31,51.3718083643062
Q04437_YKU80,48.2676760368572
Q04439_MYO5,55.6988437306051
Q04447_Ckb,48.2604503891716
Q04448_Nmdmc,43.8543138157125
Q04457_ges-1,44.9518414735174
Q04477_SPC24,56.4316446399395
Q04491_SEC13,50.0454245954543
Q04499_slgA,43.5834843391607
Q04511_UFO1,45.7902547575489
Q04519_Smpd1,53.9966558527938
Q04533_YML082W,46.7774909026653
Q04585_YDR109C,52.5163741813767
Q04613_AtMg00640,35.6697488399837
Q04636_POB3,48.5857100766429
Q04646_Fxyd2,52.9728380832909
Q04660_ERB1,47.6062983112334
Q04692_Smarcad1,51.59299812878065
Q04728_ARG7,52.5627562332363
Q04736_Yes1,44.843589076551
Q04747_srfAB,36.2246909294697
Q04750_Top1,45.910278937053846
Q04773_YMR074C,51.8754771820418
Q04792_GAD1,51.7995578981396
Q04795_dapG,43.8160093737444
Q04797_asd,46.4909903977038
Q04833_lrp-1,48.6269233119664
Q04839_GFD1,52.0918205079385
Q04847_ROY1,50.7351148448704
Q04857_Col6a1,52.0012016890149
Q04869_YMR315W,45.9865512221145
Q04894_ADH6,51.7025299774793
Q04908_rpn-3,37.3251384175273
Q04924_GTB1,48.0283135311605
Q04947_RTN1,50.3076091524187
Q04951_SCW10,52.8286395145921
Q05016_YMR226C,50.2936233816143
Q05022_RRP5,44.1412404699503
Q05029_BCH1,47.0103918428883
Q05031_DFG5,50.7670090901712
Q05036_hsp-110,37.8030867821617
Q05040_FAR8,49.5940426785059
Q05050_EIS1,55.4514008675894
Q05062_cdc-42,36.4629078906231
Q05123_ARP9,49.5115825005867
Q05144_Rac2,48.9379775520693
Q05153_SSRP1,51.7068071902898
Q05186_Rcn1,52.299352602056
Q05192_Hr39,48.7881172262667
Q05344_Ssrp,43.1595667931164
Q05359_ERP1,41.2707236396227
Q05421_Cyp2e1,45.4002102297527
Q05431_APX1,44.5262302801486
Q05470_pksL,40.3286181361656
Q05506_YDR341C,47.6936789457396
Q05515_SVF1,50.1539032801175
Q05518_PAL1,54.2129489601063
Q05522_cheB,42.8526485089032
Q05530_YDR286C,48.6409071967462
Q05533_INM2,50.4367000274807
Q05543_RTT103,49.8687807603809
Q05547_Pp1-13C,42.8828363834095
Q05580_HEL2,55.7826437616374
Q05583_CIA1,48.3629095306274
Q05584_GLO2,53.3170243667739
Q05635_RNH202,45.9175063710105
Q05636_RRP45,51.5470812117355
Q05652_pll,37.6045533333695
Q05728_PUR5,41.8935499827391
Q05753_AKRP,45.8460353096526
Q05758_At3g58610,40.5647328717809
Q05762_THY-1,44.1676151134243
Q05769_Ptgs2,51.10120386415275
Q05775_HCR1,52.5034753490679
Q05778_PBA1,50.0928498422384
Q05783_HmgD,48.7515096604521
Q05785_ENT2,52.2461223278344
Q05788_PNP1,50.2853871277999
Q05793_Hspg2,57.7503958566645
Q05812_MSC3,52.1150014444989
Q05825_ATPsynbeta,55.4835223058351
Q05852_gtaB,39.3739780806284
Q05860_Fmn1,47.1176277116235
Q05865_folC,44.8049007459387
Q05873_valS,58.1829883997301
Q05881_YLR287C,45.9997347861634
Q05902_ECM38,50.6716627954081
Q05905_HRI1,53.6438907610805
Q05909_Ptprg,62.4005209491785
Q05911_ADE13,52.723090554497
Q05913_TfIIFalpha,40.9614430546327
Q05920_Pc,45.9307985553102
Q05926_GRX8,48.8898963597336
Q05931_SSQ1,50.9843039892761
Q05933_ARC18,48.3397546594097
Q05937_STP3,47.627761673468
Q05942_RSA3,60.4829742636004
Q05946_UTP13,48.2236435446046
Q05948_YLR225C,49.960419212251
Q05979_BNA5,52.0466405277494
Q059T5_Mgat5,53.01851144656765
Q059T9_Prpf4,51.941079649790694
Q059U0_Agpat2,50.5369832635309
Q059U9_Akap8,49.60474877293275
Q05A21_Dapk3,45.6474525603268
Q05BC3_Eml1,48.2465389654723
Q05C51_Rnaseh2a,47.58402511901325
Q05CL8_Larp7,50.1781166955477
Q05D44_Eif5b,49.73292372474845
Q06004_gutB,54.3779755422732
Q06010_STE23,46.5669235293647
Q06053_DUS3,50.5931023687947
Q06065_atoC,50.6322930458553
Q06078_UTP21,47.3772105660169
Q06103_RPN7,45.559423420141
Q06106_MRD1,47.0618657473446
Q06138_Cab39,53.7573149715846
Q06142_KAP95,48.7531918337048
Q06151_DCS1,52.7717358525963
Q06177_TMA10,54.836064125976
Q06178_NMA1,50.8382699594828
Q06185_Atp5i,56.1930356696205
Q06205_FPR4,49.2712573058595
Q06211_MMS1,55.1543059439231
Q06217_SMD2,50.2987092085186
Q06251_YLR177W,50.6439492930414
Q06252_YLR179C,50.7885451666918
Q06287_EMG1,44.4855965916801
Q06315_SKG3,49.411623720208
Q06327_LOX1,49.38800387886
Q06335_Aplp2,59.7448842611572
Q06336_GGA1,48.6691407338523
Q06338_BCP1,46.8481884497359
Q06344_ESF1,49.1461764565474
Q06385_VPS74,50.0652944134327
Q06405_ATP17,42.2350658255049
Q06406_LSM6,57.5234268116916
Q06407_RGA2,48.5909834807945
Q06412_TUS1,48.5159709937115
Q06440_CRN1,48.4461135761234
Q06451_TPO3,61.7922497671559
Q06488_RSC2,41.1857608014237
Q06489_MRI1,48.5593654654668
Q06494_YPR127W,49.5544493734276
Q06505_SPN1,49.8996341722483
Q06506_RRP9,47.4431120476102
Q06511_RRP15,51.771506925616
Q06523_YPR148C,51.1327606028504
Q06549_CDD1,46.4969052099962
Q06559_RpS3,41.3560626915923
Q06580_MLC2,55.2161334846488
Q06588_ACO4,44.9718397447431
Q06604_BSP1,53.0335192090134
Q06608_YPR172W,51.8515638628351
Q06624_AOS1,50.8378814466436
Q06625_GDB1,49.3034547196429
Q06631_BFR2,52.926679606701
Q06649_Sh3bp2,47.843220386813
Q06677_SWA2,44.2973148682799
Q06678_MRPL35,43.8624474626843
Q06682_UBX5,46.7890234980306
Q06685_VIP1,46.7858398188329
Q06697_CDC73,42.507195637894
Q06704_IMH1,53.5994775085331
Q06706_IKI3,44.7793630893087
Q06709_REH1,42.6912234473747
Q06750_cysE,43.4357869913706
Q06752_cysS,57.7365273275382
Q06755_ispD,45.8536284881227
Q06756_ispF,45.7326878706422
Q06770_Serpina6,61.0631423380462
Q06795_nusG,49.2731196642411
Q06796_rplK,37.0874222113271
Q06797_rplA,46.6107106307763
Q067X9_lips-5,39.297244693963
Q06815_MRL1,54.5276344353914
Q06817_GRS2,46.7547218699913
Q06839_YPR097W,53.4823954283028
Q06849_Arl2,36.3980728832421
Q06892_POS5,52.4604275456136
Q06943_HmgZ,51.4952250525068
Q07076_Anxa7,47.5659439455371
Q07084_SSK1,53.8960572853421
Q07085_F13H6.3,41.8729033129764
Q07113_Igf2r,54.5926773763887
Q07116_Suox,45.3179983007407
Q07152_ras,44.0730622790289
Q07171_Gel,44.967421773228
Q07231_Zscan21,50.6920101449832
Q07235_Serpine2,51.3114992566365
Q07327_Rop,40.9819442434404
Q07356_PDS,42.8751140005585
Q07362_PBP4,49.4477331028666
Q07381_TSR1,46.7509999456624
Q07407_htl,48.3891745194185
Q07417_Acads,48.5347674773146
Q07418_PEX19,49.4987170533193
Q07436_ex,41.6267529125048
Q07473_LHCB4.1,36.3996430479967
Q07478_SUB2,46.8853537336669
Q07505_YDL086W,51.7584128205536
Q07527_TRM3,46.5602083137516
Q07528_ATG20,49.9466198818646
Q07532_IWR1,49.1705667475062
Q07540_YFH1,51.9698070649714
Q07551_YDL124W,42.5003348595658
Q07589_YDL144C,48.8363212692651
Q07623_NOP6,49.3384420160054
Q07651_FMP45,52.3871610946477
Q07653_HBT1,53.9238016156356
Q07688_YPD1,51.2867600166349
Q07729_GUD1,59.4459955634509
Q07813_Bax,53.205103989742
Q07824_TPO1,61.8836228834572
Q07825_FRA1,48.8228618390793
Q07833_wapA,41.319810785526
Q07834_YLL032C,42.8334308600278
Q07836_wapI,45.0092919032739
Q07844_RIX7,44.1101347322517
Q07868_pbpB,39.9146497440225
Q07872_ENT4,52.2459754034513
Q07876_rsmH,42.0222675724111
Q07886_Dbp45A,36.495668458779
Q07914_PAM18,51.5927696608359
Q07915_RLP24,43.546323663678
Q07923_LOT6,48.4176090073228
Q07938_MEU1,44.3553593379753
Q07953_SDO1,45.683528979502
Q07968_F13b,57.3626015615976
Q07970_KIN14C,36.3392963980675
Q08024_Cbfb,48.0606631398417
Q08093_Cnn2,53.0412209853392
Q08112_RPS15A,34.4052792861474
Q08162_DIS3,48.788842885979
Q08193_GAS5,51.2474842213863
Q08199_SIL1,53.0395503439619
Q08208_NOP12,43.9578247706907
Q08220_GSH2,51.8808214935897
Q08224_THI20,46.7662184156133
Q08225_YOL057W,52.5713277465718
Q08230_SDH5,46.5287756726116
Q08235_BRX1,43.3262636908531
Q08269_ALR1,49.6877322477601
Q08285_RRP40,48.6141183657392
Q08288_Lyar,54.1275821314376
Q08369_Gata4,39.1542575976738
Q08412_CUE5,56.6041264442561
Q08421_ETT1,53.2244929133402
Q08422_TMC1,54.3840292199446
Q08429_kapB,43.5645953957226
Q08432_patB,47.3063277808813
Q08438_VHS3,48.5873589341723
Q08444_NOB1,62.7894167108317
Q08446_SGT1,48.127512526659
Q08466_CKA2,39.4978016081823
Q08473_sqd,43.7990273968843
Q08492_BUD21,59.9805185727001
Q08501_Prlr,51.2109102966843
Q08509_Eps8,49.87561740531195
Q08581_SLK19,52.9021592962919
Q08601_MCA1,44.4234279283003
Q08605_Trl,39.1852307789656
Q08641_ABP140,50.075146040076
Q08645_MET7,51.4664121529301
Q08647_PUS7,50.6380120869866
Q08682_RPSaA,40.9726164526723
Q08686_TUM1,46.1971236317943
Q08687_TMA16,46.4835898907825
Q08723_RPN8,46.8494537954552
Q08732_HRK1,41.2181660063687
Q08742_RDL2,57.9476128194122
Q08745_RPS10A,42.0402133467012
Q08746_RRS1,48.7988249821542
Q08747_UAF30,51.1813679375006
Q08761_Pros1,57.3880982180091
Q08787_srfAC,38.3278073089519
Q08788_srfAD,42.5874487430428
Q08816_YOR352W,52.7949652935133
Q08818_MSC6,45.6112261575752
Q08826_SNX3,46.1157182759829
Q08857_Cd36,60.9083620293993
Q08879_Fbln1,58.8617077523631
Q08890_Ids,51.47434655869665
Q08920_CBC2,48.6540140338907
Q08924_RTT10,50.71013768668
Q08925_MRN1,44.0488908685085
Q08926_UIP4,50.2006503934543
Q08943_Ssrp1,56.408933231497
Q08951_APL5,52.206290203063
Q08954_YPL199C,51.576365081343
Q08961_RKM1,47.0673282444642
Q08962_NIP7,48.7679714908285
Q08963_LEA1,49.3810676065608
Q08965_BMS1,44.3063246943591
Q08967_FLC1,53.5737517600695
Q08968_FMP40,44.0707479922655
Q08969_GRE1,51.1792963186949
Q08971_YPL225W,51.4353815632328
Q08972_NEW1,42.8166688553289
Q08976_YPL261C,62.696414402218
Q08977_YPL260W,50.8552627219118
Q08979_KEL3,46.814843997446
Q08985_SAM4,49.7339224484265
Q08A71_PRMT6,47.759261011151
Q08BH1_prkar2aa,48.6824069508021
Q08EE6_Tsku,52.5611315500086
Q09024_ImpL2,42.5232385372713
Q09152_FPS1,39.7511836899365
Q09200_B4galnt1,57.3774752305573
Q09214_B0495.5,39.8686537956165
Q09219_cpna-5,45.0684775622491
Q09235_C13B9.2,39.6233055909727
Q09236_copd-1,47.9520853025578
Q09238_C18H9.6,44.2793974748944
Q09249_C16C10.3,47.2912143548999
Q09250_C16C10.4,43.3665795727647
Q09253_glod-4,44.0963622001499
Q09261_mrps-31,43.6421608490808
Q09270_C34C12.6,39.6518376044219
Q09271_C34C12.7,49.1619641120797
Q09278_C45G9.5,38.1651708966572
Q09293_mel-47,33.7078660281021
Q09297_ndx-6,39.1510325079063
Q09299_EEED8.10,37.5873926618558
Q09305_F10B5.2,44.9914684682501
Q09307_F19C6.2,40.2800082964999
Q09309_rbbp-5,47.2272604818868
Q09313_dct-6,37.536294049743
Q09314_nop-1,43.420430185266
Q09316_F25B5.5,34.5870380205714
Q09318_F36G3.2,39.2347527586977
Q09321_F42A8.1,39.9355514168445
Q09324_Gcnt1,54.952315650070204
Q09332_Ugt,44.1944602578822
Q09341_W02B3.4,39.3621927170538
Q09345_pcf-11,47.4162749746505
Q09346_R144.5,41.272376791658
Q09347_T05H10.3,43.8161730385985
Q09359_ZK1307.1,37.2713006627367
Q09362_ZK1307.4,46.2771901447394
Q09365_ZK1320.3,45.2477966452578
Q09372_ZK177.4,40.7192532856254
Q09374_ZK177.8,38.4052120936537
Q09387_CELE_R07G3.8,40.7383217076406
Q09389_F47D12.3,42.1639608388888
Q09393_CELE_F42G10.1,40.2577617876079
Q09406_atg-16.2,43.7085839461517
Q09407_K07E1.1,42.5294468987367
Q09415_set-14,35.9496964392072
Q09440_hda-2,35.6413403908419
Q09441_C08B11.3,44.0402016341181
Q09444_ubh-4,48.6567912102729
Q09450_C05C10.3,38.3733600851999
Q09451_pho-11,38.4709242292566
Q09454_dph-2,44.8787734071534
Q09464_C16C10.8,45.5729319307927
Q09474_tdo-2,50.8561044737696
Q09475_C28H8.3,34.9602142553028
Q09486_C30G12.2,36.112746350833
Q09490_lgg-1,45.5560422540949
Q09496_pph-6,54.3787796354225
Q09497_rsu-1,46.7213573077264
Q09504_C45G9.2,41.8591978244392
Q09506_C45G9.7,48.3918114969886
Q09508_sdha-1,39.272683232384
Q09509_F25B5.6,35.3268102278498
Q09512_ttll-12,34.8923262496628
Q09524_tag-124,36.904673869029
Q09526_E02H1.5,40.949522207089
Q09530_mog-5,40.1082538589511
Q09535_pch-2,40.2338335483188
Q09541_tpp-2,41.9562642933052
Q09545_sdhb-1,38.8627019292252
Q09551_F27E5.1,46.1670054303988
Q09567_CELE_F48E8.3,52.2278618338872
Q09568_F48E8.6,39.0718881035925
Q09580_gmps-1,40.8893691145648
Q09582_metr-1,34.7782545887279
Q09583_pas-7,48.5948473345672
Q09584_rnp-7,33.4982916869977
Q09589_K10D2.1,47.0449707653195
Q09590_emb-8,38.4019190361022
Q09591_mix-1,38.0826219957365
Q09596_gst-5,36.8982122676733
Q09603_ech-4,48.9328166770948
Q09607_gst-36,38.3144805909743
Q09611_lips-17,38.7459524380782
Q09639_grk-2,41.3105322323909
Q09641_CELE_ZC506.1,33.7055967907315
Q09644_ZK1128.1,37.5796040394534
Q09646_ham-3,38.6745021693161
Q09647_ttll-4,38.8518630027262
Q09657_CELE_ZK1320.9,43.8858856045755
Q09969_dct-1,47.3383528049263
Q09973_C17G10.1,33.8367035098679
Q09974_C17G10.2,40.9078576110654
Q09979_dhs-6,43.5595113627565
Q09996_lrs-1,33.9995764152946
Q09EE7_nsf-1,35.8270725682262
Q0E8C8_Spn77Ba,43.72430983054
Q0E908_Hil,45.3465452894052
Q0G826_snx-17,43.4359715822739
Q0G839_CELE_M106.3,39.0587943671689
Q0H6L1_sta,43.7413539335862
Q0KHQ5_Tao,37.9801101322757
Q0KHU5_LPCAT,39.2488571663503
Q0KI28_Muted,41.1832171558081
Q0KIC3_CG43427,46.7994050031749
Q0KL02_Trio,46.65688955960885
Q0P5W2_Tmx4,49.338698351303904
Q0P635_Csf1r,50.15129254649135
Q0P648_Tbc1d20,49.6148939246892
Q0PD15_Rab39,45.86382874877455
Q0PD21_Rab33b,44.2066876153725
Q0PD23_Rab32,43.92465567253005
Q0PD31_Rab24,48.09778932223265
Q0PD34_Rab22a,51.40357151297685
Q0PD35_Rab21,46.0895132081791
Q0PD38_Rab18,44.87015008972725
Q0PD48_Rab9,46.768891693074906
Q0PD49_Rab8b,45.31357726565565
Q0PD50_Rab8a,45.3594510714565
Q0PD63_Rab3a,46.9781758279802
Q0PD64_Rab2b,42.76524946555555
Q0PD65_Rab2a,46.192097084546646
Q0PD66_Rab1b,43.064738541337704
Q0PD67_Rab1a,43.77204846132945
Q0VAV2_Exph5,41.2601059164614
Q0VB06_Necap1,51.7608708662054
Q0VB85_Grpel2,44.659989603042206
Q0VBA6_Hcar2,55.8807855365648
Q0VBA8_Plau,50.508042389068905
Q0VBB0_Prelid2,54.9568616929231
Q0VBK8_Cdk6,46.14113890020595
Q0VBL3_Rbm15,47.3550902550801
Q0VDL6_Cdk18,45.1825891077758
Q0VDW9_Abcg1,51.7138867687578
Q0VE46_Myadm,63.0458393696922
Q0VEW4_Plp2,57.2284004730318
Q0VF62_Bcas3,50.27857912971575
Q0VF92_Sdhaf3,49.43141117686275
Q0VGB7_Ppp4r2,59.417019854563
Q0VGU0_Sar1b,42.8403966323448
Q0WL80_UGGT,49.4518513156589
Q0WLC6_MRL1,38.2385035729014
Q0WLC7_CBSCBSPB4,42.3320725936439
Q0WM29_ALDH6B2,51.9178633168161
Q0WML0_ABCB27,35.9106451370346
Q0WNJ6_CHC1,38.0222202991377
Q0WNZ5_MS3,43.6388426022911
Q0WP12_HOL1,47.6027530767532
Q0WP44_HST1,38.4695466003786
Q0WPF2_PCFS4,40.7815062457946
Q0WPI9_At3g53100,62.9344650128458
Q0WPN8_CRRSP60,44.8196504814188
Q0WPW4_At1g77330,44.407536624369
Q0WQF4_VPS53,40.0894544404575
Q0WRJ2_TSC10A,45.7332252583205
Q0WRJ7_FKBP20-2,43.6939608839607
Q0WRW8_At3g07570,40.8485856649297
Q0WT48_ERDJ2A,39.366630501728
Q0WTP1_AUG7,49.2641670511596
Q0WV25_TUBA4,40.103844059266
Q0WVD6_PRMT3,45.7792593595832
Q0WVX5_SS4,41.3391127323623
Q0WW26_At4g34450,43.4445009163724
Q0WWT7_STR11,36.3700931568847
Q10003_gpcp-2,37.8893023623019
Q10011_T19C3.5,49.9907021155734
Q10039_gars-1,50.786725743329
Q10051_prp-19,44.8239839616108
Q10129_mrps-16,40.5043314157114
Q10454_F46H5.3,39.7333822011492
Q10457_B0286.3,39.8516602721532
Q10462_cah-5,46.9597349012183
Q10576_dpy-18,33.4679590866136
Q10578_rpb-2,39.5763114456575
Q10651_apl-1,48.7620686074005
Q10657_tpi-1,46.3173515051208
Q10660_dom-3,50.3832713240993
Q10663_icl-1,39.1570300621991
Q10664_mek-2,38.3001706532815
Q10669_sur-2,40.6217017952867
Q10714_Ance,45.0556052636481
Q10740_LAP2,51.7813540607285
Q10905_crn-4,46.5082836865951
Q10916_asm-1,44.0226483250005
Q10920_psmd-9,41.2454760941658
Q10925_sid-3,39.927192480703
Q10931_lgg-3,44.1678069396689
Q10943_arf-1.2,46.8560948641079
Q10944_pho-5,41.435543555133
Q10950_B0361.6,38.9344364803937
Q11002_CalpA,42.3648783010371
Q11011_Npepps,48.4990475554244
Q11067_tag-320,42.2752142192382
Q11077_B0403.3,38.2342046955842
Q11107_lin-13,54.3084687674116
Q11136_Pepd,59.6628883769521
Q11176_unc-78,52.1613027906688
Q11182_vps-16,35.6498885270154
Q11183_txdc-9,44.5294884588189
Q11185_C05D11.5,43.6702004725938
Q11189_mrps-17,40.1755786837208
Q11190_let-721,39.8914075830399
Q12000_TMA46,44.7189911552571
Q12008_GPM2,46.2302617073631
Q12009_TRM8,47.1442487367187
Q12012_YOR289W,48.9693038001441
Q12017_PLP2,51.219160249199
Q12018_CDC53,43.5092357473252
Q12030_TAF10,52.5905248610403
Q12032_AIM41,55.4376186966529
Q12033_RIM20,51.5007487503332
Q12040_YOR283W,49.2108656157188
Q12055_FAP7,53.7651995503651
Q12059_ULA1,45.1582866260938
Q12063_NUS1,54.9717265744873
Q12068_GRE2,45.5595940448602
Q12074_SPE3,52.4357330065375
Q12084_DAS2,45.0648341357641
Q12091_DAP1,48.5345598647084
Q12109_WRS1,46.1113511020593
Q12114_CHS5,42.9484126919984
Q12118_SGT2,55.5703642844416
Q12122_LYS21,51.9542089538268
Q12123_DCS2,51.6740118724108
Q12125_GET4,52.4408849011857
Q12136_SAS10,48.5405876534063
Q12143_NSL1,56.4063782101965
Q12151_UPC2,48.7045145890089
Q12153_SSF2,44.8205275986004
Q12154_GET3,47.0526906446759
Q12156_AIM7,54.1511942634169
Q12159_YRA1,43.3240712405516
Q12161_PSH1,48.2844660533886
Q12163_NBP2,52.0835065766845
Q12166_LEU9,46.2770519556976
Q12172_YRR1,49.6647429179488
Q12178_FCY1,52.981589809217
Q12184_YAH1,51.3638255986351
Q12186_MSL5,50.111369617903
Q12189_RKI1,53.2160395141281
Q12198_YLL058W,45.6356921278047
Q12206_WTM2,45.2061949718665
Q12211_PUS1,50.9964230202429
Q12213_RPL7B,41.6442352378713
Q12220_DIP2,42.3951013822266
Q12230_LSP1,48.4723515710621
Q12234_RUD3,47.2333209191998
Q12241_VAM3,53.48259991696
Q12242_RUP1,49.8757865786703
Q12245_POC4,50.9812425077207
Q12248_DAD1,53.8509514720005
Q12250_RPN5,44.899053273588
Q12265_PRS5,47.3516226509666
Q12271_INP53,57.5440342834424
Q12276_HER1,49.6556940133995
Q12277_RRP42,48.7343136378221
Q12283_MCT1,47.452491771019
Q12284_ERV2,42.6131218351134
Q12285_MDY2,53.1107579585123
Q12287_COX17,49.6257531480276
Q12288_YLR126C,45.376235659441
Q12305_RDL1,54.252310267673
Q12306_SMT3,54.9238541385744
Q12314_SFM1,53.3432045970344
Q12320_GLO4,54.5706167375199
Q12329_HSP42,49.2989001885229
Q12330_SME1,53.0679161395198
Q12335_PST2,49.8676850446419
Q12338_RNH203,54.7311318413561
Q12341_HAT1,49.2153703685257
Q12344_GYP5,52.1217082181166
Q12354_YLR118C,48.9736434938213
Q12358_JLP1,51.7131969862245
Q12359_ATO3,45.9138385796292
Q12362_RIB2,46.2123499986429
Q12363_WTM1,53.2861512268686
Q12377_RPN6,44.5378787756292
Q12386_ARP8,51.3011268523419
Q12387_MDM20,43.1156940899242
Q12389_DBP10,43.7060254505301
Q12400_TRM10,48.7083475337876
Q12404_MPD1,42.8444098026499
Q12406_ARP7,48.6628449743323
Q12414_TY1B-PL,41.875447716623
Q12416_WHI5,48.5985215857696
Q12420_SNU66,48.6059390324892
Q12427_STB3,49.9125310015946
Q12428_PDH1,50.8616649294742
Q12433_AHC1,45.9560113452702
Q12434_RDI1,49.0418906871716
Q12443_RTN2,54.3676802813889
Q12447_PAA1,50.1513961118094
Q12449_AHA1,54.0994713089997
Q12451_OSH2,49.8561292262535
Q12455_SPE4,52.5833748426552
Q12458_YPR1,49.2940704122904
Q12460_NOP56,46.942497316893
Q12464_RVB2,48.3299270457653
Q12480_AIM45,49.6156006469937
Q12486_YOR131C,45.8174963443483
Q12487_MRPL23,43.4875413934092
Q12493_NKP1,55.9236840747818
Q12495_RLF2,55.3041019669812
Q12496_YOL098C,45.3210830818325
Q12499_NOP58,48.9408629216211
Q12511_PTC5,46.2340740440508
Q12512_ZPS1,55.1264814423511
Q12513_TMA17,53.3344709841888
Q12514_NOT5,52.0153678323533
Q12518_ENT1,48.8760792037792
Q12522_TIF6,48.3504678205202
Q12523_YPL247C,51.7474397577912
Q12525_MHT1,49.2701805885866
Q12532_RQC2,42.0085321343433
Q12672_RPL21B,41.697917802846
Q12680_GLT1,42.8967153117888
Q12690_RPL13A,46.5330116836157
Q12692_HTZ1,51.887025296179
Q12754_RRP12,52.1352494515483
Q148Q4_Dhrs9,43.1172458326802
Q148S3_Nob1,46.71005466895585
Q148S9_Wbscr22,54.7348719922651
Q148V7_Kiaa1468,46.7411319518197
Q148Z6_Gpr107,54.871491663103356
Q149D1_Thnsl1,53.09024887751775
Q149F1_Rpusd2,52.06331138685795
Q149L6_Dnajb14,48.43106790923485
Q14A90_Dus2,45.7502562358255
Q14A95_Rbm7,48.44179969317725
Q14AI6_Rpusd3,52.8082419110382
Q14AI7_Cops4,54.661022311227754
Q14AM4_Ly96,50.85100487472725
Q14AQ1_Psmc6,47.4983252085521
Q14AX6_Cdk12,51.0416470452528
Q14AZ9_Zadh2,49.4215689188845
Q14B01_Rnf113a2,61.4718542425134
Q14B21_Mrpl9,45.64125067411935
Q14B71_Cdca2,52.070725458411246
Q14BF8_Trappc1,50.888543715691654
Q14BR4_Arf4,45.3998671640496
Q14BV6_Ydjc,50.8511117327651
Q14BZ3_Lxn,50.4951850018695
Q14C24_U2af1,45.08277956083465
Q14C26_Emc7,51.71668996747245
Q14C51_Ptcd3,45.606964932311755
Q14CH1_Mocos,57.3657773953564
Q14CH7_Aars2,43.7130104697376
Q14DH7_Acss3,49.1282568690732
Q17325_,47.37197799064
Q17330_smp-1,42.700062693973
Q17334_sodh-1,43.2435062920338
Q17335_H24K24.3,41.6303263288538
Q17345_ccf-1,41.072696047585
Q17352_,41.8911471004814
Q17361_usp-14,36.6333020655781
Q17382_hum-1,36.941245271571
Q17384_hum-3,31.4733470862992
Q17389_cul-1,40.2322426039703
Q17390_cul-2,38.6020986033338
Q17392_cul-4,39.8853611845238
Q17405_AC3.5,39.1911616488332
Q17409_tba-1,54.6929477583874
Q17410_lin-24,40.3294334319923
Q17413_B0001.4,43.0251842109073
Q17425_B0024.10,36.9599366866881
Q17426_B0024.11,48.500034532063
Q17427_gna-1,40.1515971939175
Q17430_sart-3,37.9442754567417
Q17432_B0035.3,38.7663580558069
Q17438_dnj-1,41.5958142240909
Q17446_pmk-1,35.6435333844328
Q17452_clec-52,47.0469346241954
Q17474_B0334.3,45.8158680587684
Q17475_B0334.3,43.0050487645909
Q17490_unc-44,45.3556575335079
Q17492_B0393.3,36.2383227649868
Q17499_B0395.3,34.9602594207879
Q17510_rmd-3,37.6829940244321
Q17514_B0491.7,39.3968968537531
Q17525_tes-1,42.8635312117486
Q17527_B0564.2,41.722304472172
Q17533_exos-4.1,46.5060869658317
Q17539_C01B10.8,35.8990883983556
Q17542_C01B10.10,44.9661654387768
Q17543_C01B10.3,43.0332362515507
Q17549_magu-2,35.7855432103087
Q17550_C01B7.5,46.5181514337657
Q17554_C01F1.5,40.0312934107471
Q17556_C01F1.3,34.6975102838459
Q17558_C01F1.1,36.4015911180576
Q17559_cpna-3,38.9009326023285
Q17568_C01G5.5,33.8820937845869
Q17569_ddi-1,37.3147948274318
Q17572_C01G6.3,43.8480588266271
Q17574_tag-165,39.0404480820837
Q17575_C01G6.9,46.3425320030342
Q17585_C01H6.4,33.1762162714669
Q17593_C02G6.2,38.7194091148666
Q17624_arrd-25,43.2085331227154
Q17632_dis-3,36.0446046051443
Q17633_C04G2.9,43.3146598863513
Q17636_C04G6.4,37.1236423828253
Q17657_C05D12.2,45.5309214212008
Q17662_C05E11.6,39.5479941123664
Q17663_amt-4,41.8734253287478
Q17680_CELE_F33C8.4,38.36308553353
Q17687_mvb-12,38.8313920267715
Q17688_C06A6.5,39.6063076541515
Q17692_C06A8.6,40.7166902206626
Q17693_mthf-1,34.2352727495274
Q17740_ain-1,38.8605476296822
Q17749_C06G3.8,40.4938612626533
Q17750_ufl-1,38.6237840300111
Q17761_T25B9.9,47.0464965955965
Q17764_C06H2.2,39.410643083209
Q17765_jmjd-5,37.8862690423586
Q17778_nuc-1,38.3402667301269
Q17780_C07D10.5,47.0057120347747
Q17796_hgrs-1,45.1484981923247
Q17819_C08B6.8,44.7230920366803
Q17820_aos-1,38.8733829477501
Q17828_C08F8.2,46.0594313027511
Q17829_C08F8.3,34.8988008914821
Q17848_ipp-5,44.5334711277859
Q17850_pak-1,40.2181716200631
Q17872_npp-23,36.6497270174964
Q17880_nuo-1,35.4300541774746
Q17883_apc-17,35.6420419643393
Q17896_C10C5.2,35.8985995055889
Q17941_akt-1,36.9690481558149
Q17949_dohh-1,41.8966151609788
Q17956_C14A4.9,51.8924537269346
Q17957_taf-13,43.5072047579151
Q17962_C14B1.3,37.27206038556
Q17963_wdr-5.1,45.5665022885003
Q17964_C14B1.8,41.9891916546163
Q17968_nrde-1,41.6813450829002
Q17974_mma-1,37.2272379552764
Q17993_C14F11.6,50.6092137970569
Q18034_nfx-1,37.5892574725737
Q18037_C16A3.4,38.9227415969176
Q18038_let-716,41.3145976964527
Q18040_C16A3.10,37.7768334701108
Q18048_C16E9.1,45.005468058124
Q18066_dim-1,46.6846254952578
Q18075_C18B2.4,43.5651229960194
Q18076_C18B2.5,35.2923597800604
Q18086_glb-6,45.9176123831308
Q18099_C18F10.7,39.2802335776629
Q18107_C23F12.4,36.1842004364301
Q18115_rpn-2,36.970253746112
Q18122_C24A3.4,41.208393004754
Q18140_C25A11.2,46.2047831375425
Q18142_C25A8.5,38.7989920621636
Q18143_cht-3,41.601703790941
Q18161_C25E10.12,51.4567380842203
Q18164_dpyd-1,38.7356824255517
Q18167_smz-1,42.1023602707176
Q18186_C25H3.4,41.7031689436354
Q18194_dnc-4,43.2707172916955
Q18195_elpc-4,52.1292011395919
Q18197_C26B2.8,34.7569193735858
Q18198_C26B9.5,39.3119718700129
Q18206_nas-36,52.247050859234
Q18211_ran-3,36.7618285328687
Q18212_hel-1,42.1736732037467
Q18214_C26D10.4,41.7915944677762
Q18217_ula-1,37.3371739651542
Q18218_mmab-1,52.7186491540521
Q18224_ntl-9,40.7679090805047
Q18227_hint-3,43.9849746520393
Q18237_smc-5,37.037571480241
Q18241_rad-26,50.2395052085724
Q18242_C27B7.2,42.309052801114
Q18246_rap-1,44.169890418478
Q18257_C27F2.4,37.4764534543655
Q18258_vps-22,38.6307646062588
Q18268_pdl-1,40.6963016897433
Q18279_spp-8,41.17058460667
Q18310_C29F5.1,39.6579081748374
Q18316_rars-2,46.9379853259479
Q18339_C31H1.5,50.0657070935104
Q18347_C31H2.4,46.2704291381074
Q18359_C33A12.1,47.7967462257678
Q18403_swd-2.2,38.4672694048792
Q18404_swd-2.1,38.6293594750465
Q18406_sec-10,37.7494680219829
Q18407_tag-322,39.9079402878589
Q18424_C34C6.3,47.8214120024978
Q18429_C34C6.4,35.7060137947482
Q18445_cyn-12,39.9279474296462
Q18465_C34F11.2,50.6907687244395
Q18476_C35A5.8,34.6598290943851
Q18483_C35D10.6,41.8297480288118
Q18486_coq-8,41.3559870785813
Q18492_clec-5,41.5064236358809
Q18493_C36A4.4,38.1395846436169
Q18503_C36H8.1,42.4229809155453
Q18511_C38D4.9,36.004799403551
Q18524_C39D10.3,41.7759497534132
Q18547_rfc-3,39.7211609158121
Q18553_C39H7.1,38.8434347264217
Q18566_rpc-1,43.1277520275092
Q18567_skr-16,44.8609571024173
Q18573_C42D4.2,44.7493038582735
Q18580_pnk-4,38.1919331199054
Q18581_acn-1,41.505496016307
Q18587_C43H6.3,43.2275335048019
Q18596_C44B7.7,38.7531282015879
Q18607_chil-10,52.3911120066684
Q18615_C44C10.7,32.5630052345887
Q18634_C44H9.5,40.9221439795498
Q18639_dhs-18,36.6965425600129
Q18645_C45E5.1,45.5778002843948
Q18660_acs-17,49.5868230721777
Q18673_nep-1,48.6180327980914
Q18674_C47E12.7,53.2735953875486
Q18677_dhp-2,42.9927088744701
Q18678_srs-2,42.5609139940778
Q18680_pyp-1,51.2589410339766
Q18685_unc-112,44.0072881879453
Q18688_daf-21,40.0121773018716
Q18705_C49C8.5,49.0048105966519
Q18709_C49F8.3,50.3748386633366
Q18724_C50B8.1,41.0766049056246
Q18738_C50F4.10,37.6998257818721
Q18739_C50F4.1,34.7169533484254
Q18758_klo-1,44.2705186425448
Q18773_C52B11.5,37.3000810485971
Q18784_C52E4.7,35.2799298619297
Q18787_rpt-1,37.3117875677268
Q18788_C52E4.5,40.7720671127219
Q18793_C52G5.2,43.7715156563558
Q18801_bre-1,38.4873290880543
Q18813_C53D6.7,40.6416057001118
Q18817_ben-1,49.2101277930635
Q18821_clec-86,47.2174243824233
Q18822_alh-10,41.9842494826235
Q18823_lam-2,42.0381672047429
Q18846_rskn-2,36.8389262095141
Q18877_C56A3.5,42.2047748477833
Q18888_C56C10.10,35.9414855667557
Q18905_cgp-1,41.7582165387863
Q18910_CELE_D1005.2,39.3269124545836
Q18921_snap-1,40.779914695198
Q18924_sul-2,46.941672801966
Q18925_CELE_D1022.3,43.9330935693176
Q18930_aka-1,42.6556141039652
Q18940_CELE_D1053.3,53.0765361885807
Q18946_CELE_D1054.8,41.8343923795515
Q18953_secs-1,52.1122175325217
Q18956_CELE_D1081.3,40.7811655990506
Q18964_wdfy-2,42.7135177102783
Q18965_eat-3,40.4076766556659
Q18966_CELE_D2013.6,43.2876870309174
Q18967_eif-3.F,39.7464792899249
Q18969_rab-39,36.2569882967458
Q18973_gstk-2,37.3696086384325
Q18974_afmd-1,36.1245707142113
Q18983_CELE_D2045.2,36.7451469245122
Q18986_CELE_D2045.8,46.079613696076
Q18989_CELE_D2045.9,40.6363131482036
Q18990_pyr-1,39.4065971424491
Q18994_CELE_D2085.3,33.7006185667881
Q18PI6_Cd84,56.9421350176348
Q19000_gbh-1,31.0427335382407
Q19004_aagr-1,49.5058919465677
Q19007_nap-1,43.2515773328222
Q19013_glna-2,40.3149792487564
Q19020_dhc-1,36.1622854974337
Q19030_CELE_E02C12.6,43.045678756109
Q19052_E04D5.1,42.2556188662742
Q19057_acdh-12,37.0352707605351
Q19058_maoc-1,38.7710320813675
Q19069_CELE_EEED8.14,49.3236558417522
Q19076_pho-1,44.2941205825428
Q19086_dpf-4,39.8938595031457
Q19089_eng-1,38.4984512236197
Q19103_skih-2,38.2242813123513
Q19107_CELE_F02C12.1,41.5653700918766
Q19123_aps-2,39.5899380009385
Q19124_atg-16.1,37.5531074703717
Q19131_npp-5,38.1737142310566
Q19132_CELE_F07A11.4,34.6429677965994
Q19174_CELE_F07H5.10,42.7684377838605
Q19185_sgn-1,43.0173729506528
Q19202_apy-1,33.7932619201743
Q19207_hmgr-1,37.8475569761734
Q19211_CELE_F08G12.2,45.7677372387311
Q19229_clec-57,45.4471485215802
Q19230_clec-56,48.8176737255107
Q19246_dhs-25,41.3100593342486
Q19257_CELE_F09E5.7,51.1904720061137
Q19262_sec-6,38.484410852397
Q19264_F09E5.3,45.3512434792952
Q19266_pkc-3,38.3381629342523
Q19288_CELE_F10C1.3,47.3519389012435
Q19294_mat-3,41.098417579112
Q19305_spon-1,39.439913791669
Q19306_CELE_F10E7.11,39.548196474496
Q19311_F10F2.2,38.9806182585519
Q19317_sel-2,37.8917017146321
Q19324_rpn-5,38.8926132426165
Q19328_tsn-1,35.2474177091512
Q19329_tag-151,41.6051207837027
Q19338_mon-2,40.0190709005076
Q19339_acs-14,37.5010383525543
Q19341_haao-1,42.8968506734141
Q19346_CELE_F11C1.5,33.9936197934334
Q19360_rfl-1,37.5829332565109
Q19366_F12F6.7,44.0327656830907
Q19371_sec-24.1,37.6168209517485
Q19375_iws-1,46.5451932797035
Q19388_CELE_F13D11.3,41.1983763866732
Q19416_dylt-1,37.7663966884711
Q19420_ttx-7,54.231000416731
Q19421_CELE_F13G3.6,36.5695854112032
Q19431_CELE_F13H8.3,46.9803600757294
Q19433_CELE_F13H8.2,38.4953510617429
Q19434_CELE_F13H8.9,50.5164771770604
Q19436_CELE_F13H8.6,40.0618324512932
Q19437_upb-1,47.8435331855958
Q19440_hxk-1,41.0845159570183
Q19461_acp-2,52.8517263564706
Q19467_git-1,38.3664252728844
Q19490_tba-5,39.779812027268
Q19491_rsd-6,42.7654574139368
Q19493_tbcd-1,38.1326750380852
Q19519_vps-36,39.7937599768092
Q19520_CELE_F17C11.10,43.1798581977861
Q19536_CELE_F18A1.7,52.5705588566055
Q19537_rpa-1,42.700136400315
Q19554_abcf-1,34.1671980326303
Q19555_scc-3,34.9696673814104
Q19564_ddo-2,42.4798384092888
Q19568_CELE_F18E9.3,43.8993358351131
Q19577_CELE_F18H3.1,40.8845957246381
Q19579_pab-2,35.1744453939007
Q19583_CELE_F19B6.1,37.2477342079354
Q19626_vha-12,44.8190830576984
Q19642_czw-1,39.5044397937412
Q19647_CELE_F20D6.5,37.3162395527645
Q19655_CELE_F20D6.11,46.9226413055145
Q19660_CELE_F21C10.10,46.1796639081109
Q19661_CELE_F21C10.9,35.2424751963347
Q19680_CELE_F21D5.1,35.6951867727527
Q19683_F21D5.5,34.1165876391439
Q19684_CELE_F21D5.6,36.2985901286238
Q19685_mrps-33,40.0903810423555
Q19687_CELE_F21D5.3,43.3726174495268
Q19699_gfat-2,34.9281101728645
Q19705_evl-20,36.7270873517144
Q19706_eif-3.G,43.3228788424096
Q19709_CELE_F22B5.5,41.7895281342765
Q19713_frs-2,38.6944785163441
Q19722_nrs-1,34.4371856351153
Q19727_prpf-4,35.6917833144807
Q19731_ekl-1,34.3516809896002
Q19752_fntb-1,40.2794979072585
Q19759_CELE_F23D12.3,40.5788686999478
Q19774_CELE_F25D1.5,42.0156921107319
Q19775_ppm-1,41.2594094553406
Q19781_CELE_F25E2.3,54.9387387239086
Q19788_CELE_F25H8.2,52.5567485355076
Q19824_cee-1,41.6906858276326
Q19825_rrt-1,31.2344895392152
Q19826_rpb-8,44.9790857802203
Q19830_CELE_F26G1.5,49.5762781661993
Q19832_msp-3,47.5200864758937
Q19842_pcca-1,48.7915224991615
Q19848_vrk-1,39.8969438841618
Q19864_cpf-1,35.581840288093
Q19891_CELE_F28H7.3,45.090754797581
Q19905_sqv-4,38.0316373598898
Q19906_tut-2,38.8110286233761
Q19965_CELE_F32D8.4,42.0979831296649
Q19969_ima-3,41.8705365744136
Q19974_nol-10,38.5770209651632
Q19986_CELE_F33G12.2,47.4185649952114
Q1ECE0_PVA41,48.0257476211998
Q1ENI8_pxn-1,45.0861413822796
Q1EPL7_CELE_F12E12.11,40.5570066058837
Q1ERP8_Cd300lg,56.6683239555322
Q1G3M2_At3g19508,38.1728302141625
Q1H537_DVR,43.2901441716353
Q1H583_GLL22,44.9810624399505
Q1H595_LSM2,47.5312287929868
Q1HB04_CELE_T07F10.1,51.7792872391668
Q1HDT2_CHX24,45.5298118242204
Q1HFZ0_Nsun2,48.0556392427776
Q1HL32_Smc3,52.85274743197385
Q1JPL4_NDB1,51.1133574584951
Q1KPV0_FZL,41.3165883515578
Q1MT40_rbbp9,48.3777259796615
Q1W0R7_CELE_F10G7.10,37.8080436905862
Q1WBU8_oga-1,37.9659368167448
Q1WIQ6_ALDH11A3,52.5772624947614
Q1XFZ3_dhs-17,35.8511116696346
Q1XG81_Higd1a,55.4919255614949
Q1XH17_Trim72,46.6458882697834
Q1XID4_Atp6ap2,51.130436179518455
Q1ZXR8_CELE_W09G3.1,41.0587421197675
Q20008_piit-1,46.97422165399
Q20024_syx-3,54.3772912431006
Q20034_CELE_F35D11.4,35.4903929168142
Q20048_mlcd-1,36.9578269115596
Q20049_idhg-1,35.434723892923
Q20057_CELE_F35G12.11,38.3599474677829
Q20058_CELE_F35G12.12,39.9185316981395
Q20063_CELE_F35G2.1,47.1164202084942
Q20065_phy-2,35.2007376798992
Q20068_tbce-1,38.7868451013859
Q20070_CELE_F35H10.6,36.6697993096163
Q20075_CELE_F35H10.2,41.7292165878791
Q20084_exc-7,45.191614086648
Q20100_trpp-4,40.659042678762
Q20117_gcs-1,39.0525935464336
Q20121_acs-4,39.2536602966343
Q20128_exos-9,46.978275014439
Q20140_F38B2.4,41.5823016532601
Q20143_CELE_F38B6.4,37.1226000403703
Q20166_cpin-1,40.2188862612484
Q20168_copb-2,44.9280926644605
Q20173_CELE_F38E9.5,46.9079697296469
Q20180_CELE_F38H4.5,44.762413295403
Q20184_ech-2,38.6700709207738
Q20197_CELE_F39H12.2,41.4240868981789
Q20203_csq-1,49.9454154441211
Q20220_CELE_F40F4.7,32.8091453058119
Q20221_tba-9,42.8832911618716
Q20223_lbp-1,49.7964381730496
Q20224_lbp-2,47.0173001937091
Q20229_lsm-1,43.7623184421159
Q20252_CELE_F40G12.10,36.3162423599339
Q20260_CELE_F41C3.7,41.9137575938257
Q20264_acs-11,36.1237671733923
Q20287_CELE_F41G3.6,43.6744693615546
Q20306_abcf-3,33.1998718562625
Q20329_CELE_F42C5.9,39.3694335748247
Q20340_CELE_F42F12.4,42.605496371166
Q20363_sip-1,40.5416360724548
Q20376_ech-3,46.2522693925429
Q20390_ppt-1,39.1506853034491
Q20436_tbc-13,41.8478974860256
Q20448_ztf-7,45.3065627967748
Q20476_CELE_F46G10.1,40.4008711731201
Q20489_lact-1,39.2615383394873
Q20496_rhi-1,44.2730687161225
Q20507_acbp-3,52.3865583574877
Q20514_CELE_F47B7.2,47.7859197807317
Q20519_CELE_F47B8.3,41.1272982971512
Q20520_pepm-1,44.4903841881771
Q20521_CELE_F47B8.8,44.3411216134241
Q20531_clec-78,48.3572868877983
Q20553_CELE_F48B9.3,40.6611345740861
Q20574_syx-2,40.3974801713541
Q20585_rpn-7,37.0722213364838
Q20590_CELE_F49C12.14,51.3876874420849
Q20595_ctbp-1,40.941942077558
Q20600_tbc-16,41.5995463322695
Q20616_skpo-1,44.6208680769531
Q20621_CELE_F49E2.2,38.4252265523291
Q20624_F49E2.1,46.5317319170876
Q20636_gpb-2,40.4752370003264
Q20643_CELE_F52B5.2,35.8273541215655
Q20644_CELE_F52B5.3,40.5415114468378
Q20675_CELE_F52E4.5,46.8779858401871
Q20678_sec-3,39.4081766467595
Q20679_let-268,39.4700165915607
Q20680_mtcu-2,42.7110672607551
Q20684_lec-2,46.8904445498056
Q20697_CELE_F53B1.4,34.2797713763845
Q20719_F53F4.10,46.0375542452179
Q20736_apm-3,38.7590779179067
Q20751_iff-2,47.4184184146609
Q20752_stc-1,36.4619821531129
Q20758_arl-1,38.5331202042444
Q20762_F54D1.6,40.9037356276399
Q20769_CELE_F54D5.3,53.6185837643691
Q20770_CELE_F54D5.4,43.3869365893157
Q20772_F54D5.7,33.26047181983
Q20774_dnj-13,41.9618380186561
Q20780_alh-1,45.1177260260067
Q20788_taf-7.1,41.2207307903708
Q20819_tsfm-1,39.1756013000805
Q20822_srpa-68,38.0082152300456
Q20848_F55G1.9,50.7692951137314
Q20849_rod-1,39.7015869047667
Q20875_ddx-15,38.3408908960873
Q20883_CELE_F56D5.3,32.4858096129676
Q20893_cdo-1,45.960320993339
Q20911_ZC116.3,54.9387346052382
Q20932_byn-1,44.6506389922836
Q20936_abu-13,48.432669467222
Q20938_rpn-6.1,38.6847423800701
Q20939_F57B9.1,41.5876568347067
Q20942_nas-38,43.2235424718907
Q20950_CELE_F57F5.1,40.4924382027501
Q20959_CELE_F58A6.1,39.1511043220678
Q20964_lys-4,35.5696784889016
Q20965_CELE_F58B3.6,45.4599515557207
Q20967_lys-5,37.6889903465775
Q20968_lys-6,38.2668924430334
Q20970_mrs-1,41.4201517789745
Q20974_CELE_F58B4.5,39.5844321939022
Q20977_sta-2,38.1393109461195
Q20990_CELE_F58F9.3,37.6035923250743
Q20992_acox-6,40.2636753749298
Q21012_F58H1.3,42.9315561671593
Q21017_kin-29,49.9052776670123
Q21018_cri-3,41.2353013618443
Q21032_idh-1,45.5165059470691
Q21037_orc-2,44.3589548941155
Q21053_vps-35,42.3413771143194
Q21065_ifa-3,45.8882050130053
Q21069_CELE_K01A11.2,39.4629501535425
Q21080_CELE_K01C8.1,35.4720458826089
Q21083_mrpl-10,42.0509473174593
Q21106_dcaf-1,39.3443865655995
Q21122_pfkb-1.2,35.1934652590274
Q21131_CELE_K02D3.1,43.1461762623936
Q21146_clec-149,39.6225042174487
Q21166_sur-5,39.6264744021382
Q21174_CELE_K03B4.1,36.3151750288663
Q21193_pfn-3,46.0931915533563
Q21199_CELE_K03H1.11,36.3700763764462
Q21210_CELE_K04C2.2,44.327094410141
Q21215_rack-1,48.9372865282892
Q21217_gta-1,46.6938056983569
Q21222_cdc-48.3,53.8482628453607
Q21225_vacl-14,42.5186928269518
Q21230_K04G2.1,37.8370734412049
Q21233_nuo-4,35.7022811484528
Q21241_lect-2,50.992956207519
Q21243_acdh-8,36.8371616526801
Q21244_msp-63,48.6890491361463
Q21246_CELE_K05F1.9,44.0077749892715
Q21253_gsnl-1,52.5910846624172
Q21266_CELE_K07C11.4,40.2044890265274
Q21267_CELE_K07C11.3,40.9988542476834
Q21270_cogc-6,39.2052309017114
Q21274_CELE_K07C5.2,35.4051637236636
Q21275_CELE_K07C5.3,40.4816435984079
Q21276_K07C5.4,44.7733530182186
Q21284_CELE_K07E3.4,37.734079621665
Q21295_npp-1,40.8627713227957
Q21301_crml-1,45.7944038146881
Q21307_mek-1,35.3784877350367
Q21322_rnp-2,36.2374877748901
Q21327_CELE_K08D8.5,37.5410995125081
Q21338_spt-5,42.0494257179248
Q21342_eak-7,34.8462674131028
Q21355_gst-4,36.4963377742243
Q21365_CELE_K08F8.5,42.04635220086
Q21392_CELE_K09E2.3,40.5832307295227
Q21407_K10B3.6,33.2075533323293
Q21428_CELE_K11E4.1,52.2230920812104
Q21429_CELE_K11E4.2,34.9532843884865
Q21430_pix-1,37.3519166883891
Q21436_npp-3,39.6994157058221
Q21465_zig-12,46.2443101562837
Q21481_dhs-28,43.2763120544958
Q21484_hat-1,38.0577115001072
Q21501_gfl-1,37.7957292727523
Q21503_CELE_M04B2.2,34.5143555000053
Q21504_CELE_M04B2.4,35.3234675702867
Q21521_CELE_M05D6.1,33.7130904140428
Q21526_gbh-2,40.6521269266589
Q21536_CELE_M117.4,46.6399231021719
Q21541_CELE_M142.5,43.5366026617702
Q21549_gss-1,36.7547074486444
Q21554_ddb-1,49.0041134725252
Q21555_CELE_M18.3,33.8847582107965
Q21557_dlc-2,43.7071230399981
Q21559_aly-3,43.8633291228109
Q21568_M28.5,48.1363303222411
Q21589_CELE_M7.8,33.7450632357076
Q21601_mrps-34,39.0711604990904
Q21603_ugt-62,38.1541675695316
Q21618_glb-20,45.5568765120545
Q21624_cor-1,38.2159628809927
Q21625_div-1,42.1997821410343
Q21633_ubc-18,44.7298417529133
Q21649_CELE_R02F2.7,43.1614292097061
Q21655_blos-8,51.7892466571788
Q21657_mocs-1,36.9541828876403
Q21662_CELE_R03E9.2,38.5601716547097
Q21691_nrde-3,46.2763873578469
Q21693_ife-2,37.7680553451505
Q21713_CELE_R04D3.3,47.3827699689713
Q21735_ran-4,43.7403254255829
Q21738_paxt-1,37.8598012512586
Q21742_CELE_R05F9.6,52.6406179478845
Q21743_gst-9,32.1992239341008
Q21748_btbd-10,38.2025194903659
Q21754_plc-4,34.1588977197947
Q21763_CELE_R05H5.3,50.5193077767245
Q21775_R06C7.6,33.9405913253745
Q21799_CELE_R07B7.8,40.5064028764178
Q21801_gana-1,39.3750536026346
Q21817_CELE_R07E4.3,41.8164774071811
Q21826_pdcd-2,39.4588668383812
Q21827_R07E5.1,35.627979823712
Q21829_cku-80,44.054886909329
Q21832_rnp-4,45.6706959434386
Q21843_wapl-1,47.8292091614137
Q21849_CELE_R08E3.2,53.7333724145305
Q21854_tag-147,39.3337317048818
Q21861_chil-18,44.926915603169
Q21884_CELE_R09H10.5,45.8577541082313
Q21899_CELE_R10E4.1,45.0439923902184
Q21900_sup-26,49.4429977369511
Q21902_mcm-5,33.4549378971333
Q21910_CELE_R10E9.2,39.6641408250121
Q21918_CELE_R10H10.6,39.0840754835924
Q21926_irs-1,54.4485590540532
Q21929_dhs-21,43.3342690742917
Q21952_him-10,49.9463092469467
Q21961_ran-5,52.7870013398242
Q21962_CELE_R12C12.1,42.4656517768663
Q21966_asp-4,43.6596106215151
Q21986_cra-1,38.4511821802161
Q22004_R166.3,37.2803348149409
Q22006_pro-1,44.8034625536312
Q22009_CELE_R186.1,32.4201741986204
Q22013_CELE_R186.3,48.3693948013063
Q22017_flad-1,38.171508106456
Q22018_dtmk-1,39.1842927730252
Q22019_psf-1,47.1400768507895
Q22020_CELE_R53.5,35.6975966293881
Q22021_R53.4,45.4372836068633
Q22031_R74.7,40.8332377147185
Q22038_rho-1,35.4181274843005
Q22039_mec-8,39.0378224662871
Q22046_CELE_T01B7.5,49.9995478393641
Q22047_trcs-2,37.6126108263885
Q22053_fib-1,42.1218223507211
Q22070_plc-3,41.6592323900017
Q22071_mec-15,36.9590585265369
Q22078_npp-2,38.6083265318627
Q22100_kat-1,46.3887878703878
Q22111_mmaa-1,37.3982652645922
Q22120_mans-3,43.1000120021786
Q22125_zig-6,43.9676565190651
Q22128_CELE_T03G6.1,36.0726982453314
Q22133_tag-243,44.5042788608513
Q22137_CELE_T04A8.7,40.21894382475
Q22143_clp-2,38.3585312307597
Q22144_CELE_T04A8.8,47.934038684396
Q22145_him-18,44.5929977200078
Q22146_frk-1,36.1241612058471
Q22158_CELE_T04F3.3,36.713010752044
Q22170_ile-2,43.0328695621911
Q22171_CELE_T04G9.4,36.4083567993219
Q22187_lron-14,44.4284666522051
Q22215_CELE_T05B9.1,37.8540414812942
Q22235_enpl-1,44.0042399177679
Q22240_CELE_T05H10.1,38.5508155569101
Q22253_rpn-9,38.7980058733271
Q22279_anmt-3,42.6910118382994
Q22306_T07D4.2,40.0632715434484
Q22307_rha-1,41.7495572451043
Q22322_CELE_T07F12.2,46.3495941120528
Q22323_CELE_T07F12.1,39.8715062903764
Q22341_ttr-30,52.4354264032593
Q22342_epg-7,40.4150072378441
Q22347_acdh-10,37.8712820463337
Q22352_CELE_T08H10.1,39.6949005057433
Q22368_CELE_T10B10.3,37.4176178100665
Q22392_dhs-19,48.0011516299457
Q22396_nas-20,40.1980442413648
Q22419_CELE_T12A2.1,42.6103943328308
Q22453_ssup-72,36.7256791531694
Q22469_CELE_T13H5.4,40.9356105080431
Q22470_mrps-18b,39.1640377061032
Q22484_CELE_T14B4.1,39.7654119729355
Q22492_hex-1,51.5654525304516
Q22493_CELE_T14F9.2,37.4010091068889
Q22494_vha-15,41.5750647047667
Q22501_pps-1,41.7052484932972
Q22516_chd-3,37.4580712660066
Q22528_ekl-6,38.2782531758026
Q22540_CELE_T18D3.1,39.4335724768264
Q22574_CELE_T19D12.6,47.7644205801792
Q22591_clec-178,40.1568098168118
Q22592_bec-1,37.6611760975622
Q22601_apa-2,41.1080823465581
Q22616_blos-1,43.3903969420796
Q22618_adr-2,38.7350400253629
Q22619_T20H4.5,42.5492596555952
Q22620_pars-1,38.3668757178653
Q22629_dgn-1,41.2355419153731
Q22633_hpd-1,46.2053908573673
Q22640_T21C9.4,52.2510663296336
Q22660_CELE_T22B3.3,50.9845903658738
Q22662_CELE_T22C1.1,45.1576477709357
Q22706_sec-5,39.9605715332691
Q22710_toh-1,53.5779742165748
Q22712_mtm-3,42.1090318100354
Q22721_CELE_T24C12.3,40.7150781827614
Q22743_raga-1,38.4387198592409
Q22749_CELE_T24G10.2,43.1889369215366
Q22757_CELE_T24H7.3,41.1913560864747
Q22758_CELE_T24H7.2,37.3139933411618
Q22763_nep-22,43.8387951049199
Q22781_acdh-7,37.1962592430061
Q22783_CELE_T25G12.6,47.3506688226482
Q22792_CELE_T25G3.3,36.2282186177142
Q22794_CELE_T26A5.6,41.5696953764296
Q22800_nduf-2.2,46.1743387957871
Q22814_gst-13,33.9670350511904
Q22824_cgr-1,35.8909025456334
Q22825_cpd-2,41.7066582745949
Q22857_CELE_T28H10.2,39.1537726852741
Q22875_soc-2,38.9956842900669
Q22882_B0507.8,48.9720682932384
Q22885_B0507.2,38.4899344778689
Q22888_ife-4,35.5902530420018
Q22915_memo-1,47.7808127183864
Q22918_C37C3.2,39.3036333249642
Q22938_C52B9.4,43.7696144595222
Q22945_CELE_F08F3.4,33.5393145850854
Q22961_CELE_F25B4.5,46.2589320532958
Q22963_CELE_F25B4.4,51.9424695054339
Q22966_clec-1,48.3621996462065
Q22968_gcst-1,37.73254407609
Q22993_pmt-2,45.4794918431829
Q23009_CELE_K11G9.2,39.0220590824986
Q23010_CELE_K11G9.1,35.6863205223292
Q23080_CELE_ZC317.1,35.3457956496408
Q23084_set-30,32.9949559952796
Q23089_xpo-1,40.2904608602426
Q23090_CELE_ZK742.3,41.7382326979931
Q23091_CELE_ZK742.4,34.6273122327867
Q23092_lbp-4,39.9023973215365
Q23119_CELE_W02B12.1,43.1264834519651
Q23121_rsp-1,50.1612808921893
Q23122_aars-1,36.2270416055295
Q23126_W02B12.10,35.159619463487
Q23155_mrps-11,40.6050366137032
Q23164_lpr-4,44.5471685022568
Q23191_puf-9,40.5756465125507
Q23194_vps-18,36.8539554464381
Q23195_CELE_W06B4.2,41.6542712034555
Q23202_sbds-1,40.7854271067632
Q23206_CELE_W06E11.1,44.6922439456366
Q23215_CELE_W07G4.3,38.8582591766624
Q23223_mtr-4,39.672237684337
Q23227_zmp-4,44.0851611856961
Q23232_Y102E9.2,43.3313199115955
Q23237_pbs-3,48.7566456208609
Q23255_mre-11,41.0692855559694
Q23256_wdr-5.3,41.444683978754
Q23266_CELE_ZC374.2,44.2989992192934
Q23270_trm-1,47.2942949213848
Q23273_CELE_ZC376.2,38.4592703242015
Q23295_mppb-1,36.5466053981675
Q23315_ears-1,41.009188796608
Q23318_CELE_ZC434.9,46.1689804754123
Q23320_CELE_ZC443.1,37.1347303387598
Q23338_fkb-4,40.0060742748499
Q23342_rde-8,35.5014525221541
Q23356_mig-15,36.0733124142186
Q23360_vars-1,41.8369807017331
Q23368_sec-24.2,41.5530829335064
Q23381_mmcm-1,37.5524579023003
Q23383_CELE_ZK1058.5,35.3030758664036
Q23398_CELE_ZK1127.6,48.0969543208082
Q23400_ZK1127.5,40.5019195774692
Q23402_ZK1127.4,34.4515679576783
Q23403_CELE_ZK1127.3,43.6127960837125
Q23409_CELE_ZK1193.2,43.9162841247543
Q23410_CELE_ZK1193.3,43.0753305538351
Q23412_CELE_ZK1193.4,44.1164089235048
Q23414_CELE_ZK1248.5,42.6044917308999
Q23419_tbc-2,41.5795581788318
Q23445_ZK180.4,34.7979516041666
Q23449_rpn-12,40.5460308394363
Q23459_CELE_ZK287.7,52.1535564999628
Q23463_eftu-2,54.3924149511247
Q23490_mlt-7,42.3452808498583
Q23493_bpnt-1,45.8968593475061
Q23495_toe-1,45.1995842865565
Q23498_asm-2,53.3686726727598
Q23500_aco-1,42.4413945527639
Q23519_msp-152,50.1019549862253
Q23526_CELE_ZK546.2,38.3425490242558
Q23536_lgg-2,40.1303483320473
Q23551_unc-22,44.7293950930387
Q23565_clec-61,43.5948331120041
Q23570_ZK669.3,38.9960137068766
Q23588_upp-1,48.3984170567915
Q23591_CELE_ZK792.5,39.3636600691799
Q23604_CELE_ZK813.3,54.3543561672505
Q23623_tgt-1,42.1024072022752
Q23624_CELE_ZK829.7,48.2268569841659
Q23629_ZK836.2,37.1881532846707
Q23639_cul-5,32.3225773510547
Q23640_CELE_ZK856.5,49.5474466366557
Q23643_chpf-1,46.5997423040705
Q23644_zhit-3,34.9800105710019
Q23645_rpc-25,43.6674283310026
Q23651_elpc-3,36.1871248713911
Q23652_usip-1,36.1608650212186
Q23669_vps-15,36.7699009422788
Q23679_mdt-22,36.8969286455927
Q23976_Irbp,44.513179300398
Q23977_hep,43.4743456172238
Q23978_Myo31DF,43.3658529290788
Q23979_Myo61F,40.983149366828
Q23983_alphaSnap,44.6829679733858
Q23985_dx,40.1425335364305
Q23997_CG5210,44.4953642748081
Q24020_fliI,44.6866770947547
Q24046_nrv1,43.4661746784153
Q24048_nrv2,42.9175686043249
Q24114_dally,49.1600869037701
Q24120_capu,39.4808454930786
Q24133_DnaJ-1,40.141639370043
Q24134_TH1,40.5508664169721
Q24143_Hr96,42.1629399531255
Q24145_shark,37.4548544048542
Q24151_Stat92E,39.7102875472073
Q24167_sima,47.3209809059178
Q24168_Orc2,43.7975945464419
Q24169_Orc5,38.2053272924739
Q24179_Slh,39.5542130379638
Q24186_RpS5a,47.2979132166079
Q24192_RhoL,41.9768668699813
Q24207_bol,42.4514732913393
Q24208_eIF-2gamma,41.3286663430904
Q24210_CASK,43.8940447104509
Q24214_CanB2,43.1003087583179
Q24238_Aph4,50.0019566229659
Q24246_sw,40.0504755900269
Q24247_mew,44.4855766977955
Q24276_Cdc37,44.0639271206424
Q24298_shg,45.4729449030287
Q24306_Diap1,43.8199822081983
Q24307_Diap2,40.8445016218007
Q24311_Cul1,37.5290692247899
Q24317_DNApol-alpha50,39.1986806532622
Q24318_Dp,44.9915156182279
Q24319_Ost48,39.6578709716895
Q24322_Sema-1a,46.5168679978368
Q24323_Sema2a,45.8724003476466
Q24325_Taf2,42.3362686213505
Q24338_esc,41.9604662629458
Q24368_Iswi,37.2656634000898
Q24372_Lac,41.5819440664287
Q24439_ATPsynO,48.6197023788129
Q24451_alpha-Man-II,46.4889557807395
Q24472_Rbf,39.811445541385
Q24478_Cp190,44.5870770968453
Q24492_RpA-70,41.5544458686402
Q24509_Syx5,41.7462360992966
Q24523_bun,47.1893583329941
Q24524_sn,43.9660232707232
Q24535_bs,44.146762411193
Q24537_Dsp1,42.0645932790996
Q24558_tos,39.9125844443889
Q24560_betaTub56D,42.5984931573245
Q24562_U2af50,44.407880448383
Q24564_Mer,41.6230503500787
Q24572_Caf1,47.2009244609708
Q24574_Ubp64E,40.2162616502141
Q24592_hop,44.3683429308123
Q24595_Xpc,47.3112863718054
Q24JL3_STR2,37.4938282045525
Q26365_sesB,36.1863382235556
Q26454_dpa,38.334321638982
Q27237_l(2)tid,40.4521755368224
Q27268_Hel25E,37.1737649994103
Q27272_e(y)1,46.068887254187
Q27274_rop-1,43.9084892442548
Q27294_caz,43.9176140893125
Q27331_Vha68-2,45.5406618883214
Q27333_l(2)not,39.4311329803481
Q27367_crq,46.0355363566384
Q27368_E2f1,48.2333507867775
Q27415_Nlp,47.5515918105591
Q27464_gspd-1,36.9368375579405
Q27470_cyp-33a1,37.6344718691555
Q27474_lig-1,34.5658574062272
Q27475_C34D4.2,39.6772691582096
Q27481_uba-1,37.7071280392928
Q27487_ctl-2,51.5814908552483
Q27488_pas-2,49.1950399796988
Q27492_rpc-2,43.7237531641126
Q27493_rpoa-2,42.2235636520527
Q27500_CELE_F49E11.7,40.1521071935427
Q27501_CELE_F52H3.6,45.3419376139919
Q27504_cah-3,47.483441085136
Q27522_sams-5,41.1622731391205
Q27526_bgal-1,41.7743280401458
Q27535_ZC434.8,35.2589921623083
Q27536_ZK1058.3,47.3500696188343
Q27539_clpp-1,35.999793677837
Q27580_Ahcy13,48.0693735983625
Q27589_Cyp4d2,47.782018873406
Q27597_Cpr,42.917304199505
Q27606_Cyp4e2,42.2879291411283
Q27607_tam,38.8854269207924
Q27638_Zw,36.546571073938
Q27869_Pcmt,41.450174727422
Q27874_pat-3,47.2593991572854
Q27884_PpV,41.732516375158
Q27888_ldh-1,47.2574477839247
Q27889_Pp2B-14D,46.3616267805496
Q27GK7_TPR4,47.08581844167
Q27GQ5_CELE_F49C12.7,35.6254697753329
Q27GU2_lbp-3,50.3317257778249
Q290J8_GA19757,47.5492521060835
Q29RB0_myg1,53.4605685722185
Q2AAB5_pals-16,42.2272249831626
Q2AAB7_CELE_Y92H12A.5,44.117328351749
Q2AAC0_CELE_Y71H2AM.3,36.7424880034823
Q2EEM5_uso-1,40.2304053037712
Q2EEN1_rsd-2,45.8954606715641
Q2EEN9_CELE_K08E7.8,44.8829615343013
Q2EES0_ynfO,51.2129185873093
Q2EMV9_Parp14,43.5562266618147
Q2HQJ8_CELE_Y51H4A.15,43.4007330074064
Q2HQK2_agt-1,35.6626940909943
Q2HQK3_CELE_Y62E10A.20,40.6353051514805
Q2HQL4_gln-3,47.8666381991168
Q2HZ94_Mrc1,47.99863451997205
Q2L6U9_CELE_R07E3.1,39.457392121628
Q2L6W9_sax-1,40.655020157685
Q2L6Y6_hsp-75,44.9913178048216
Q2M1K2_Pwp2,50.34994817425345
Q2M4G8_Ptpn9,45.50520058271605
Q2M7X4_yicS,53.5579430608804
Q2MB16_yobH,60.53439779320615
Q2NL51_Gsk3a,49.5063146255271
Q2PJ78_C05D12.3,44.8623749578635
Q2PJ97_CELE_F52E1.14,47.8708522669578
Q2TBA3_Malt1,48.42911480976685
Q2TBE6_Pi4k2a,44.7737434739536
Q2TPA8_Hsdl2,45.8814933448906
Q2UVJ5_CCC1,41.1113864898838
Q2V0X4_cogc-3,38.0547471892518
Q2V2P7_YDR461C-A,45.9803817037097
Q2V465_SCPL11,54.2840225600177
Q2V4S9_CELE_F33G12.7,43.4329144457077
Q2V4T0_CELE_T19D12.4,48.6941012379673
Q2V4U3_CELE_F26G1.9,49.4900647058276
Q2WF62_fbxa-76,46.8800058204648
Q2XMY4_CELE_W08G11.3,51.9141482852072
Q2XMY7_fbxa-143,40.000414153704
Q304E6_CELE_ZC487.1,43.1374313733767
Q31093_H2-M3,49.11501193375645
Q31621_H2-DMa,50.4834983399261
Q32KD2_egg,40.1141731763988
Q32M21_Gsdma2,47.6505193937897
Q32MD7_Rgs10,52.0628477089722
Q32NY4_Cnnm3,47.7286822124715
Q32PL0_urod,49.3765757740056
Q32Q92_Acot6,50.8209931909938
Q330P7_Dbndd2,50.7188529250634
Q33BL4_frm-5.1,42.6642723540559
Q33DR2_Pdss1,49.6074431226011
Q33DR3_Pdss2,52.348150481038005
Q38799_PDH2,46.1487940507354
Q38845_PP2AA1,41.8976388191876
Q38854_DXS,38.8957121928458
Q38857_XTH22,36.8160875557031
Q38858_CRT2,48.9976961197235
Q38859_NRPB11,47.8752621134978
Q38862_IPS2,45.3838392348907
Q38867_CYP19-3,44.4414241156922
Q38868_CPK9,43.3033628151736
Q38871_CPK5,41.6742467297745
Q38882_PLDALPHA1,47.7801772678521
Q38884_TIF3I1,44.4772685648433
Q38890_KOR,38.8691057963275
Q38893_ZDS1,41.2303535877091
Q38900_CYP19-1,41.6165451601831
Q38919_ARAC4,37.4884282044047
Q38929_IPP1,44.8759322129511
Q38932_LUT2,43.7573609113996
Q38933_LCY1,37.9850255078886
Q38942_RAE1,44.0393566995316
Q38950_PP2AA2,38.8552076137509
Q38953_At3g26560,39.7766185533762
Q38954_PHT2-1,50.1445448913268
Q38970_ACC1,46.8586985346851
Q38997_KIN10,43.4941348740628
Q39024_MPK4,42.5152317263554
Q39026_MPK6,51.8491702463233
Q39041_BFRUCT4,42.2828959415865
Q39043_MED37F,48.7394316457199
Q39048_CER2,44.583548223828
Q39054_CNX1,51.9298968454593
Q39056_CNX3,55.8765089212586
Q39085_DIM,35.5251951510267
Q39089_PAC,45.2814635371544
Q39099_XTH4,35.1100766357894
Q39102_FTSH1,42.3321735627408
Q39108_GGR,47.0878040038096
Q39161_NIR1,49.0456402524612
Q39172_AER,48.4807652973455
Q39173_P2,45.7851012714613
Q39189_RH7,42.2823277585936
Q39192_SRK2D,43.5706126632292
Q39199_RECA,41.777865972119
Q39212_NRPD3B,43.0686387501877
Q39218_SAT3,42.3158967459293
Q39221_STL2P,48.0041684672206
Q39222_RABA1B,39.1430782222952
Q39227_SMT2,38.7479226738148
Q39230_At5g27470,43.4179147605732
Q39233_SYP21,46.3266294174549
Q39241_TRX5,49.5589617629697
Q39242_NTR2,54.2637766057759
Q39247_PP2AB2,43.3719338333814
Q39249_VDE1,49.8399445890991
Q39251_ADF2,43.7524310623831
Q3B7Q9_si:busm1-211o13.10,47.7937116916518
Q3B7Z2_Osbp,50.4434667757788
Q3E6S8_DEGP14,56.2458825677898
Q3E747_YLR363W-A,42.8003907708777
Q3E752_YPR036W-A,43.522538076109
Q3E754_RPS21B,55.3337934154877
Q3E757_RPL11B,41.824927028444
Q3E764_TMA7,56.0289668092433
Q3E792_RPS25A,44.1174263330651
Q3E795_YLR361C-A,51.601885956819
Q3E7A4_CMC2,49.0411172767523
Q3E7A9_CMC4,51.2313268603987
Q3E7B7_YDL085C-A,50.5446747052514
Q3E7C1_TFB5,55.5755060675095
Q3E7X9_RPS28A,49.9732902123326
Q3E7Y3_RPS22B,41.9457903661558
Q3E7Z5_YIL002W-A,53.7015487332612
Q3E830_YCR075W-A,57.9551037235542
Q3E833_PCC1,50.4206530199862
Q3E835_MHF1,52.2734342031589
Q3E841_YNR034W-A,52.4022402631618
Q3E846_COA6,60.1319087303214
Q3EDF8_At1g09900,45.1226794089054
Q3HKC4_pcyt-1,49.0384569530066
Q3KR14_ppil1,48.0064463465328
Q3LFN1_lbp-9,46.4238089362131
Q3LFS7_Ceacam1,52.4154964363496
Q3S1L4_CELE_W09C3.8,53.2116051168035
Q3SXA6_Tnip3,53.60245480838525
Q3SXD3_Hddc2,47.3361897604248
Q3T9A5_Glmn,50.02977362806795
Q3T9M1_Mfsd2b,49.669716383869
Q3T9U1_Mob1b,52.7167763808789
Q3T9X3_Dnm2,49.0632676766245
Q3T9Z2_Grhpr,51.256160272163996
Q3TA40_6430548M08Rik,48.2353841813572
Q3TA56_Selplg,52.003605276817794
Q3TA59_Jmjd8,61.7482170996541
Q3TAA7_Stk11ip,49.11991382405045
Q3TAA8_Pigu,50.0272526673106
Q3TAL2_Scamp2,54.9421456463652
Q3TAQ9_Wdr36,47.81560408960395
Q3TAR6_Vrk3,49.64722646462475
Q3TAS6_Emc10,52.6473820771254
Q3TAW7_Glb1,60.67586853919
Q3TB04_Frmd4a,56.795853869291854
Q3TB24_Dnajb2,49.536470155518
Q3TB82_Plekhf1,45.5559041623814
Q3TBA3_Tap1,44.495509869338
Q3TBD2_Arhgap45,48.3637250474222
Q3TBT3_Tmem173,51.3866408782044
Q3TBU7_Agfg2,45.41458129469875
Q3TBV4_Kcnk6,47.0300743246706
Q3TBV5_Il1rn,44.5540223061651
Q3TBW2_Mrpl10,42.80047728451745
Q3TC33_Ccdc127,49.2979217472509
Q3TC45_S100a10,49.14674460853125
Q3TC46_Patl1,46.9452562668727
Q3TC72_Fahd2,54.0413192150121
Q3TC93_Hs1bp3,45.7964139463597
Q3TCD4_Eci2,51.96411384813245
Q3TCH7_Cul4a,48.383884963179
Q3TCI8_Gne,48.8057400994362
Q3TCJ1_Fam175b,61.1841351648747
Q3TCL6_Antxr2,54.25730420622685
Q3TCN2_Plbd2,57.48982286295105
Q3TCN5_Gorasp1,45.2286758675699
Q3TCT4_Entpd7,46.42219844008595
Q3TCU5_Tapbp,49.929797972455304
Q3TCX3_Kiaa0907,45.1137607224951
Q3TD71_Scamp1,56.6196506804212
Q3TDA7_Pacsin2,46.301689410879945
Q3TDD9_Ppp1r21,46.8254717615641
Q3TDN2_Faf2,45.6469679858024
Q3TDQ8_Pde6d,48.163511943656246
Q3TDX8_Cyb5r4,53.674741260496106
Q3TE40_Rpa2,50.54233972609225
Q3TE88_Gtf2a2,63.7260394247371
Q3TEE6_Fermt3,50.3260742889288
Q3TEE8_Txndc5,56.7549688158549
Q3TEF1_Gclc,48.027927716458805
Q3TEQ8_Cd300lb,52.7641538120596
Q3TET1_Kif3a,51.0994746306136
Q3TF14_Ahcy,49.894055065372854
Q3TFD2_Lpcat1,49.110089896160304
Q3TFQ1_Spryd7,52.6518628944816
Q3TG64_Stk19,50.7203232878488
Q3TG75_Oat,51.915479779285604
Q3TGG2_Atxn2l,52.6478656185174
Q3TGW2_Eepd1,48.9408292909946
Q3TGX0_Scamp4,54.3648192002814
Q3TGZ3_Idh3g,50.3724075495377
Q3TH34_Fam45a,48.06680880099985
Q3TH73_Ttyh2,55.8945021134832
Q3THA4_Dnttip1,46.911196459564295
Q3THG5_Cdk7,50.656510104725
Q3THG9_Aarsd1,48.1683168880768
Q3THJ3_Eif1ad,49.6623562495756
Q3THK3_Gtf2f1,56.1776550359997
Q3THK7_Gmps,49.2851179660901
Q3THS6_Mat2a,54.8456676945847
Q3TI07_Capn1,53.9050912795627
Q3TI84_Cdc16,49.86567897772705
Q3TIJ7_Cct7,56.036414987778
Q3TIR3_Ric8a,47.4144938051381
Q3TIU4_Pde12,50.088862780015
Q3TIV5_Zc3h15,50.757700899382954
Q3TIV6_Kars,47.85876174935605
Q3TIV9_Ap1s2,50.9099549299384
Q3TIX9_Usp39,50.763293549660204
Q3TJ22_Aamp,53.49723278646205
Q3TJ39_Rab5c,48.3842145163475
Q3TJ55_Stx2,49.52277070423895
Q3TJ75_Trove2,50.106410563871094
Q3TJ91_Llgl2,49.3477914653742
Q3TJD7_Pdlim7,46.587366194080104
Q3TJL3_1700025G04Rik,64.1336725115191
Q3TJM4_Cenpt,53.9424961741269
Q3TJN1_Bcat1,54.65288199299325
Q3TJY2_Wdr1,53.355615373230606
Q3TJZ6_Fam98a,46.3530262288127
Q3TK92_Arih2,51.8941489828926
Q3TK95_Eif4e,49.653194749074345
Q3TKD1_Rfc3,44.6780060135649
Q3TKN7_Commd10,52.1471297024029
Q3TKQ3_Exosc2,60.21530977210995
Q3TKV1_Psmd2,49.000119563940046
Q3TKX1_Atp6ap1,49.63560796801365
Q3TKY6_Cwc27,50.7851730349633
Q3TL44_Nlrx1,49.1600027778745
Q3TLP5_Echdc2,45.9498001688974
Q3TLQ4_Mrps6,49.12624860634265
Q3TLR3_Trim32,51.0106878255872
Q3TLS3_Gdpgp1,54.6646540311529
Q3TLX9_Smpdl3b,56.8576733191415
Q3TM70_Ehd4,45.36784565157155
Q3TM92_Anapc4,51.209465471543396
Q3TMC4_Slc25a44,56.2161659333327
Q3TMH2_Scrn3,60.1685564943731
Q3TMJ8_Map2k1,47.20512962485115
Q3TML6_Eif2s3x,52.7318037335027
Q3TMP1_Gtf3c3,42.2997518592843
Q3TMV7_Pyroxd1,53.3166183501402
Q3TMX0_Sdcbp,48.95804963363365
Q3TMX7_Qsox2,51.42082081377585
Q3TMZ1_Pycr2,59.6666007729507
Q3TN07_Vps4b,46.493964622026354
Q3TN34_Micall2,52.467893636464396
Q3TNA1_Xylb,45.1550730089036
Q3TNB8_Fgd3,46.7874713216811
Q3TND1_Fkbp2,56.82865734376865
Q3TNL8_Itprip,50.5935396608354
Q3TP92_Ctdnep1,48.3171343135163
Q3TPA7_Rab20,48.7659294201709
Q3TPC7_Phyh,45.6669509175035
Q3TPE9_Ankmy2,46.18121197648935
Q3TPL4_Capn5,52.3115966553532
Q3TPL8_Slc2a3,56.1217990862475
Q3TPU5_Emc8,52.11360787903135
Q3TPW2_Ttk,46.901706093905304
Q3TPX4_Exoc5,47.59844842161725
Q3TPZ2_Plk1,50.36617727909325
Q3TPZ5_Dctn2,52.00239520614865
Q3TQ70_Gnb1,52.81500052299985
Q3TQB2_Foxred1,49.780605349596
Q3TQC7_Entpd5,48.900992612584446
Q3TQK8_Sqle,46.28649552808645
Q3TQN1_Tpst2,52.2427637694627
Q3TQR3_Eif5,51.2591150056074
Q3TQW9_Ccnb1,50.28479445858045
Q3TQX5_Ddx3x,44.9388456366345
Q3TR20_Cog7,45.378375141716944
Q3TR66_Pros1,49.8961447124794
Q3TRJ1_Vps35,50.01295344725685
Q3TRJ7_Sh3gl1,46.10430084210115
Q3TRM8_Hk3,47.1344909562035
Q3TS38_Ugdh,46.8006740160624
Q3TSG4_Alkbh5,52.370790114132205
Q3TSR0_Extl2,53.46270197083285
Q3TSR1_Vps36,46.09657497767595
Q3TT38_D17Wsu92e,50.9518947829802
Q3TT94_Ppp2r2a,52.0873714671701
Q3TTE7_Vhl,47.7582798153955
Q3TTF2_Ubxn8,48.7445694318364
Q3TTV6_Tfip11,46.49010093154895
Q3TU79_Dnajb1,46.67111195720195
Q3TU85_Hspa1b,46.179831616551354
Q3TUA9_Pomk,47.7547007710156
Q3TUB5_Nol10,49.04774797787465
Q3TUF7_Yeats2,49.698080567605146
Q3TV21_Fxn,58.5183912332052
Q3TV35_Shfm1,46.3773688038737
Q3TV62_Tor1a,50.14143449617485
Q3TV70_Nr2c2ap,46.1760945296251
Q3TVI4_Hexim2,46.7682841936094
Q3TVI8_Pbxip1,53.1963627115117
Q3TVJ8_Ssr4,55.763142757089895
Q3TVJ9_B3gnt2,51.1319945451373
Q3TVP5_Fam105a,47.63099862639715
Q3TW27_Nelfcd,46.87072042689675
Q3TW96_Uap1l1,51.8574396375531
Q3TWF6_Wdr70,56.8913662928902
Q3TWG5_Dync1li1,47.72281467438655
Q3TWR3_Prkag1,46.86518929912285
Q3TWV4_Ap2m1,52.6351071786645
Q3TWW8_Srsf6,55.5519363258735
Q3TWZ6_Slc12a4,50.0129660051994
Q3TX08_Trmt1,52.4378135787769
Q3TX09_Dok2,48.24329893495925
Q3TX25_Aldh3b1,51.6483644258371
Q3TX38_Vdac3,48.667219918891746
Q3TX51_Lrrc28,55.1560729725499
Q3TXR9_Hexb,58.8615408899887
Q3TXS7_Psmd1,49.6214375404126
Q3TXT7_Ruvbl2,53.399202527361
Q3TXU5_Dhps,54.5254062891315
Q3TXU8_Pgrmc1,53.53895844281245
Q3TXV4_Rab31,45.69953761812985
Q3TXX3_Zfyve27,48.89250623907395
Q3TXX8_Wasl,50.5770026031153
Q3TY95_Akt2,48.40885402111065
Q3TYA6_Mphosph8,49.92986944996565
Q3TYD4_Arsg,49.29377289269275
Q3TYD6_Lmtk2,52.99098721188
Q3TYS2_,46.7129074068648
Q3TYX3_Smyd5,50.530412298918
Q3TZ02_Cyth1,49.9528544216292
Q3TZ03_Hlcs,45.7502385567546
Q3TZ63_Tbc1d13,49.8021571472187
Q3TZH7_Tal1,49.391168032408
Q3TZI5_Msh2,44.67740815937885
Q3TZK9_Zfp638,50.2539450857565
Q3TZM9_Alg11,47.3757836902658
Q3TZR9_Atf7,53.8203012640768
Q3TZW9_Ptpn1,45.94433128094215
Q3TZX8_Nol9,46.40551266567505
Q3TZZ7_Esyt2,51.3987642611626
Q3U034_Mettl4,49.057094028238
Q3U049_Fez2,49.4861574470731
Q3U0B3_Dhrs11,51.2054287449053
Q3U0C0_Cyth4,43.3186873391221
Q3U0D7_Arf6,47.340214598332054
Q3U0J8_Tbc1d2b,45.0523164726907
Q3U0M1_Trappc9,51.223626140208154
Q3U0P5_Entpd6,50.6590473213706
Q3U0T9_Rab35,45.71151274105195
Q3U0V1_Khsrp,62.4890170919155
Q3U186_Rars2,45.8135535153553
Q3U1C2_Ruvbl1,53.897655829630196
Q3U1C4_Secisbp2,48.9518649177853
Q3U1C6_Tatdn3,47.3218337546146
Q3U1J4_Ddb1,59.4352045838233
Q3U1J9_Emilin2,48.7537203694374
Q3U1L9_Cxcl2,48.86536061746895
Q3U1N0_Coro1a,46.35601572944215
Q3U1N3_Rras,44.8484452767856
Q3U1S6_Csde1,45.003414543442
Q3U1T9_Dennd1b,48.61079592888515
Q3U1V3_Adrbk1,47.3579579464376
Q3U1V6_Uevld,46.528983070145
Q3U1Z5_Gpsm3,55.0871620134571
Q3U1Z9_Tnfsf9,49.9565277711247
Q3U214_Mast3,57.6583971365604
Q3U260_B4galt3,50.69309514478495
Q3U276_Sdhaf1,48.23683950935195
Q3U284_Tmem231,56.27753501540915
Q3U2A8_Vars2,50.0866354585847
Q3U2C5_Rnf149,54.9143887563221
Q3U2G2_Hspa4,50.2762052306405
Q3U2G9_Nagk,50.9789350082946
Q3U2I3_Fam160a2,43.6329743448297
Q3U2P1_Sec24a,44.9342884407394
Q3U2P8_Mapkapk2,48.462326998776504
Q3U2S8_Hvcn1,51.3837389073791
Q3U2W2_Mybbp1a,47.64464711318715
Q3U308_Ctu2,49.1352943026174
Q3U319_Rnf40,45.4552333449601
Q3U335_Stk24,49.95848454155275
Q3U344_Arf3,47.7856511255835
Q3U3A7_Mta3,49.0305937522611
Q3U3B7_Impa2,48.40671619975615
Q3U3C9_Gse1,50.2603776892249
Q3U3D8_3110043O21Rik,54.4224604479831
Q3U3E2_Fam117b,46.9231769789589
Q3U3G2_Rnf126,43.6703235871706
Q3U3J1_Bckdha,49.8656523509827
Q3U3K9_Aup1,48.4244595830433
Q3U3M5_Ccnk,52.7241732903961
Q3U3M9_Clec4n,49.339291002310944
Q3U3N0_Mier2,52.2769025022395
Q3U3N1_Cox10,52.335204153787956
Q3U3Q1_Ulk3,47.4837740549135
Q3U3Q3_Utp18,50.911560845766004
Q3U3R4_Lmf1,50.0946135289777
Q3U3W2_Tmem181a,53.55976796950115
Q3U3W5_Prmt9,48.9038269321609
Q3U419_Tyrobp,50.7952314789932
Q3U425_Pom121,49.2717849450939
Q3U431_Ube2g2,49.57185048155975
Q3U487_Hectd3,50.270835456354
Q3U489_Ak4,47.2254660147762
Q3U4G3_Xxylt1,49.56402970622315
Q3U4H0_Mapre1,51.62191494875355
Q3U4H5_3110002H16Rik,49.533776142795205
Q3U4I7_Pyroxd2,56.2959816417464
Q3U4S0_Pank2,48.543172195639
Q3U4T8_Mcm7,46.84900195670675
Q3U4U6_Cct3,54.39412273995685
Q3U4W8_Usp5,51.16403957360235
Q3U4X8_Lig1,47.908117481210056
Q3U4Z7_Hdlbp,45.726544081101494
Q3U573_Stt3a,49.1108217570305
Q3U595_,52.0123538162042
Q3U5F4_Yrdc,53.833719964673
Q3U5N4_Adprh,47.36480084075565
Q3U5Q7_Cmpk2,52.6214521122121
Q3U5U6_Hmox1,50.18509786106645
Q3U607_Casp8,50.79195874548475
Q3U647_Papss1,51.4469480461074
Q3U6G0_Cybb,46.596797827369656
Q3U6G1_Blvrb,49.3578145746788
Q3U6J9_Ppt1,51.30051593271935
Q3U6L3_Glrx,58.0520306082759
Q3U6N9_,48.120275721265
Q3U741_Ddx17,48.801924687096246
Q3U7G2_Adam8,48.78235854913905
Q3U7H1_Napsa,51.046994896702046
Q3U7R1_Esyt1,49.0389775392665
Q3U7U3_Fbxo7,49.765535594920294
Q3U7Z6_Pgam1,55.45669127223965
Q3U816_Htatip2,47.3949099773861
Q3U821_Wdr75,49.47055749370405
Q3U829_Ap5z1,47.3964868157515
Q3U861_Atp6v1d,62.89818380182255
Q3U8S0_Ap3s1,48.08341294966425
Q3U9D6_Exoc6,46.8594534684985
Q3U9G9_Lbr,46.66064108061195
Q3U9K6_Irf3,49.7424014082791
Q3U9K9_Trappc3,56.90324830015875
Q3U9N9_Slc16a10,55.389728445618104
Q3U9R0_Adgre1,56.84110798970385
Q3U9T8_Ccl9,51.7298725681472
Q3U9V4_Gnb2,51.171140408673
Q3UA06_Trip13,45.46589621789915
Q3UA16_Spc25,46.114472485864695
Q3UA94_Rngtt,46.279825316837844
Q3UAD6_Hsp90b1,50.044251195865854
Q3UAP1_Preb,52.093234076144
Q3UAT9_Impdh2,51.8528235994468
Q3UB06_Srpk1,45.5550369532047
Q3UB58_Cd72,52.4347774394697
Q3UBG2_Pid1,49.337488615785205
Q3UBU9_Fkbp3,53.084867635222196
Q3UBX0_Tmem109,49.5625893476023
Q3UBY5_Ctsc,63.48336015520155
Q3UBZ5_Mif4gd,57.2047150243533
Q3UC02_Rps11,47.8528287333404
Q3UC14_Sfxn2,51.88112403342145
Q3UC67_Acsl5,42.39438457682835
Q3UC73_Ppic,50.1611392696259
Q3UCB5_Bckdk,52.3076645213863
Q3UCD9_Ctsd,54.38920098435235
Q3UCF2_Cdc5l,48.679657442771145
Q3UCH0_Rpl6,52.0042210357359
Q3UCQ1_Foxk2,45.8131181934239
Q3UCV8_Otulin,47.9891963188133
Q3UCW0_Tsg101,47.373194837601304
Q3UD01_Atxn7l3b,48.2814232007033
Q3UDC9_Slc9a1,51.05348170719965
Q3UDE2_Ttll12,46.55238093239
Q3UDK5_Cox7a2l,52.041123782087
Q3UDP0_Wdr41,52.3027310074015
Q3UDP9_Slc16a3,50.382115275767546
Q3UDR8_Yipf3,55.8043263106549
Q3UDW8_Hgsnat,49.1637111537282
Q3UDY1_Akr1b3,50.145409680775956
Q3UDY2_Sgpp1,54.066021996004
Q3UDZ1_Rhog,45.0094333741575
Q3UE37_Ube2z,51.0435659954562
Q3UE92_Xpnpep1,45.426764686384146
Q3UEB3_Puf60,51.8246940408815
Q3UEQ1_Inpp4a,51.265248676399295
Q3UF95_Bag6,48.1180739578859
Q3UFB2_Znhit6,45.14623360199535
Q3UFF7_Lyplal1,53.0180604177406
Q3UFJ3_Pdha1,47.3750035812853
Q3UFK8_Frmd8,47.9108343914057
Q3UFM5_Nom1,47.83774514092785
Q3UFP6_Eif4ebp2,50.69954609592765
Q3UFQ4_Ube2d1,48.4041465901161
Q3UFS0_Zyg11b,46.54299798622315
Q3UFS5_Pltp,51.99493532522885
Q3UFT3_Garem1,52.9016288531847
Q3UFV9_Dnajc3,48.474506623474895
Q3UFY7_Nt5c3b,50.218087293768804
Q3UFY8_Trmt10c,43.9933362651174
Q3UG16_Ap1m1,50.7276296820793
Q3UG25_Nfkb2,44.73176486208935
Q3UG55_Uros,48.2107286092245
Q3UG85_Ank,46.96360121098955
Q3UG98_Nat9,47.50769677553345
Q3UGB5_Dazap1,52.98803928395575
Q3UGC7_Eif3j1,54.407670595227344
Q3UGC8_Pcca,50.810716822742805
Q3UGD6_Slc7a1,63.5539378273262
Q3UGN1_Gng7,53.7204621550851
Q3UGN9_Stam,51.4299827042136
Q3UGP8_Alg10b,58.9300286473226
Q3UGR5_Hdhd2,52.3310562152986
Q3UGS4_Fam195b,52.8859038651717
Q3UGT9_Parvb,46.31267805443985
Q3UGY8_Arfgef3,47.6454921854319
Q3UH06_Rreb1,47.17118311065675
Q3UH28_Zmynd8,47.6675589297105
Q3UH60_Dip2b,52.3169182687289
Q3UH70_Brd4,48.599650000837
Q3UH93_Plxnd1,50.4235084720384
Q3UHB1_Nt5dc3,52.7913359659006
Q3UHC0_Tnrc6c,57.8109417754012
Q3UHD6_Snx27,48.6120049893116
Q3UHG7_Lchn,51.75850330068735
Q3UHH5_Gnaq,52.1579965816141
Q3UHI4_Tmed8,47.5415793483494
Q3UHJ0_Aak1,48.03127373788
Q3UHJ1_Traf3,48.7167894773976
Q3UHN9_Ndst1,48.5855272865635
Q3UHP6_Anks1,45.5133065707492
Q3UHQ6_Dopey2,51.457490913552
Q3UHW9_Cfl2,54.08056741927575
Q3UHX9_D2Wsu81e,50.17248658399685
Q3UHY8_Abce1,47.375485148384556
Q3UI43_Babam1,54.1954507050006
Q3UI46_Nedd8,53.61088643252215
Q3UI57_Mcm3,46.726828933681304
Q3UI84_Rfc4,47.8532574134802
Q3UID0_Smarcc2,48.88640815013275
Q3UIG0_Eif3e,48.93541168787145
Q3UII1_Mycn,50.6205284716959
Q3UIL3_Ogg1,54.2102836610947
Q3UIR3_Dtx3l,44.4722942885682
Q3UIU2_Ndufb6,55.4703678894279
Q3UIX4_Srsf11,50.53830499622775
Q3UJ76_Ap2s1,53.02255004658255
Q3UJ82_Nmi,53.262119630168
Q3UJ95_Pip4k2b,49.89134181951055
Q3UJA1_Rrp12,44.964420152598095
Q3UJB9_Edc4,49.8395590249188
Q3UJC3_Nmt1,48.7641033461631
Q3UJD6_Usp19,49.6422944577828
Q3UJF5_Top3b,49.3817185842477
Q3UJP5_,53.0520066640825
Q3UJU9_Rmdn3,44.6991127427684
Q3UK94_Ubl4,48.997070923639654
Q3UKC1_Tax1bp1,44.5238102203127
Q3UKC8_Gng5,53.83360050744035
Q3UKG7_Tfeb,49.49619391923375
Q3UKJ6_Dhx15,49.87071991978375
Q3UKJ7_Smu1,54.7660252511812
Q3UKN2_Pdrg1,52.7556916447805
Q3UKP1_Sirt6,47.0737494388483
Q3UKQ7_Irf9,47.62446001503455
Q3UKZ0_Rbfa,43.0277027376368
Q3UL22_Cct8,55.8804133351737
Q3UL31_Zc3h11a,48.935986260575106
Q3UL64_Neu1,50.6497454165321
Q3ULB1_Tes,48.79716332435575
Q3ULD5_Mccc2,64.3546828110163
Q3ULF7_Actr3,54.61939743063075
Q3ULJ0_Gpd1l,46.0665256243257
Q3ULL5_Eif2s2,51.236782806901246
Q3ULL6_Upf3b,49.819371785387645
Q3ULN2_Gtf2b,47.7108558113639
Q3ULT2_Actn4,54.639241883895195
Q3ULU3_Bcat2,48.840882324498
Q3UM18_Lsg1,46.5337612052518
Q3UM33_Hdac3,53.7000953295733
Q3UM45_Ppp1r7,51.5918109881869
Q3UM63_Slc30a1,55.40683853465295
Q3UMB5_Smcr8,51.654489400132
Q3UMB9_Kiaa1033,49.718200650231196
Q3UMB9_Washc4,46.332520946539
Q3UMC0_Spata5,46.0782911593316
Q3UMG6_Nme7,50.0413938708961
Q3UMJ4_Gtf2f2,53.5289517649434
Q3UMK5_Fosl1,55.6605340368418
Q3UMM1_Tubb6,49.079406534712746
Q3UMQ1_Pla2g4a,48.427461205577444
Q3UMQ8_Naf1,38.236581730014
Q3UMR5_Mcu,50.34569251816255
Q3UMT1_Ppp1r12c,47.3178052551124
Q3UMU9_Hdgfrp2,55.4957659174611
Q3UMW7_Mapkapk3,44.3806608682519
Q3UMY5_Eml4,53.3894308051632
Q3UN02_Lclat1,43.0807562841617
Q3UN35_B4galnt1,54.141941418262405
Q3UN36_Ginm1,52.3634782053075
Q3UN47_Endog,49.26945783539925
Q3UND0_Skap2,46.6239071955578
Q3UNF2_Ppp4c,52.72108123878565
Q3UNI1_Sirt1,48.64331181371085
Q3UNK5_Tgfb1,56.17610195954515
Q3UNN4_Smarcc1,48.784556492281055
Q3UNV7_Mlf2,55.6833124382987
Q3UNX5_Acsm3,43.734628243941
Q3UNZ8_,49.1465043630333
Q3UP75_Ugt3a1,41.4936474904388
Q3UP84_Mafk,51.1693142330493
Q3UPA1_Gna11,49.918888667591645
Q3UPA9_Il2rg,48.9025118265543
Q3UPF7_Syk,42.37949000615805
Q3UPG3_Gpsm2,47.26492327310725
Q3UPH1_Prrc1,50.6665834377126
Q3UPI1_Fam198b,54.2384877007884
Q3UPI8_Slc6a6,50.14919216646245
Q3UPK6_Psma5,57.718805778697
Q3UPL0_Sec31a,50.9737218291899
Q3UPQ8_Zhx3,47.3726659377007
Q3UPV6_Kcnab2,50.921802352852296
Q3UQ44_Iqgap2,43.8968530668779
Q3UQ84_Tars2,53.3258751808037
Q3UQA7_Selh,52.5143658812534
Q3UQL2_Cops3,54.6440866886939
Q3UQN2_Fcho2,57.4927095180693
Q3UR91_Pum2,48.550233035990544
Q3URE1_Acsf3,45.1710642521001
Q3URM1_Clpb,49.54271617081665
Q3URQ0_Tex10,48.751482842849896
Q3URQ4_Fam8a1,47.68559673294045
Q3URQ7_Mthfsd,59.2008451258218
Q3URS9_Ccdc51,44.3793863361827
Q3US15_Nsdhl,50.175342431069694
Q3USH5_Sfswap,51.003831541905356
Q3USJ8_Fchsd2,49.0920633408843
Q3USW5_Foxred2,52.2315402863513
Q3UT95_Ube2d2a,48.9522785614096
Q3UTR5_Pycr1,55.5057231105126
Q3UU11_Fkbp7,53.334459931994104
Q3UU43_Chpf2,49.3573804578298
Q3UU56_Gm29609,51.1321959994157
Q3UUG6_Tbc1d24,52.8884900392538
Q3UUI3_Them4,54.625270449649
Q3UUQ7_Pgap1,53.9218781374713
Q3UUW5_Ccnh,48.6853996534863
Q3UV88_Tlr6,51.12588951674105
Q3UVG3_Fam91a1,51.8398213794027
Q3UVJ7_Decr2,50.4723192145267
Q3UVK0_Ermp1,57.3519732785132
Q3UVL4_Vps51,48.93980955762725
Q3UVN4_Jag1,44.8128570349601
Q3UW53_Fam129a,46.081882034976
Q3UW66_Mpst,52.3873404123048
Q3UWE6_Wdr20,53.5495982915565
Q3UX10_Tubal3,48.7115666382712
Q3UX28_Mpc1,52.124466886412094
Q3UXD9_Pecr,52.34992406631105
Q3UXU8_Obfc1,47.2028683468192
Q3UY00_S100b,53.0288797724063
Q3UY68_Camk1,50.528321304410795
Q3UYC0_Ppm1h,45.431432766969
Q3UYC1_Mvd,49.3389092632888
Q3UYH7_Adrbk2,48.8234028154964
Q3UYM1_Nub1,43.85304387862105
Q3UYU2_Trmt2a,45.4568153284914
Q3UYV9_Ncbp1,49.4612436973997
Q3UZ09_C1rl,51.7894577853134
Q3UZE4_Hyal2,52.3086737996555
Q3UZG4_Aimp1,47.1879550825849
Q3UZR8_Eif2b1,49.7030301874412
Q3UZZ6_Sult1d1,47.6573013519761
Q3V009_Tmed1,50.7006705599321
Q3V014_H2-T23,52.0795789913952
Q3V0T8_Ggps1,50.3149759983536
Q3V100_Mpi,46.900767835593996
Q3V117_Acly,50.4752860012782
Q3V1H4_Elf1,46.8465632197912
Q3V1X4_Surf6,56.4295266874822
Q3V214_Polr2e,52.5916169023257
Q3V235_Phb2,55.5554374107229
Q3V299_Unc119,49.56255038818145
Q3V2E3_Uqcc3,53.800279634219
Q3V2N4_Ube2h,50.550144689796
Q3V300_Kif22,43.3616523420167
Q3V307_Pigs,52.181539341569405
Q3V384_Lace1,41.1753638818387
Q3V3C7_Nmnat3,46.614697021057
Q3V3R1_Mthfd1l,45.2242137634278
Q3V3W4_Zbtb2,55.8898012278
Q3V3X3_Tfdp1,53.6419646848439
Q3V460_Gm561,53.2507252080767
Q3V4B5_Commd6,49.7610608228148
Q3V5I5_CELE_Y82E9BR.19,41.508259584628
Q3V5I8_atg-5,43.0282353811736
Q3V5J2_tbcc-1,49.8867274873971
Q3V8B2_cbiD,71.6941137032928
Q3Y3Z9_C01B10.11,37.6768754453337
Q3ZAQ4_Atg9a,51.742745257669796
Q3ZB59_Gab2,46.26695669442985
Q41906_CYS3,39.1082766307209
Q41931_ACO2,48.6145662793973
Q41932_PSBQ2,50.7188587141192
Q41969_EIF2B,45.0878857931984
Q42029_PSBP1,49.8798583051485
Q42064_RPL8C,39.3733860252281
Q42112_RPP0B,54.2664623788254
Q42134_PAE2,50.1477598674286
Q42262_RPS3AB,39.7199722430296
Q42290_At3g02090,42.858385892564
Q42340_RPS16C,37.6726185189056
Q42384_PRL1,50.3129703506163
Q42403_TRX3,59.9657007241496
Q42406_CYP18-4,44.0586753418041
Q42418_PRO2,41.570028000201
Q42449_PRO1,47.1598856889052
Q42472_GAD2,53.6133735511399
Q42479_CPK3,42.163125993081
Q42521_GAD1,49.6076859592012
Q42522_GSA2,55.2600327569566
Q42523_MCCA,53.8025384025879
Q42524_4CL1,47.512011949699
Q42525_HXK1,47.722240340744
Q42527_PAI2,40.0764435895899
Q42534_PME2,48.3762346626813
Q42538_SAT5,44.7591519815046
Q42545_FTSZ1,41.9976749220012
Q42546_SAL1,50.8473881014828
Q42547_CAT3,48.5644856562187
Q42553_IPP2,46.6153070166686
Q42556_AHA9,34.8380713665531
Q42560_ACO1,48.5056007343362
Q42564_APX3,49.1531410212836
Q42572_LIG1,46.0311332708593
Q42577_At5g11770,38.3950651861318
Q42580_PER21,48.964877185845
Q42583_PRS2,39.0857700698043
Q42586_PYRE-F,43.9507022972835
Q42592_APXS,46.8451182254556
Q42593_APXT,57.3417798470734
Q42600_CYP84A1,39.5826143532661
Q42601_CARB,45.7141954735225
Q42605_UGE1,42.6406631056444
Q43125_CRY1,45.957954975717
Q43127_GLN2,39.9408484326206
Q43307_ATS1,44.409253754807
Q43315_FPS2,39.9378787275673
Q43348_BFRUCT3,49.5579149686677
Q43387_PER71,44.6524256056467
Q43725_OASC,57.1540765158722
Q43727_APG1,38.3700968905382
Q43729_PER57,48.9738174473089
Q43735_PER27,44.0909319859062
Q43866_CWINV1,46.6427146920877
Q43867_PME1,46.2770161486102
Q43870_APS2,49.3983389142765
Q43872_PER64,47.2365910099344
Q43873_PER73,40.6167267660509
Q45065_yneT,52.6535859604563
Q45066_parC,46.6841950738511
Q45068_alsT,36.3803171174311
Q45477_ileS,40.0797914136175
Q45480_ylyB,47.0931181243581
Q45494_ykrA,41.6167282729972
Q45495_defB,47.5511715884674
Q45497_yktA,45.2019187001442
Q45498_yktB,46.6152891119869
Q45499_suhB,44.1033748653342
Q45500_yktD,42.1119622383295
Q45514_sapB,42.1772103952433
Q45549_nrdR,50.2135440105464
Q45577_ybeC,34.3675720259253
Q45582_murQ,44.6168645515015
Q45584_ybbK,55.5272229008893
Q45585_sigW,42.7973970937219
Q45589_cdaA,38.5275153851568
Q45591_yydK,44.8709415646779
Q45595_yydG,42.6108269219629
Q45597_fbp,46.5644765100025
Q45598_yydD,46.8995682698261
Q45599_yydC,49.4426719589206
Q45600_yydB,43.8595554643499
Q45601_rlmH,42.8599161745592
Q45604_yycR,45.7224203002566
Q45612_yycI,44.2221637260634
Q45614_walK,44.6984754135143
Q45EK7_C23G10.7,39.4780221887488
Q45FX5_vav-1,50.1367058452036
Q45VV3_yki,45.8902771714654
Q46796_ygeP,53.538699028417
Q46798_ygeR,50.55498017458725
Q46799_xdhA,49.04170641752075
Q46800_xdhB,48.3291260375369
Q46801_xdhC,57.6577958254333
Q46802_ygeV,45.2096306467969
Q46803_ygeW,64.23457155623505
Q46806_hyuA,58.208629277814296
Q46807_yqeA,47.747775628531144
Q46811_ygfK,52.76365874869785
Q46812_ssnA,58.410934178855044
Q46814_xdhD,52.658427390433104
Q46822_idi,56.625321728887954
Q46829_bglA,56.89226317886305
Q46831_yqgA,65.8413279316115
Q46845_yghU,54.99180656901555
Q46851_gpr,62.664338680056346
Q46855_yqhC,53.5396112247525
Q46856_yqhD,53.654294697651
Q46857_dkgA,52.323393711525796
Q46858_yqhG,55.4655102517826
Q46863_ygiS,51.16429517558535
Q46864_mqsA,49.266896097134705
Q46868_yqiC,57.9875259631511
Q46871_yqjH,63.94223079943985
Q46891_ygbM,46.71903446969315
Q46893_ispD,62.2831108878494
Q46906_ygcP,64.3004754531356
Q46920_queF,53.9606552172716
Q46925_csdA,65.0075900687507
Q46927_tcdA,47.138953048590096
Q46938_kduI,58.38667076195605
Q46948_yajL,52.60472204211795
Q47146_fadE,48.7300080931247
Q47147_yafJ,50.89994735157955
Q47149_yafQ,53.9976771325986
Q47150_dinJ,59.3080987060219
Q47156_yafN,55.7471731939578
Q47622_sapA,52.3928905044621
Q47679_yafV,44.07351723956745
Q47690_mmuM,45.41559727858355
Q47710_yqjK,40.2321159389153
Q497E9_Rps8,48.74897672646475
Q497H0_Zfand3,53.6078318900037
Q497I3_Fabp5,52.893427753261506
Q497J1_Tmem86b,46.4359816425291
Q497N0_Cct6b,55.66845697258275
Q497N1_Rps26,49.0435932208593
Q497T6_Commd2,49.8943858379898
Q497Y9_C130050O18Rik,53.5476565316716
Q499A7_ppiaa,46.8949818395596
Q499X4_Vat1,55.620491095080155
Q499X7_Coro1c,50.4899791625256
Q499X9_Mars2,50.0167994542835
Q49HI2_tom-1,47.0651776458554
Q4A1S8_CELE_Y39E4A.3,41.0531076956165
Q4ACU6_Shank3,48.0613280115142
Q4FCQ7_Ate1,46.707015027028504
Q4FE56_Usp9x,47.358871617446596
Q4FJL0_Rab10,44.337375063715
Q4FJL9_Aif1,53.56927759204365
Q4FJM5_Rhob,48.34364330364615
Q4FJN2_Fkbp5,43.20806413804805
Q4FJN9_Fdps,46.0038935191118
Q4FJP7_Cd14,54.52008334434155
Q4FJQ0_Rab7,44.2902897631207
Q4FJQ4_Casp7,54.7748597043702
Q4FJQ6_Serpinb6a,50.4690373821244
Q4FJQ7_Prnp,63.4989026696155
Q4FJR0_Nudt4,46.053708003490556
Q4FJR4_Pdk3,48.752052460361654
Q4FJR7_Eif1a,48.09706919335875
Q4FJU3_Crip2,50.98597761058295
Q4FJV4_Anxa1,49.14279471932085
Q4FJW1_Atf3,55.6658941062287
Q4FJX1_Kpna4,53.86251865055
Q4FJX4_Csrp1,59.0648004226309
Q4FJY3_Tgoln1,63.1423866457918
Q4FJZ2_Kpna6,48.909439200528354
Q4FJZ6_Gclm,47.212885532789954
Q4FK14_Tram1,49.4327991435177
Q4FK22_Ergic1,52.076376928965146
Q4FK28_Ada,55.330266001118645
Q4FK29_Clec4e,48.99700979361905
Q4FK30_Scarb1,56.7635058610436
Q4FK36_Dstn,51.31540780589605
Q4FK49_Ppa1,49.2047112138685
Q4FK50_Tpst1,51.10318169708345
Q4FK57_Ero1l,49.7259224323456
Q4FK66_Prpf38a,48.0663861760002
Q4FZC9_Syne3,46.840644377297394
Q4FZE6_Rps7,47.01504050853595
Q4FZF3_Ddx49,50.07153391225355
Q4FZH2_Rpl26,48.9238615989978
Q4FZH7_Erh,53.6697548849136
Q4FZK2_Eef1g,47.77504545268545
Q4KL29_Clec4d,49.8162463512141
Q4KL39_Dusp12,52.1952822647405
Q4KL41_Tomm20,47.737307447442504
Q4KL82_Rfc2,46.41386702557405
Q4KML7_Ezr,49.36688922645975
Q4KMM3_Oxr1,51.5861392195795
Q4LDD4_Arap1,44.6677149841808
Q4LDG0_Slc27a5,42.7345291422017
Q4PIV5_CELE_T19E7.6,44.4205026798535
Q4PJ11_CELE_F09G8.10,47.5580866235582
Q4PJX1_Odr4,45.9352141991457
Q4QQK5_Glipr1,51.1350736642469
Q4QQL2_Ube2d3,46.838263237242245
Q4QQM5_Fam73a,45.4144371398965
Q4QQP1_Commd8,51.1562898470174
Q4QRH5_zgc:112302,57.1559119463869
Q4QRL3_Ccdc88b,46.982325838330496
Q4R111_clec-173,38.2978811118442
Q4R163_pudl-1,34.2559541671817
Q4R164_CELE_Y54G2A.48,50.1377269441946
Q4R165_CELE_Y54G2A.45,44.4485047327341
Q4TT88_pam-1,47.9564367164583
Q4TTA9_praf-3,46.6376976214528
Q4U4S6_Xirp2,55.9899796548057
Q4V3B8_SPPL3,50.1438533727411
Q4V3D9_SSL10,50.2732253594607
Q4V6M7_UFSP1,42.0755186551416
Q4V916_fdps,47.6339731906346
Q4V9R2_Mrgpre,52.7797380023717
Q4V9T8_Eif1,58.048286557584646
Q4V9V3_Elovl1,48.6131077689694
Q4V9W8_Rab4b,46.88529652677205
Q4V9X1_Wdr12,53.3734084494254
Q4VA29_2700060E02Rik,50.72072288190735
Q4VA32_Acot13,50.00462282359115
Q4VA89_snx6,46.7007431532594
Q4VAA9_Metap1,48.77973113778525
Q4VAB2_Gpn1,53.69559360369885
Q4VAE3_Tmem65,52.1488906040532
Q4VAE6_Rhoa,47.25913939794975
Q4VAF2_Rpl37a,54.02109384145605
Q4VAF7_Surf2,49.9122405420945
Q4VAG4_Rpl22,54.973858631681054
Q4VBD2_Tapt1,51.2705224472293
Q4VBE8_Wdr18,52.5492309326188
Q4VBG1_Ddx47,50.8248281054084
Q4VBJ3_dpp7,53.3854815662816
Q4VC33_Maea,49.62239375032165
Q4VNJ8_lin-65,34.1259407040165
Q4W4Z2_rad-8,40.2921313763135
Q4W503_CELE_W03G9.8,42.1307321219499
Q4W528_clec-218,47.589215806625
Q4W5Q8_adpr-1,37.8283893265619
Q4W5S9_CELE_Y49F6B.13,39.0179086014108
Q4W5T0_mrpl-39,31.9787864946893
Q4Z8K6_RanBPM,44.2372095406236
Q501J2_Fam173a,48.13665734009345
Q501J6_Ddx17,48.9655480201468
Q501J7_Phactr4,52.9478245810869
Q502K8_cnn3b,51.5785351675264
Q502P4_crp,62.1756188036473
Q503C7_pygma,48.9026369901138
Q503T8_zgc:110158,53.4846169072034
Q504D4_ela3l,60.7323400689161
Q504F5_capn2b,52.9895594556961
Q504M2_Pdp2,41.3024121524131
Q504P4_Hspa8,49.771812886265906
Q505A8_Rpl39,52.140682733312204
Q505B7_Zbtb8os,47.5067838319319
Q505D1_Ankrd28,48.4895127520585
Q505D7_Opa3,49.994350400188694
Q505F5_Lrrc47,57.347967334229
Q505L1_Actl6a,51.37610187979645
Q505Q3_Fuca2,50.771749621327444
Q50HX4_Rab14,44.80382961889805
Q52GX8_dct-17,53.5106418421146
Q52KC0_Ubr7,49.42946634693385
Q52KC3_Mcm5,46.90288999321585
Q52KI7_Lrpap1,60.8814598605579
Q52KI8_Srrm1,55.0144328631452
Q52KP0_Rpl38,47.619087063862
Q52KP1_Tmem50a,49.926951097031
Q52KR3_Prune2,49.289904638149295
Q52L50_Rap1b,43.63190312659255
Q52L79_Jun,54.6475613890756
Q52L87_Tuba1c,48.1014876202005
Q52L97_Kpna2,47.850382611230145
Q53WY0_Was,48.7224192359879
Q540D7_Akr1a1,47.82646690917015
Q541B1_Cxxc1,46.711216423339
Q541E2_Gss,52.573792112285204
Q541Z2_Fnta,48.4882417844536
Q541Z5_Ube2e1,48.8155198392058
Q542A1_Bcap29,54.35494945091175
Q542B0_Exosc4,54.6661445090855
Q542C3_Pcif1,47.8666859692134
Q542C8_Slc7a11,53.42408475648085
Q542D6_Sptlc2,49.18250044764295
Q542D9_Tfrc,54.173822990082954
Q542E4_Tm9sf2,47.656915488352055
Q542F1_Clic1,48.70888532415615
Q542F4_Mcm4,46.775728169637546
Q542G9_Anxa2,51.2584507682431
Q542H7_Fabp4,51.4008879506513
Q542I2_Mcm6,47.299595613917106
Q542I8_Itgb2,60.7212437489687
Q542I9_Psmc1,48.2082771400069
Q542J9_Pcna,53.49433383074495
Q542K0_Prkab1,50.587068451273254
Q542M2_Copz1,52.8109058772738
Q542M5_Lgals8,51.540153914025254
Q542P4_Mpp1,47.7565232279649
Q542P5_Cbr2,50.27571873804805
Q542P8_Emg1,48.37555228167545
Q542S9_Sntb2,47.995258075478745
Q542U3_Gtf2h4,48.99338450141245
Q542X7_Cct2,53.9854590802712
Q543B5_Map3k7,46.436085595105
Q543B9_Prep,44.39736512401695
Q543C2_Uck2,49.710632345060645
Q543E2_Slc25a15,55.0167367518661
Q543F1_Eftud2,57.20994987589995
Q543F6_Cdk5,48.7232804408424
Q543F8_Orc2,45.37664271584395
Q543H0_Srm,47.362069204850755
Q543J5_Serpinc1,52.116387176633
Q543K2_Ccs,50.24833423606905
Q543K5_Psat1,51.8623483149579
Q543K9_Pnp,60.373556187349905
Q543M3_Ctsl,50.12188039616755
Q543M7_Kpna3,50.755392821912054
Q543N3_Lasp1,58.6792824757743
Q543N5_Clic4,51.169505122579395
Q543N6_Ppp2r4,50.11926425180485
Q543P7_Arl3,50.34084022398005
Q543Q4_Rab3d,44.1151248542687
Q543T1_Ptgs1,49.59736378538055
Q543U0_,47.0155774181427
Q543W6_Chek2,44.9355413097173
Q543X5_Cnot7,50.6763232729062
Q543X6_Map2k4,46.46226575585246
Q543Y8_Tmem115,56.7583216939803
Q544A1_Wbp2,45.649684155016104
Q544B1_Aldh2,46.25325313482695
Q544B3_Fli1,47.378085113517
Q544C3_Stard3,48.892082486573
Q544D7_Slc27a1,44.6605550087248
Q544E3_Pip4k2a,50.740846852034
Q544F0_Mgat1,50.79357407300845
Q544F6_Cotl1,47.322786913912296
Q544G5_Dag1,60.2374130353255
Q544H0_Eif3g,51.6381658515031
Q544H8_Zbtb14,57.3277951179456
Q544I1_Ndrg3,47.79465673986725
Q544J7_Irf8,49.0220967414354
Q544K9_Umps,51.53394787445355
Q544L2_Tyms,47.8216705044222
Q544L9_Efnb1,51.2974016397048
Q544N9_Slc16a1,47.30939032779965
Q544Q7_Atp1b3,55.9939615885988
Q544R1_Prosc,51.991525833187
Q544R5_Tardbp,47.17562559954705
Q544R6_Ctsa,51.72913574244375
Q544R7_Hmox2,45.5493775978521
Q544R8_Trappc4,51.7740882178692
Q544R9_Hmgb3,54.5699213966601
Q544T4_St3gal1,48.18762262715885
Q544T5_Dhfr,46.3631733769638
Q544T7_Man1a,52.6892070459131
Q544U5_Entpd1,56.496388105654
Q544X6_Fech,53.29978444816695
Q544Z7_Apex1,45.74472508838265
Q545A2_Slc25a5,53.041136006369
Q545E6_Tsn,51.80961726722235
Q545E8_Dck,51.78461833059
Q545F0_Mif,58.1076486658449
Q545F5_Atp5e,56.8356099379473
Q545H3_Timm17b,54.2981778853677
Q545I6_Ctsz,50.2307007165767
Q545I9_S100a6,53.0109230982672
Q545K0_Ndufa1,48.899832968588
Q545K4_Eif6,62.436628752062205
Q545K5_Rbm3,56.4810566179832
Q545L1_Tspan3,52.9290718201252
Q545N8_Pmm2,49.563251254805394
Q545P3_Fdx1,52.3460794676691
Q545P6_Gnpat,51.1109374054719
Q545Q2_Surf4,51.45726235324405
Q545Q8_Pmm1,49.730687209903
Q545R0_Ctnna1,51.4992258813588
Q545R3_Ndrg1,50.89211923917895
Q545R9_Cks2,49.24424734306605
Q545S0_Tst,47.2067647442523
Q545S6_Elof1,52.7054091942805
Q545T0_Ctsk,45.84399774661265
Q545U2_Timm17a,54.74696214467105
Q545V3_Eno2,51.8438882220957
Q545V8_Csnk2a2,51.132749026511405
Q545W2_Polr1d,48.735970785260605
Q545X8_Rps4x,47.953366948707
Q546F8_Exosc8,57.628887662250605
Q546G4_Alb,45.0066080074752
Q546X9_Atxn3,47.212625682041704
Q547B4_Pold4,51.9666388701703
Q547B5_Spp1,54.6672363646049
Q547H1_Ripk2,50.043215765982
Q547N0_Brms1,47.57533271017215
Q548B0_Wbscr16,56.1433146832376
Q548F2_Gda,59.8190635341412
Q548J0_Tlr7,52.07832471146715
Q548L0_Zfp148,48.262005041816906
Q548T0_Stxbp2,48.08955092815265
Q548W7_Dbi,54.70137257992765
Q549D0_Cd63,45.4148666978498
Q549E3_Lilr4b,49.092000531574996
Q54AA6_Dgat1,60.23023913111
Q54AG5_Chkb,49.612672393095096
Q561M1_Acp1,53.1879684166858
Q561N4_Ube2l3,52.8857012317535
Q561N5_Rps18,47.0052435218551
Q564E2_Ldha,59.14855882867395
Q564E6_Ssb,51.54807505011515
Q564E8_Rpl4,48.88874681536185
Q564F3_Rps3a1,49.0342381430187
Q564F4_Cct4,53.7136075453167
Q564P6_Cdkn1a,49.118204946656405
Q564V6_CELE_K07A12.4,33.2364555345741
Q565C3_CELE_M153.4,37.5326039932514
Q566S4_ndufs3,48.4234366679779
Q566Y8_magoh,53.4489858083446
Q568N9_ppa1b,50.9819300347719
Q569Z5_Ddx46,47.4521179380615
Q569Z6_Thrap3,59.2877776447152
Q56A08_Gpkow,47.501597593087155
Q56A15_Cycs,51.37354858150955
Q56WD9_PED1,43.6501417085821
Q56WF8_SCPL48,48.7767615501533
Q56WH1_TUBA3,39.6670773087819
Q56WK6_PATL1,43.825813033571
Q56X76_RH39,45.8759811383392
Q56XQ0_At2g18630,42.3213234689958
Q56XR7_STR4A,39.4293760980399
Q56Y11_At5g58770,42.7752359767774
Q56Y85_MAP2B,48.574302741499
Q56YA5_AGT1,51.0229552291882
Q56YN8_SMC3,41.8441599519042
Q56YU0_ALDH2C4,55.1066439953447
Q56Z59_PATL3,45.9437032969666
Q56ZI2_PATL2,41.4738839242898
Q56ZQ3_VSR4,47.4616029120164
Q570B4_FDH,36.8652598705599
Q570C8_KAT5,43.9770926753332
Q570Y9_Deptor,46.0449790276953
Q571C7_Bdp1,49.5155856283367
Q571E4_Galns,50.899236694340004
Q571F8_Gls2,44.688776810984
Q571I9_Aldh16a1,57.7991428423382
Q57261_truD,50.89463982406125
Q58A65_Spag9,49.860899809694
Q58A95_lron-9,45.7689268678395
Q58AA4_rde-2,32.9226976267323
Q58AA9_rsf-1,33.7325175572846
Q58AU4_dgk-1,40.6759705544212
Q58DZ3_Rpl30,54.997093460214145
Q58DZ5_Mrps33,45.994804537094
Q58E35_Rplp1,51.4135377662808
Q58E38_Sphk2,46.32790627556995
Q58E49_Hdac1,48.126021643676154
Q58E59_Sf3a3,48.60379466863015
Q58E64_Eef1a1,47.55163168383535
Q58E65_Metap2,51.802818709659
Q58EA6_Rps25,51.2099585339533
Q58ET1_Rpl7a,58.818910355387146
Q58EU3_Rps2,49.7893643242526
Q58EU6_Rpl5,46.4747440074677
Q58EW0_Rpl18,51.43584249543915
Q59192_parE,42.3633182505136
Q59385_copA,54.5278451108072
Q599F6_CELE_Y53F4B.27,43.7920315315935
Q59E36_CoRest,46.1620014423539
Q59HN8_rapH,39.2562247533525
Q59J78_Ndufaf2,50.2121390825388
Q5BI42_CG16868,45.5254332794823
Q5BJ24_Zbtb7b,53.084691381921544
Q5BKQ4_Pnliprp1,60.1915485804966
Q5BKQ9_Psmd11,48.9850715677713
Q5BL18_Matr3,47.78387832964335
Q5BLJ0_acss1,54.7822541212991
Q5BLJ9_Rpl27,47.73114689492991
Q5BLK0_Rpl12,51.14574774444355
Q5BLK1_Rps6,47.1291221749979
Q5BLK2_Rps20,49.842417893429655
Q5CZ41_CELE_K08D8.4,42.428046941879
Q5CZT0_nxf1,50.1028555383144
Q5D1E7_Zc3h12a,49.979791557789454
Q5DQJ3_Capza2,55.056120915072796
Q5DTE8_epg-6,35.6641301033743
Q5DTM8_Rnf20,47.3776429995754
Q5DTZ3_Mkl2,45.91235042844529
Q5DU41_Lrrc8b,54.0346818078408
Q5DX34_glo-4,38.6059653284662
Q5DX36_C33F10.14,35.611538018517
Q5DX43_rgs-3,38.1777913664709
Q5EAT0_Srp9,58.20699889823525
Q5EBG6_Hspb6,49.3380784444595
Q5EBG8_,46.0685917730775
Q5EBH1_Rassf5,45.0590099953346
Q5EBK7_Rsl24d1,55.85463081682515
Q5EBP8_Hnrnpa1,56.03021633044765
Q5EBQ2_Pebp1,51.70485118090705
Q5EBQ6_Rpl9,43.358276384686945
Q5EE38_Acd,49.4726295715288
Q5EG47_Prkaa1,48.5004667881821
Q5F0G5_myoc,51.4304475406927
Q5F228_Slc36a1,46.9654338592805
Q5F239_Ube2g1,49.1255273573357
Q5F258_Git1,46.7079236436905
Q5F271_Plek,47.356975875012054
Q5F283_Plscr3,54.21884965913445
Q5F285_Tmem256,54.7468222271041
Q5F2A7_Eif4a1,49.680732954393
Q5F2D9_Arrb2,50.4044393581405
Q5F2E7_Nufip2,49.18829305904195
Q5F2E8_Taok1,53.275208149729
Q5F4U0_cdh-10,45.7758617694801
Q5FC37_CELE_D1086.12,50.4335789277911
Q5FC47_C55A6.12,36.1411858007043
Q5FW52_Mlip,57.7566681654126
Q5FW57_Gm4952,55.5381792935269
Q5FW94_Prim1,47.9058617510104
Q5FW97_EG433182,49.3216714307726
Q5FW98_Cox7b,58.7282291968242
Q5FWA0_Rnaset2b,47.28433621570315
Q5FWB7_Aldoa,57.238431345681704
Q5FWI3_Tmem2,55.0427779016273
Q5FWK3_Arhgap1,50.2249601185828
Q5FWX7_Osbpl9,45.628832020608996
Q5GM68_PPC2,47.4296882118154
Q5GMH2_Slc35c2,61.5617962737178
Q5H8C4_Vps13a,48.2787322042379
Q5HZ00_SPS3,44.0057695633619
Q5HZG4_Taf3,45.7981515677356
Q5HZH2_Tsr3,52.53847559408645
Q5HZH8_Mad2l1,50.45353080168025
Q5HZI6_Tsta3,52.386331430073156
Q5HZI8_Rfc5,46.00831668799995
Q5I012_Slc38a10,55.01729976862855
Q5I0U7_Tbca,53.871362912347706
Q5I0W0_Atp5f1,52.508705201555
Q5I0X8_Ctdsp1,48.1739303817333
Q5I2A0_Serpina3g,57.2369925895987
Q5KU03_Gsk3b,50.263460523026296
Q5KU39_Vps41,47.780643911868296
Q5LJP9_CG17486,41.0765230065601
Q5LJZ2_Set1,40.6351456562209
Q5M729_At1g54220,51.0688244309402
Q5M731_TH1,46.5071189112131
Q5M8N0_Cnrip1,52.2890587295599
Q5M8N4_Sdr39u1,43.9621837038728
Q5M8R8_Rplp0,50.723081148144644
Q5M9J2_Hint2,51.4693262296324
Q5M9J8_Rpl28,52.28305738989995
Q5M9K7_Rps10,45.4648588067338
Q5M9K9_Rpl31,51.672318988239894
Q5M9L0_Eif3h,53.5323799980721
Q5M9L7_Rps17,49.8055854815045
Q5M9M0_Rpl13a,48.30561138476895
Q5M9N8_Rpl7,47.910459616240445
Q5M9P1_Rpl36a,53.734825722122
Q5M9P5_Ndufs8,49.19544569186305
Q5MJS3_Fam20c,51.47421557758595
Q5NBZ3_Drg1,50.794491999898554
Q5NC05_Ttf2,46.83815714361825
Q5NC81_Nme1,53.2734136666066
Q5NCF2_Trappc1,54.1562718066613
Q5NCJ9_Uqcr10,59.7430688853849
Q5NCQ5_Dph1,53.38609817525585
Q5NCS9_Mief2,45.1387399177002
Q5ND29_Rilp,50.2814548145071
Q5ND42_Pitpna,51.57538187326465
Q5ND43_Inpp5k,49.7108250542602
Q5ND52_Mrm3,49.482589127100496
Q5NTY0_Dnaja1,52.42093718960175
Q5PNU3_AMSH3,48.5623596385645
Q5PP37_ATXR2,45.3285896476549
Q5PPR2_Exoc1,45.7979998398367
Q5PR72_Pde2a,46.97520416085895
Q5PR98_ndrg2,43.4548499432339
Q5PRE5_Proser1,43.233837320230606
Q5PRF0_Heatr5a,48.281364800217546
Q5PT54_Slc10a5,52.8726597990364
Q5RIM6_Ncor1,51.59117502121275
Q5RIU1_Fam64a,52.333097674125
Q5RJG7_Ispd,48.9607282399809
Q5RJH6_Smg7,45.2718656472922
Q5RKN9_Capza1,55.326193549902854
Q5RKZ7_Mocs1,48.8047493176773
Q5RZ65_agr2,49.8897768569356
Q5S1W2_BON2,42.9266174916178
Q5SFM8_Rbm27,49.078800855604456
Q5SNX7_galc,55.9440192801008
Q5SNZ0_Ccdc88a,45.3161756021011
Q5SPX8_Tbc1d10a,45.27496290193155
Q5SQ20_Pes1,50.00713009816635
Q5SQF9_Galnt10,47.2922391055969
Q5SRY7_Fbxw11,45.5289336724931
Q5SS40_Ywhae,55.491618009616104
Q5SS80_Dhrs13,45.5465842273502
Q5SS83_Flot2,53.423230081718145
Q5SSH8_Cyb5d2,47.2062961932684
Q5SSJ1_Wfdc17,62.7698374855211
Q5SSK3_Tefm,44.99489942598615
Q5SSW2_Psme4,48.1200321024285
Q5SSZ5_Tns3,45.91115931396965
Q5SU71_Trim25,46.5354450959559
Q5SUA5_Myo1g,45.59011994103105
Q5SUC3_Canx,47.1157450919214
Q5SUD5_Sco1,52.9875540733142
Q5SUE8_Ankrd40,38.424314464317
Q5SUF2_Luc7l3,51.6932145137423
Q5SUH5_Lsm11,56.16658830726985
Q5SUH7_Clint1,51.7977131515748
Q5SUR0_Pfas,47.5210812675496
Q5SUS9_Ewsr1,57.39850312408935
Q5SV02_Rad50,47.20246024435505
Q5SV41_Pctp,56.1559585670394
Q5SVF7_Nipsnap1,52.9565681396402
Q5SVG5_Ap1b1,50.6519942097585
Q5SVP3_PSME2b,50.69560813085115
Q5SVQ0_Kat7,47.9451287277643
Q5SVR0_Tbc1d9b,48.0903304060635
Q5SVR5_Rnf130,52.990094534002
Q5SVT1_Trim16,48.8999933044069
Q5SVX3_Ddx56,46.717715644950346
Q5SVY2_Ppia,50.8223217248513
Q5SW15_Mettl16,49.82774694371375
Q5SW19_Cluh,51.2898312821625
Q5SW83_Actr2,55.438666178266104
Q5SWD9_Tsr1,46.48529211371605
Q5SWN2_Rpa1,47.5700509698905
Q5SWQ8_Pex12,53.2563912480215
Q5SWU0_Ikzf1,47.374298908439854
Q5SWU9_Acaca,46.1737427429866
Q5SWW4_Med13,53.5562308841779
Q5SWZ0_Prpsap2,55.21922877860955
Q5SX19_Pigl,51.5034037589091
Q5SX53_Slc25a11,52.4504385035469
Q5SXA5_Tom1l2,48.87673566592515
Q5SXA9_Wwc1,47.1660386212371
Q5SXG1_Mink1,46.552401871838796
Q5SXI5_Znf496,53.4594939093089
Q5SXR6_Cltc,50.0385212446902
Q5SYD0_Myo1d,47.64519063167015
Q5SYL3_Kiaa0100,47.59723760199475
Q5TKA3_acs-1,33.5539893443232
Q5TYQ3_coa7,53.1616484541536
Q5U3F0_rsu1,60.6842099547999
Q5U3K5_Rabl6,50.52628136056605
Q5U3L0_Sh3bp2,45.605509363680056
Q5U3M8_gsto2,47.9880748387374
Q5U3P3_snrpa1,50.9422675032191
Q5U458_Dnajc11,50.8564954553247
Q5U4C3_Scaf1,51.0788908703785
Q5U4D8_Slc5a6,53.2388475057344
Q5U4D9_Thoc6,54.4413606022168
Q5U4F6_Wdr34,57.6414867097856
Q5U5I3_Mrps18a,47.698587816556795
Q5U5M8_Bloc1s3,50.745450823681196
Q5U5V2_Hykk,48.8162529733524
Q5UAK0_Mier1,56.49357809204845
Q5UE59_Klc1,47.54136772319505
Q5VKT6_,41.8165358791617
Q5WRN3_M142.8,47.3317006228214
Q5WRQ0_CELE_T14G8.3,40.6235392766398
Q5WRR4_trpp-12,41.0892363423638
Q5XF06_TIM44-2,44.6073646708099
Q5XF75_EFTS,42.7454595228206
Q5XF82_JAL11,45.0495364627892
Q5XF89_Atp13a3,53.370982341800996
Q5XIZ6_gpd1l,46.9869000193181
Q5XJD4_ctsz,51.3186095833549
Q5XJE5_Leo1,54.8717459493761
Q5XJF6_Rpl10a,50.4238694613793
Q5XJV5_Ncoa6,46.6963260236326
Q5XJY4_Parl,51.7407705085432
Q5XJY5_Arcn1,52.2011977681636
Q5XKN4_Jagn1,53.2622419227214
Q5XTN0_crygmx,53.3658357548507
Q5Y5T1_Zdhhc20,50.405104537732
Q5Y5T2_Zdhhc18,54.067426781585496
Q5YD48_A1cf,43.7111180776829
Q5YDB6_CPL1,48.2220843818364
Q5YLW3_Rps3,44.0322633251934
Q5ZR75_CELE_T15B7.1,41.8030992628517
Q5ZR76_gdpgp1,39.6160742761082
Q60050_proB,80.42509244924915
Q60520_Sin3a,48.6500654358136
Q60575_Kif1b,47.474706884843854
Q60591_Nfatc2,45.31419719016205
Q60596_Xrcc1,46.7029941755528
Q60597_Ogdh,45.6588366720841
Q60631_Grb2,51.2117892015208
Q60634_Flot2,46.8364193717603
Q60649_Clpb,49.0021659044714
Q60664_Lrmp,49.5613825998238
Q60675_Lama2,56.991217514112
Q60676_Ppp5c,57.4317428759953
Q60709_Aplp2,53.368071127524146
Q60710_Samhd1,59.5779865553734
Q60715_P4ha1,49.25768797289585
Q60737_Csnk2a1,53.3699425231185
Q60739_Bag1,61.8092706357207
Q60749_Khdrbs1,48.01095369553895
Q60759_Gcdh,54.0064978241444
Q60766_Irgm1,43.310500408623
Q60770_Stxbp3,48.214130120901
Q60772_Cdkn2c,55.0766433162031
Q60790_Rasa3,44.90166989104375
Q60823_Akt2,52.3633472798246
Q60848_Hells,45.27677582344825
Q60854_Serpinb6,55.6605926926798
Q60855_Ripk1,47.4923580845093
Q60864_Stip1,52.91391254233265
Q60865_Caprin1,54.501461209640155
Q60866_Pter,60.8272069674038
Q60872_Eif1a,53.4187225277622
Q60875_Arhgef2,64.1316781471846
Q60876_Eif4ebp1,49.583370697847755
Q60902_Eps15l1,45.3607736333824
Q60929_Mef2a,52.5430676936646
Q60930_Vdac2,52.9143386721136
Q60932_Vdac1,62.8286440769352
Q60936_Adck3,52.532997713771
Q60943_Il17ra,53.18747429933249
Q60949_Tbc1d1,64.4310181931981
Q60953_Pml,52.0200789761703
Q60960_Kpna1,46.41002335311635
Q60967_Papss1,52.1416387920436
Q60969_Styx,46.2371631114434
Q60972_Rbbp4,58.7033946571241
Q60973_Rbbp7,54.15729743589015
Q60989_Xiap,56.7405229423659
Q60991_Cyp7b1,50.1881430523441
Q60992_Vav2,48.4841330129647
Q60996_Ppp2r5c,48.93519117926865
Q60F71_clec-80,48.9347160273045
Q60FD1_Tmem258,54.3156884011215
Q61024_Asns,48.5016135759215
Q61033_Tmpo,56.76613662093145
Q61035_Hars,46.8106032746247
Q61070_Ei24,52.6411847445633
Q61074_Ppm1g,44.389957537028195
Q61081_Cdc37,52.9598265354875
Q61083_Map3k2,46.7305387075541
Q61090_Fzd7,51.4159832635616
Q61093_Cybb,45.5357216506858
Q61102_Abcb7,47.2664712774374
Q61103_Dpf2,51.6808447271675
Q61107_Gbp4,53.01887901464125
Q61112_Sdf4,51.2677744386626
Q61122_Nab1,44.9855761886999
Q61127_Nab2,44.44959045043305
Q61133_Gstt2,58.0633388655992
Q61136_Prpf4b,51.4445198872056
Q61151_Ppp2r5e,48.2221410633233
Q61160_Fadd,53.04487987801915
Q61164_Ctcf,48.8717822501247
Q61166_Mapre1,51.3528941238677
Q61171_Prdx2,52.338580075017305
Q61176_Arg1,53.0365879891461
Q61187_Tsg101,50.5020516961745
Q61188_Ezh2,46.971070605972656
Q61191_Hcfc1,52.6523624576149
Q61205_Pafah1b3,47.432995534588
Q61206_Pafah1b2,47.370271585777104
Q61210_Arhgef1,45.1342105793743
Q61211_Eif2d,45.6128899983164
Q61216_Mre11a,50.918960229527656
Q61233_Lcp1,50.9747906621027
Q61234_Snta1,44.9384446277332
Q61239_Fnta,54.1446421712661
Q61247_Serpinf2,58.9854581418344
Q61249_Igbp1,49.5790092394781
Q61263_Soat1,51.298553908454494
Q61316_Hspa4,50.6583092061567
Q61335_Bcap31,55.70669166751445
Q61337_Bad,54.747265387369
Q61387_Cox7a2l,54.1480677832632
Q61390_Cct6b,54.7028772702969
Q61391_Mme,53.863633762149
Q61411_Hras,47.7502282029691
Q61419_Cmah,51.7137062191041
Q61425_Hadh,50.4904033650722
Q61462_Cyba,47.47476874366775
Q61466_Smarcd1,49.63511094183555
Q61503_Nt5e,61.1386023840038
Q61510_Trim25,48.0429851234102
Q61550_Rad21,53.1872597460417
Q61553_Fscn1,51.3376912215964
Q61559_Fcgrt,55.541713565386345
Q61576_Fkbp10,55.4357676928094
Q61578_Fdxr,48.6841620740507
Q61584_Fxr1,47.440840324010296
Q61585_G0s2,44.0385010799932
Q61586_Gpam,49.4565312638521
Q61598_Gdi2,50.6488104813972
Q61599_Arhgdib,54.6481111374689
Q61609_Slc20a1,53.9363854679079
Q61635_Ifi47,51.35481847697625
Q61647_Has1,53.8883212511365
Q61655_Ddx19a,47.9156589927534
Q61656_Ddx5,44.0862795427262
Q61666_Hira,50.4021007548821
Q61687_Atrx,52.4164260907386
Q61694_Hsd3b5,41.2385738047687
Q61696_Hspa1a,49.2436591870998
Q61699_Hsph1,48.0926638452334
Q61702_Itih1,54.5864627869994
Q61703_Itih2,57.5489826400412
Q61704_Itih3,53.7622832387847
Q61712_Dnajc1,50.945121724501
Q61730_Il1rap,49.116459018883404
Q61733_Mrps31,47.951432500414
Q61739_Itga6,57.3469915141753
Q61749_Eif2b4,46.6472543528253
Q61753_Phgdh,52.1883403523938
Q61768_Kif5b,45.9757556462568
Q61805_Lbp,56.7013016964973
Q61818_Rai1,50.5698236006432
Q61823_Pdcd4,42.3816032934558
Q61830_Mrc1,50.4499472348735
Q61838_Pzp,64.7329600762717
Q61846_Melk,66.6179580955778
Q61879_Myh10,46.1041434102471
Q61941_Nnt,50.8746537559803
Q61990_Pcbp2,47.0898550949863
Q62018_Ctr9,49.0615869205106
Q62029_Pabpc2,46.2207807091819
Q62048_Pea15,45.7741749874432
Q62074_Prkci,45.5692083892678
Q62077_Plcg1,50.8982677707434
Q62086_Pon2,47.3840453323462
Q62087_Pon3,50.1335449655261
Q62095_Ddx3y,43.3828054336357
Q62159_Rhoc,45.7081996928818
Q62167_Ddx3x,41.5959227951998
Q62172_Ralbp1,44.0062094638512
Q62179_Sema4b,57.4425397666751
Q62186_Ssr4,43.9760200110392
Q62188_Dpysl3,60.3790162728234
Q62189_Snrpa,53.16725878050085
Q62192_Cd180,53.4874127965873
Q62203_Sf3a2,49.4934306040721
Q62219_Tgfb1i1,48.8320108335058
Q62230_Siglec1,56.7214931545504
Q62245_Sos1,46.9661465464843
Q62261_Sptbn1,53.2329726144766
Q62264_Thrsp,54.2589301728177
Q62273_Slc26a2,47.7110265790194
Q62318_Trim28,46.6199488723264
Q62376_Snrnp70,51.5822977955503
Q62383_Supt6h,48.5740524842625
Q62384_Zpr1,51.0257063067922
Q62388_Atm,51.7601803788404
Q62392_Phlda1,47.5517920437347
Q62418_Dbnl,48.7061421635666
Q62419_Sh3gl1,42.3730984715142
Q62422_Ostf1,49.6871514232928
Q62425_Ndufa4,50.4256270496462
Q62426_Cstb,49.61132692289745
Q62433_Ndrg1,48.4107435393274
Q62448_Eif4g2,40.3066773937754
Q62452_Ugt1a9,46.9268817099624
Q62465_Vat1,50.9309854602658
Q62481_Vps72,55.8681109564328
Q62504_Spen,50.915389621439246
Q63810_Ppp3r1,49.71867352125345
Q63829_Commd3,48.2224524255334
Q63844_Mapk3,48.3655589619341
Q63880_Ces3a,53.7952987063733
Q63886_Ugt1a1,45.4526599281197
Q63932_Map2k2,45.8493542626874
Q63934_Pou4f2,58.7494019256762
Q63961_Eng,60.3313835753922
Q63994_Cd33,54.218134826685954
Q64010_Crk,50.3553111531368
Q64012_Raly,54.9244896899464
Q640M1_Utp14a,54.16344903898755
Q640M6_Gdpd5,54.76640942810245
Q64105_Spr,46.1200910371709
Q64133_Maoa,54.5924458879153
Q64176_Ces1e,60.8511258750029
Q641P0_Actr3b,55.4767584952757
Q64261_Cdk6,57.6020770379561
Q64281_Lilrb4,46.7033268886871
Q64282_Ifit1,48.693554193006946
Q64324_Stxbp2,46.3619632495391
Q64337_Sqstm1,52.2500944478457
Q64339_Isg15,59.1682019921706
Q64378_Fkbp5,43.4825241175926
Q64435_Ugt1a6,41.8193268025601
Q64442_Sord,52.5907374425794
Q64459_Cyp3a11,45.8606749626356
Q64462_Cyp4b1,48.1014000290906
Q64464_Cyp3a13,47.9358360601068
Q64471_Gstt1,50.2660651895721
Q64487_Ptprd,49.2383513352698
Q64505_Cyp7a1,45.087985160665
Q64511_Top2b,48.9075119117026
Q64514_Tpp2,51.1411260220647
Q64519_Sdc3,45.299546001384755
Q64520_Guk1,45.3946778346334
Q64521_Gpd2,53.5996367770326
Q64669_Nqo1,56.9204542988004
Q64674_Srm,54.2911001128473
Q64685_St6gal1,47.55586127537765
Q64701_Rbl1,45.7463036985781
Q64704_Stx3,54.37472940056715
Q64726_Azgp1,61.6736003244722
Q64727_Vcl,54.6396095755299
Q64735_Cr1l,49.08845769159
Q64737_Gart,49.3756305378468
Q64FW2_Retsat,47.0190585644197
Q65XX2_Y54E10A.11,38.2928138039477
Q65ZB8_acs-19,40.1574603044762
Q65ZH5_egal-1,39.2602130474153
Q65ZI9_asns-2,39.8744274638982
Q66GI2_DIR22,42.1444483187946
Q66GP0_At5g67385,39.5692302554034
Q66GQ2_At5g41620,68.0940399600201
Q66GT5_Ptpmt1,48.3137419375527
Q66HW9_ctrl,62.3073836113788
Q66L63_tgm2a,53.6556409605456
Q67Y83_SCPL51,49.2732003343394
Q67Y99_CLPF,42.8385957989428
Q67YI9_EPSIN2,47.4166300877164
Q680A5_PRS4,58.5201510793354
Q680K2_At4g39970,45.0921201289962
Q681Y3_At1g60990,42.0365571222262
Q682S0_RPT2,41.058819115773
Q682T9_CAM5,45.415706838507
Q682V0_XRCC4,48.6651419194373
Q688B0_CELE_M70.4,41.0622446329711
Q688C0_mrps-24,39.7435800419048
Q689Z5_Sbno1,47.3107450809959
Q68ED2_Grm7,45.2918194714732
Q68FD5_Cltc,48.4752901837691
Q68FD7_Fnip1,48.6830676331784
Q68FF6_Git1,57.6741054035322
Q68FG3_Spty2d1,49.6540172249478
Q68FH4_Galk2,44.927103836833
Q68FL4_Ahcyl2,56.8746028872103
Q68FL6_Mars,43.0433598068174
Q68KI4_NHX1,43.4949203164999
Q69Z13_CELE_K08E3.5,43.2123916394419
Q69Z38_Peak1,49.0021174296117
Q69Z69_Esco1,57.3950488458634
Q69ZA1_Cdk13,52.581016850997145
Q69ZF3_Gba2,55.3311882150476
Q69ZK0_Prex1,45.47578556930345
Q69ZN6_Gnptab,52.8353639251129
Q69ZN7_Myof,47.60270305115775
Q69ZQ1_Kiaa1161,60.5741127627494
Q69ZR2_Hectd1,48.3364379931796
Q69ZR9_Fam208a,51.922861632547
Q69ZS7_Hbs1l,46.5016305252798
Q69ZW3_Ehbp1,44.2683906427152
Q69ZX6_Morc2a,48.539445160992344
Q6A028_Swap70,51.6051373543888
Q6A099_Gbf1,48.6397033747375
Q6A0A2_Larp4b,45.958724095505104
Q6A0A9_FAM120A,51.59351349696885
Q6A0D1_Emc2,52.572483863691
Q6A0D4_Rftn1,51.580126941375255
Q6A1T5_CELE_F10G8.9,42.3442151435223
Q6A3Q2_cel-1,32.9745962143919
Q6A4J8_Usp7,44.0749059888847
Q6A576_CELE_T06A4.3,46.2873523375512
Q6A8K1_act-4,50.0818388042825
Q6AHN9_CELE_F33G12.6,40.35972164557
Q6AHP8_fis-2,50.4511679665949
Q6AHQ9_C01C10.2,49.4868318999686
Q6AW09_CELE_Y47G6A.19,46.3418580655955
Q6AW19_CELE_Y110A7A.9,44.5213867153034
Q6AWG9_CG5098,44.1051422391662
Q6AWN0_Adi1,45.3366225318915
Q6BEV4_ufd-2,41.851898965875
Q6BEV8_CELE_R74.8,37.9343656643654
Q6BF16_dgoA,54.3634881396776
Q6DBY1_me2,53.8401162180568
Q6DFV1_Ncapg2,49.95620085495685
Q6DFW0_,55.9934167139998
Q6DFW4_Nop58,54.9995749271844
Q6DFW5_Atp11b,51.2165079576518
Q6DG52_Churc1,50.3922183541017
Q6DG54_pkmb,51.3100444615608
Q6DGX4_gcshb,52.729235180187
Q6DH12_crygm2d13,53.7376614543436
Q6DHA4_si:ch211-271b14.1,49.1080640774773
Q6DHD9_zgc:112160,53.5868892257433
Q6DHK5_gsto1,52.0997773444636
Q6DI36_rab15,48.7118753753669
Q6DI69_Rfx5,46.055510752544905
Q6DI86_Fastkd1,44.6844418829741
Q6DID3_Scaf8,47.09539181610255
Q6DID7_Wls,51.3399221671913
Q6DRG6_cpsf3,51.2658957476345
Q6DRI2_cltca,55.7611675781863
Q6DRJ2_qars,57.3797147056469
Q6DRL7_clint1a,51.7454252626506
Q6DTY7_Pfkfb4,49.3378588894411
Q6DVA0_Lemd2,47.83904483203755
Q6EUT3_hpo-13,45.0825789453147
Q6EVK6_BRM,44.1665882652558
Q6EZG4_glrx-3,40.6619356895456
Q6EZG8_CELE_ZK6.11,51.0508260856123
Q6F4J1_Tubg1,50.136918294821655
Q6GQT9_Nomo1,48.3511523448834
Q6GYP7_Ralgapa1,50.299546203483004
Q6ICX4_At1g43190,36.6576058198644
Q6IDD9_Ect4,43.5139507847753
Q6IEE6_Tmem132e,64.1346144384581
Q6IQA5_ddx39aa,46.3713232761355
Q6IQE5_asna1,51.8725228248467
Q6IQG7_psmd12,49.4251741631313
Q6IQQ7_lum,46.5926648342329
Q6IVM1_rbp2b,50.4418907139781
Q6J5K9_armi,41.3889680322837
Q6KCD5_Nipbl,47.80541597547545
Q6KYU0_PTO1527,79.5657047481295
Q6KYU3_rps3ae,76.8476496242938
Q6KYU4_PTO1523,66.9440007866985
Q6KYU6_PTO1521,72.3363345529504
Q6KYU7_PTO1520,71.4557443135233
Q6KYU8_PTO1519,66.2401207895979
Q6KYV1_ftsY,71.5205928717996
Q6KYV3_pgk,72.4457651518026
Q6KYV9_PTO1508,68.9011425253597
Q6KYW0_PTO1507,69.2364545206897
Q6KYW1_PTO1506,71.2028125221554
Q6KYW2_PTO1505,80.4633923014206
Q6KYW3_PTO1504,72.6952398388427
Q6KYW4_PTO1503,73.1704952996818
Q6KYW5_PTO1502,66.0538879752864
Q6KYW8_PTO1499,71.3140282427902
Q6KYW9_PTO1498,80.9115999216973
Q6KYX0_PTO1497,71.3630979552215
Q6KYX2_PTO1495,71.9978380579319
Q6KYX4_PTO1493,63.9761801147267
Q6KYX5_PTO1492,74.1775013438179
Q6KYX8_PTO1489,74.7195867773398
Q6KYX9_PTO1488,70.7181223844339
Q6KYY0_PTO1487,67.6061613971837
Q6KYY1_PTO1486,68.7221422554557
Q6KYY2_PTO1485,70.1046286332155
Q6KYY3_PTO1484,75.3311246432384
Q6KYY6_PTO1481,87.9565804386642
Q6KYY8_PTO1479,67.6945020254609
Q6KYZ2_purK,76.5523229852954
Q6KYZ3_purE,83.3647460687271
Q6KYZ7_PTO1470,70.8297567156412
Q6KZ07_PTO1460,83.5670608147368
Q6KZ08_PTO1459,69.6991164482545
Q6KZ09_PTO1458,67.0639983130433
Q6KZ11_surE,67.512226876407
Q6KZ13_PTO1454,66.6072982573105
Q6KZ14_PTO1453,74.711466618176
Q6KZ15_PTO1452,80.0665958564363
Q6KZ16_PTO1451,67.1040102853475
Q6KZ17_PTO1450,67.8454776439559
Q6KZ18_PTO1449,71.7732315338684
Q6KZ20_PTO1447,66.8424400216248
Q6KZ21_PTO1446,89.7293421883672
Q6KZ22_PTO1445,63.7686055485059
Q6KZ23_pyrH,67.818796685293
Q6KZ24_prf1,71.6036761365696
Q6KZ25_gck,71.4608926894775
Q6KZ29_PTO1438,68.7082449447758
Q6KZ30_ilvD,77.101401724468
Q6KZ32_PTO1435,67.7682401305039
Q6KZ33_PTO1434,77.1457876775572
Q6KZ34_PTO1433,70.4413604432569
Q6KZ35_PTO1432,67.6331253548932
Q6KZ37_PTO1430,81.602108967876
Q6KZ39_PTO1428,68.2709366976313
Q6KZ40_PTO1427,75.9524264026761
Q6KZ42_PTO1425,72.0930703794726
Q6KZ44_PTO1423,86.684663323962
Q6KZ45_PTO1422,69.3181405429348
Q6KZ47_PTO1420,73.1003567397192
Q6KZ48_PTO1419,77.4311638697698
Q6KZ49_PTO1418,77.6594028943264
Q6KZ50_PTO1417,79.7899093150256
Q6KZ51_proC,74.7353223280367
Q6KZ52_PTO1415,71.6334419237235
Q6KZ53_PTO1414,62.3157439216646
Q6KZ54_hemE,80.8287411383979
Q6KZ55_PTO1412,79.7809623580494
Q6KZ56_PTO1411,80.7630419085738
Q6KZ58_PTO1409,75.8227834980868
Q6KZ62_PTO1405,66.6322935018287
Q6KZ63_PTO1404,68.688679361345
Q6KZ64_PTO1403,67.6301070418007
Q6KZ65_PTO1402,69.5404386322639
Q6KZ66_PTO1401,68.1250440179317
Q6KZ68_PTO1399,68.5534239708449
Q6KZ69_gatE,71.8754773046457
Q6KZ70_PTO1397,74.7766543361484
Q6KZ71_PTO1396,68.3355392052587
Q6KZ78_PTO1389,75.2958047673411
Q6KZ82_PTO1385,70.5442271961054
Q6KZ83_PTO1384,68.8091508087669
Q6KZ84_PTO1383,66.1184008706378
Q6KZ86_PTO1381,78.946947944864
Q6KZ87_hel308,70.9516427534004
Q6KZ88_PTO1379,66.4836673060188
Q6KZ95_PTO1372,69.6094252458948
Q6KZ96_PTO1371,79.1837565752335
Q6KZ97_PTO1370,77.814768630012
Q6KZ98_PTO1369,73.9749674121776
Q6KZA0_PTO1367,78.4197903149999
Q6KZA2_PTO1365,70.063433414835
Q6KZA3_proS,68.4255656441269
Q6KZA4_PTO1363,75.2420500740512
Q6KZA6_PTO1361,67.1032526744293
Q6KZA7_PTO1360,64.8491612900878
Q6KZB0_PTO1357,65.1620293786876
Q6KZB1_PTO1356,64.4887151012043
Q6KZB3_ppa,72.2083950399517
Q6KZB4_purC,69.4345219414554
Q6KZB5_PTO1352,68.61994349128
Q6KZB9_PTO1348,73.7979360911252
Q6KZC4_PTO1343,65.9938555225886
Q6KZC5_guaAA,66.236964548374
Q6KZC6_PTO1341,74.5646710756727
Q6KZC8_PTO1339,75.6956505263059
Q6KZC9_tfb,64.9149599192069
Q6KZD1_hisD,72.3337007007706
Q6KZD2_PTO1335,80.0399800623247
Q6KZD3_hisH,71.0884729622101
Q6KZD4_PTO1333,72.6253565433539
Q6KZD7_PTO1330,66.9999674848089
Q6KZD8_PTO1329,66.8738073901974
Q6KZD9_PTO1328,67.6949014142356
Q6KZE2_PTO1325,68.4082774898239
Q6KZE3_PTO1324,67.0223842559179
Q6KZE5_PTO1322,68.5256801733929
Q6KZE6_PTO1321,70.2687358963495
Q6KZE7_PTO1320,71.1200571721877
Q6KZE9_PTO1318,72.0594768033623
Q6KZF0_PTO1317,80.6710680900591
Q6KZF1_pcn,74.8742903274213
Q6KZF2_PTO1315,79.761991757832
Q6KZF6_PTO1311,78.1659299062346
Q6KZF9_queC,64.3084960771593
Q6KZH0_PTO1297,80.4789885285493
Q6KZH1_PTO1296,63.6596920163283
Q6KZH2_PTO1295,71.0017872287461
Q6KZH3_PTO1294,79.0139242501795
Q6KZH5_PTO1292,72.1336970935132
Q6KZH6_PTO1291,70.7522200048678
Q6KZH7_PTO1290,68.4726044051737
Q6KZH8_PTO1289,68.9427641879923
Q6KZH9_thiE,68.562848371872
Q6KZI0_PTO1287,68.7113279841166
Q6KZI3_infB,68.0119024480563
Q6KZI4_ndk,76.4174980481516
Q6KZI5_rpl24e,78.2074157953433
Q6KZI6_rps28e,88.0724122576015
Q6KZI8_PTO1279,75.5047667041907
Q6KZJ0_PTO1277,71.8284753989621
Q6KZJ1_PTO1276,67.7457172173737
Q6KZJ2_PTO1275,77.2618658160648
Q6KZJ4_rnz,76.3525720156709
Q6KZJ5_PTO1272,70.7937965370745
Q6KZJ6_apgM,77.0327752713687
Q6KZJ7_PTO1270,68.9039262417898
Q6KZK1_PTO1266,67.4544220047072
Q6KZK2_PTO1265,68.8391217754272
Q6KZK5_PTO1262,85.330934697522
Q6KZK6_PTO1261,72.2453402358434
Q6KZK7_lipB2,72.6083605488864
Q6KZK8_PTO1259,74.6509190205214
Q6KZK9_PTO1258,80.9197754882137
Q6KZL5_dys,74.975973619793
Q6KZL8_PTO1249,77.3059671897851
Q6KZL9_PTO1248,72.3075709234087
Q6KZM2_PTO1245,63.4890060216474
Q6KZM3_fhs,72.2116395810439
Q6KZM4_PTO1243,69.694660663365
Q6KZM5_PTO1242,73.7311050400896
Q6KZM6_PTO1241,65.0993466547488
Q6KZM7_PTO1240,76.4959460555838
Q6KZM8_PTO1239,76.7052750451254
Q6KZM9_PTO1238,74.0171487053486
Q6KZN0_PTO1237,64.643095914588
Q6KZN1_PTO1236,68.5705214429678
Q6KZN2_PTO1235,72.7732121521852
Q6KZN3_eno,73.9838233850938
Q6KZN4_PTO1233,82.2268680334695
Q6KZN5_serS,67.4367212366633
Q6KZN6_PTO1231,71.8963878612691
Q6KZN7_PTO1230,64.2992485065839
Q6KZN9_PTO1228,78.6569570496959
Q6KZP0_PTO1227,68.9140257896015
Q6KZP1_PTO1226,80.1280372151922
Q6KZP2_PTO1225,72.5292125750653
Q6KZP3_PTO1224,65.8304133656031
Q6KZP5_rpoD,73.2166907888756
Q6KZP6_rps11,70.3664673402858
Q6KZP7_rps4,63.7838272289067
Q6KZP9_PTO1218,78.484715424621
Q6KZQ0_PTO1217,65.3651046985742
Q6KZQ1_PTO1216,76.777250250847
Q6KZQ2_PTO1215,82.1431255825428
Q6KZQ3_aspS,68.6585115771541
Q6KZQ4_PTO1213,67.1605295329125
Q6KZQ5_flpA,71.8291414337618
Q6KZQ6_PTO1211,89.7111291572258
Q6KZQ7_PTO1210,69.0133197521624
Q6KZR2_purL,62.6052506745516
Q6KZR3_purS,78.8935361631117
Q6KZR5_PTO1202,69.4972425282648
Q6KZR6_PTO1201,68.7068086615483
Q6KZR7_albA,78.3554503337984
Q6KZR8_PTO1199,64.6644890196429
Q6KZR9_PTO1198,64.5251717325888
Q6KZS1_taw1,67.7553935108321
Q6KZS2_PTO1195,70.6780475854927
Q6KZS3_PTO1194,75.1002874164433
Q6KZS5_pdaD,80.5743444023847
Q6KZS6_PTO1191,74.566417611074
Q6KZS8_PTO1189,68.6334031323281
Q6KZS9_PTO1188,79.1705546457415
Q6KZT0_PTO1187,81.7005154631816
Q6KZT1_PTO1186,63.1149584781257
Q6KZT2_PTO1185,75.5242565630869
Q6KZT5_PTO1182,71.8414320574744
Q6KZT6_PTO1181,75.0634876828964
Q6KZT9_PTO1178,65.2917927596091
Q6KZU0_PTO1177,70.281551084142
Q6KZU1_PTO1176,65.8667308155419
Q6KZU2_PTO1175,69.9342105636468
Q6KZU6_PTO1171,71.5890001673832
Q6KZU7_PTO1170,73.2478409466969
Q6KZV1_PTO1166,74.9039486031264
Q6KZV6_PTO1161,66.4241810998642
Q6KZV7_PTO1160,76.3790770161047
Q6KZV8_PTO1159,77.2441059845311
Q6KZW1_PTO1156,74.1402599546115
Q6KZW2_dbh,71.6615934291768
Q6KZW3_PTO1154,72.0430214626817
Q6KZW5_PTO1152,65.4996476472136
Q6KZW6_PTO1151,69.7992489295418
Q6KZW7_PTO1150,70.6327230384878
Q6KZW8_PTO1149,66.9971381617863
Q6KZW9_PTO1148,70.9615361798841
Q6KZX0_PTO1147,69.062851700992
Q6KZX4_PTO1143,74.9683480237213
Q6KZX6_PTO1141,74.1824104272794
Q6KZX7_PTO1140,76.1486965386261
Q6KZX9_PTO1138,79.7686731741601
Q6KZY4_PTO1133,66.9321371116542
Q6KZY5_PTO1132,79.5421517074283
Q6KZY7_PTO1130,66.2991605396633
Q6KZY9_PTO1128,80.7842994995525
Q6KZZ3_PTO1124,72.3038237496208
Q6KZZ5_PTO1122,81.4256573678129
Q6KZZ6_PTO1121,73.2346086733837
Q6KZZ7_PTO1120,74.671353866719
Q6KZZ8_PTO1119,77.3762192125871
Q6KZZ9_PTO1118,89.3665264345198
Q6L001_PTO1116,68.2957666734055
Q6L002_PTO1115,62.4747166450942
Q6L003_PTO1114,81.1403489693566
Q6L004_PTO1113,65.0562815783573
Q6L005_PTO1112,70.4945385291325
Q6L006_PTO1111,67.7644082634736
Q6L009_PTO1108,68.2015244243557
Q6L010_PTO1107,75.8162605554384
Q6L011_PTO1106,68.2554487557963
Q6L014_PTO1103,72.7400297473236
Q6L015_PTO1102,77.9801564842579
Q6L016_tmk,78.1356492820328
Q6L017_PTO1100,69.1224079544619
Q6L018_PTO1099,71.0084102462698
Q6L021_PTO1096,70.1986498514021
Q6L023_PTO1094,79.3457602200667
Q6L024_PTO1093,64.1296873089732
Q6L025_PTO1092,82.194861264968
Q6L026_map,78.8879299616476
Q6L031_PTO1086,67.1751628975866
Q6L032_PTO1085,69.7378450170743
Q6L033_PTO1084,66.1333982517474
Q6L034_PTO1083,70.4623983590363
Q6L038_PTO1079,66.1821609253509
Q6L039_PTO1078,74.2016116185937
Q6L040_PTO1077,71.0660809424261
Q6L044_PTO1073,70.8187540374293
Q6L046_folD,71.0452553429392
Q6L047_gdh2,76.1462963019404
Q6L048_PTO1069,83.8450184779773
Q6L050_PTO1067,67.0328033683151
Q6L051_PTO1066,79.5489230755705
Q6L052_PTO1065,71.3570926419633
Q6L054_queE,69.5906528635478
Q6L058_PTO1059,74.5165069667449
Q6L061_PTO1056,73.7714287046483
Q6L062_PTO1055,70.560373815435
Q6L063_PTO1054,71.2661131122233
Q6L064_PTO1053,79.5470237534316
Q6L066_PTO1051,77.4728554794245
Q6L069_PTO1048,68.4624622952069
Q6L070_PTO1047,65.6452713010929
Q6L071_PTO1046,70.9846709414644
Q6L072_PTO1045,67.3734542579444
Q6L076_PTO1041,71.1893195144738
Q6L078_PTO1039,66.6493553115835
Q6L079_PTO1038,80.5042883452268
Q6L080_fdhD,74.5181248856862
Q6L081_PTO1036,67.8920188595539
Q6L083_PTO1034,68.9325303236337
Q6L084_PTO1033,68.2564052851
Q6L085_PTO1032,80.4217266952202
Q6L087_PTO1030,68.6528889098109
Q6L088_PTO1029,68.7988101664299
Q6L089_PTO1028,77.7685083123401
Q6L090_PTO1027,73.9105498141594
Q6L091_PTO1026,77.9638996963721
Q6L092_PTO1025,70.9503773792567
Q6L093_PTO1024,70.266739279707
Q6L094_PTO1023,80.8200477768048
Q6L095_PTO1022,76.7496324379829
Q6L096_PTO1021,68.962669656232
Q6L097_PTO1020,67.3543117659458
Q6L099_PTO1018,67.8459223920123
Q6L0A4_PTO1013,69.3511327526526
Q6L0A5_PTO1012,73.0653162845991
Q6L0A7_ribL,76.0294278116243
Q6L0A8_mptA,73.6154532619693
Q6L0B0_PTO1007,69.0547973686929
Q6L0B1_PTO1006,66.6906143296493
Q6L0B3_PTO1004,75.0934185807858
Q6L0B4_PTO1003,74.1668297167283
Q6L0B5_PTO1002,74.740101131139
Q6L0B7_PTO1000,68.2939932969971
Q6L0B8_PTO0999,71.5132770793378
Q6L0B9_PTO0998,75.3167501323554
Q6L0C0_PTO0997,74.3800181686987
Q6L0C1_PTO0996,74.8337033508159
Q6L0C2_PTO0995,70.0498632901103
Q6L0C3_mdh,73.1332812582984
Q6L0C4_PTO0993,64.088202111791
Q6L0C5_PTO0992,77.9310530583446
Q6L0C7_PTO0990,73.3973704248049
Q6L0C9_PTO0988,75.1569565684502
Q6L0D1_nadE,66.306649940461
Q6L0D4_PTO0983,66.1788567951681
Q6L0D5_priL,76.7052392945849
Q6L0D6_PTO0981,67.9071968762898
Q6L0D7_PTO0980,74.6834255598913
Q6L0E2_PTO0975,71.9552018790444
Q6L0E4_PTO0973,72.6381740363896
Q6L0E7_PTO0970,75.1011534043986
Q6L0E8_ribK,63.904787114245
Q6L0F0_PTO0967,67.3602551570943
Q6L0F1_pyrI,77.1483476295262
Q6L0F2_pyrB,77.4204858610236
Q6L0F3_ppcA,75.6182118877078
Q6L0F4_PTO0963,80.2748334916005
Q6L0F5_PTO0962,76.3768759858516
Q6L0F6_PTO0961,71.3853415306849
Q6L0F7_PTO0960,75.1258480044034
Q6L0F9_PTO0958,78.007333898089
Q6L0G0_PTO0957,75.729083641871
Q6L0G1_PTO0956,70.9245956300702
Q6L0G2_PTO0955,78.3728784184964
Q6L0G3_PTO0954,79.52488434677
Q6L0G4_PTO0953,80.5058559352119
Q6L0G5_PTO0952,68.6028751011809
Q6L0G7_PTO0950,69.068878149116
Q6L0G8_PTO0949,81.9272179911746
Q6L0G9_hemH,84.2600693073067
Q6L0H0_PTO0947,70.0575136208786
Q6L0H1_PTO0946,65.5556704341167
Q6L0H2_PTO0945,64.6703885985887
Q6L0H3_PTO0944,72.7348981989921
Q6L0H4_PTO0943,78.0505569570866
Q6L0H5_PTO0942,82.4118259669889
Q6L0H6_PTO0941,70.7044770782928
Q6L0H8_PTO0939,86.9108609833317
Q6L0H9_PTO0938,73.4356941467335
Q6L0I2_PTO0935,67.0293788453155
Q6L0I3_PTO0934,85.114525591056
Q6L0I4_PTO0933,71.1845594589594
Q6L0J0_PTO0927,67.0966388717603
Q6L0J8_PTO0919,70.2056982126067
Q6L0J9_hemA,66.7774325364447
Q6L0K7_PTO0910,77.7805858862162
Q6L0K8_PTO0909,74.3378480517154
Q6L0K9_PTO0908,69.0494776932735
Q6L0L0_PTO0907,67.4704702886582
Q6L0L1_PTO0906,68.7882101014727
Q6L0L2_PTO0905,73.7800216390184
Q6L0L7_carA,66.2299683361528
Q6L0L8_PTO0899,63.2036502586504
Q6L0M1_PTO0896,76.9729520323773
Q6L0M2_srp54,65.9945413480422
Q6L0M4_PTO0893,78.1436029024738
Q6L0M5_PTO0892,74.0813652868158
Q6L0M6_PTO0891,65.1515717368847
Q6L0M7_PTO0890,78.4304669736972
Q6L0M8_PTO0889,75.0185027454491
Q6L0M9_PTO0888,77.7594935058926
Q6L0N0_PTO0887,83.1203267598911
Q6L0N1_PTO0886,72.8780623309096
Q6L0N3_PTO0884,68.0398827355188
Q6L0N5_PTO0882,65.2699423409187
Q6L0N6_PTO0881,69.4654759273145
Q6L0N7_PTO0880,69.5516055859796
Q6L0N8_PTO0879,66.2126246951101
Q6L0N9_gltX,79.0941474291811
Q6L0P2_rpl15e,63.7177109117385
Q6L0P3_PTO0874,78.9547629112879
Q6L0P4_rfcL,63.5152545199597
Q6L0P9_PTO0868,84.0769962288697
Q6L0Q0_spt4,83.3397227352431
Q6L0Q1_PTO0866,77.3793648755108
Q6L0Q5_PTO0862,71.4425567889512
Q6L0Q6_PTO0861,66.6082211135511
Q6L0Q7_PTO0860,65.0190667918339
Q6L0Q8_PTO0859,68.5018827023619
Q6L0Q9_PTO0858,74.3881822905771
Q6L0R1_smc,63.5749349753505
Q6L0R3_rps7,66.6817248999142
Q6L0R4_rps12,68.1001909431551
Q6L0R5_PTO0852,70.4936159391178
Q6L0R6_PTO0851,71.6462034081674
Q6L0R9_PTO0848,71.3932741628101
Q6L0S0_PTO0847,66.5837741824298
Q6L0S1_PTO0846,79.5086080656872
Q6L0S2_PTO0845,72.2498385372326
Q6L0S5_PTO0842,70.5601034149593
Q6L0S6_dnaJ,69.9113638710734
Q6L0S7_dnaK,70.5831180236081
Q6L0S8_grpE,73.9512955470863
Q6L0S9_PTO0838,70.9181992290983
Q6L0T2_PTO0835,68.9082401652192
Q6L0T3_PTO0834,75.7303820457637
Q6L0T6_PTO0831,67.0817278664604
Q6L0T7_PTO0830,71.6691839101161
Q6L0U6_PTO0821,75.3286068475212
Q6L0U8_PTO0819,69.2977236488177
Q6L0U9_PTO0818,78.0575196165554
Q6L0V0_PTO0817,66.9429586701277
Q6L0V1_PTO0816,74.4393729532108
Q6L0V3_PTO0814,66.8752263428703
Q6L0V4_PTO0813,68.5234641612686
Q6L0V5_cobQ,66.3950118994025
Q6L0V8_PTO0809,77.4673180067319
Q6L0V9_purQ,66.2857765919041
Q6L0W0_PTO0807,77.565529335674
Q6L0W2_PTO0805,70.9972449408814
Q6L0W5_priS,71.9707278522056
Q6L0W6_PTO0801,70.8920181076087
Q6L0W7_PTO0800,74.2216323821643
Q6L0W9_PTO0798,72.455785633606
Q6L0X4_PTO0793,65.4748644466196
Q6L0X5_PTO0792,71.6365220344218
Q6L0X6_PTO0791,75.4914688078179
Q6L0Y1_PTO0786,71.1056093559838
Q6L0Y2_PTO0785,74.1895738798684
Q6L0Y4_PTO0783,71.0077467980687
Q6L0Y5_PTO0782,74.4467117996134
Q6L0Y6_PTO0781,73.147985177457
Q6L0Y7_truA,69.5556383921556
Q6L0Y9_PTO0778,71.4627910097799
Q6L0Z5_PTO0772,75.3214413031813
Q6L0Z7_PTO0770,68.5587928444607
Q6L0Z8_PTO0769,73.8652253710088
Q6L103_PTO0764,64.9020950818129
Q6L104_PTO0763,69.2822536132086
Q6L107_PTO0760,78.2505362997866
Q6L110_PTO0757,69.3982202774997
Q6L111_PTO0756,74.7371942884611
Q6L114_PTO0753,71.2852980803965
Q6L119_PTO0748,75.6477980840431
Q6L120_PTO0747,66.9164576788529
Q6L122_PTO0745,69.2179177910718
Q6L123_mat,75.6185458203532
Q6L124_PTO0743,62.8249609061633
Q6L125_gap,77.6314503033941
Q6L126_radA,69.0562800659871
Q6L128_PTO0739,71.1450036716542
Q6L129_PTO0738,88.9077509945448
Q6L130_PTO0737,66.7220104933778
Q6L131_PTO0736,63.2917952208894
Q6L132_PTO0735,69.7992000631199
Q6L133_PTO0734,79.6294443280005
Q6L135_argF,72.8860191002671
Q6L138_PTO0729,67.9470164664534
Q6L139_PTO0728,63.744114845142
Q6L140_PTO0727,67.7791826773496
Q6L142_PTO0725,72.9297607340937
Q6L143_PTO0724,70.3467325835537
Q6L144_csl4,67.2065640775983
Q6L145_PTO0722,75.4519376744845
Q6L150_eif5a,76.9574889535159
Q6L151_PTO0716,78.1777136891797
Q6L152_rpl10e,66.9976338391405
Q6L156_PTO0711,82.7847074890878
Q6L159_PTO0708,67.957351124661
Q6L160_PTO0707,77.6550690751144
Q6L163_PTO0704,67.1580445293312
Q6L164_PTO0703,75.3434172524109
Q6L165_PTO0702,71.1553864700758
Q6L168_PTO0699,74.2587779731242
Q6L170_nep1,75.186466296517
Q6L171_PTO0696,69.4462827455497
Q6L172_PTO0695,72.2464588260231
Q6L173_PTO0694,73.1953226609291
Q6L176_PTO0691,67.6579899516877
Q6L177_PTO0690,69.1154496423742
Q6L179_PTO0688,67.8893931692445
Q6L180_PTO0687,71.586727316548
Q6L182_PTO0685,67.1791738783555
Q6L184_PTO0683,68.967291706709
Q6L186_PTO0681,84.2841890645159
Q6L188_PTO0679,66.8243314059748
Q6L189_PTO0678,66.287506483364
Q6L190_PTO0677,71.6462619815103
Q6L191_PTO0676,76.8755406061479
Q6L195_lig,63.6137145206156
Q6L196_PTO0671,73.2201752385066
Q6L198_purF,76.5680762893167
Q6L199_PTO0668,74.662502137322
Q6L1A0_truB,74.7364591111808
Q6L1A1_cmk,66.5847969049268
Q6L1A3_adkA,83.2636377853918
Q6L1A4_secY,79.3118971931134
Q6L1A5_rpl15,88.9083992769286
Q6L1A6_rpl30,64.9081599637954
Q6L1A7_rps5,70.8447515072504
Q6L1A8_rpl18,68.8062276834357
Q6L1B1_rpl6,69.505135209511
Q6L1B2_rps8,67.3655282941289
Q6L1B4_rpl5,64.4092843192462
Q6L1B5_rps4e,64.7064758985329
Q6L1B7_rpl14,71.671125175774
Q6L1B8_rps17,64.263572351982
Q6L1C1_rps3,70.3227815044925
Q6L1C2_rpl22,67.7141086789636
Q6L1C3_rps19,71.8706389042921
Q6L1C4_rpl2,62.9452069731373
Q6L1C5_rpl23,66.2325927296023
Q6L1C6_rpl4,66.0723624967014
Q6L1C7_rpl3,64.3959520698205
Q6L1C8_gdh1,70.5505298610072
Q6L1D0_PTO0637,74.555230719638
Q6L1D1_PTO0636,66.0837719229878
Q6L1D2_PTO0635,68.3474440897587
Q6L1D3_PTO0634,72.8715074940197
Q6L1D4_PTO0633,78.6976620832197
Q6L1D5_PTO0632,67.4435006430857
Q6L1D6_PTO0631,65.6530135772089
Q6L1D8_PTO0629,74.6259795961682
Q6L1E0_PTO0627,68.9317774707298
Q6L1E1_PTO0626,80.6078665936256
Q6L1E2_rlmE,65.1940573210481
Q6L1E4_PTO0623,76.640140377709
Q6L1E6_PTO0621,73.5220071418602
Q6L1E7_PTO0620,69.0565807322991
Q6L1E8_PTO0619,73.555398209835
Q6L1E9_PTO0618,71.4426186942064
Q6L1F0_dnaG,71.9039437831628
Q6L1F1_PTO0616,71.9211150519369
Q6L1F3_PTO0614,69.0148168978209
Q6L1F4_speE,66.297914999774
Q6L1F5_dtdA,82.5519834753032
Q6L1F6_glyA,67.2097932851377
Q6L1F7_PTO0610,70.3693753522623
Q6L1F9_PTO0608,73.0064140377443
Q6L1G0_nnrD,66.6843045459467
Q6L1G2_rtcB,67.3763162491059
Q6L1G3_PTO0604,69.5916125769195
Q6L1G4_PTO0603,74.7515258119948
Q6L1G5_aroA,70.2357691519839
Q6L1G6_aroK,68.7939308618291
Q6L1G7_PTO0600,71.4818876839969
Q6L1G8_aroB,69.6383711326244
Q6L1G9_PTO0598,74.0004285732029
Q6L1H1_PTO0596,72.6343831616495
Q6L1H3_thrS,71.7911097384555
Q6L1H5_PTO0592,73.258668053775
Q6L1H6_rps6e,72.8766118291437
Q6L1H7_PTO0590,78.304178614001
Q6L1H8_PTO0589,77.0484680159661
Q6L1H9_PTO0588,68.6686468627009
Q6L1I0_rfcS,63.5184240721002
Q6L1I1_PTO0586,67.1104552220283
Q6L1I2_PTO0585,68.7013192405787
Q6L1J1_PTO0576,66.8917138604712
Q6L1J2_PTO0575,67.9535547279384
Q6L1J3_PTO0574,73.6306059391519
Q6L1J7_ribA,79.4475248166755
Q6L1K1_PTO0566,69.3895821646813
Q6L1K2_rpiA,72.3423048154721
Q6L1K4_PTO0563,66.7001052742734
Q6L1K5_PTO0562,67.2384758853929
Q6L1K7_pyrG,67.3905044114682
Q6L1K9_polC,89.6378344613876
Q6L1L2_PTO0555,66.3867316137841
Q6L1L3_PTO0554,67.8431257943875
Q6L1L6_PTO0551,76.1836426153204
Q6L1L7_lipA,70.9170593366619
Q6L1L8_PTO0549,66.4960540897596
Q6L1L9_PTO0548,64.4375169067573
Q6L1M0_PTO0547,82.081561878468
Q6L1M1_PTO0546,79.4725600733623
Q6L1M2_lipB1,71.7025104097457
Q6L1M5_metG,73.7198490448862
Q6L1M6_PTO0541,71.6089693045144
Q6L1M7_PTO0540,69.3742863055647
Q6L1M8_PTO0539,73.0448342560805
Q6L1M9_PTO0538,79.3129005398262
Q6L1N1_PTO0536,65.4135910162595
Q6L1N2_cca,71.7399846041666
Q6L1N4_PTO0533,70.591687893851
Q6L1N5_valS,71.7470872980586
Q6L1N6_PTO0531,65.3393019719706
Q6L1N8_PTO0529,68.4923538079664
Q6L1P0_PTO0527,73.9275391442604
Q6L1P1_PTO0526,74.427952288195
Q6L1P4_PTO0523,69.4500948995237
Q6L1P8_PTO0519,70.5878693584572
Q6L1P9_endA,73.4407901012354
Q6L1Q0_rps2,68.0390179182625
Q6L1Q1_guaAB,72.1542856096117
Q6L1Q3_PTO0514,69.6851738255242
Q6L1Q5_hisS,76.6865634198692
Q6L1Q6_PTO0511,80.9301802888206
Q6L1Q7_PTO0510,68.764436206194
Q6L1Q8_PTO0509,73.6945595412263
Q6L1Q9_PTO0508,64.7843071238009
Q6L1R2_truD,72.290911879029
Q6L1R3_pdxT,71.3309033838788
Q6L1R4_PTO0503,72.8632456711032
Q6L1R7_PTO0500,71.3696994641332
Q6L1R8_PTO0499,66.6797102206358
Q6L1S0_PTO0497,71.2922976242247
Q6L1S1_fni,82.1693998644297
Q6L1S2_PTO0495,87.5661745181299
Q6L1S4_atpE,67.2123956760201
Q6L1S5_PTO0492,68.8661620224669
Q6L1S6_PTO0491,74.5460763121611
Q6L1S7_atpA,62.5997403789737
Q6L1S8_atpB,71.3740033503133
Q6L1S9_atpD,69.2127495613456
Q6L1T1_PTO0486,69.9839243703052
Q6L1T2_gad,65.9067431481461
Q6L1T3_PTO0484,68.5223139438961
Q6L1T4_thiI,71.4443695562974
Q6L1T8_PTO0479,68.4666358840605
Q6L1T9_PTO0478,76.7840296278232
Q6L1U0_PTO0477,76.5044557023232
Q6L1U2_PTO0475,73.8021851021164
Q6L1U4_PTO0473,73.4526059184459
Q6L1U5_PTO0472,67.9027561382137
Q6L1U6_PTO0471,78.4210090289761
Q6L1U7_guaB,69.7601237617886
Q6L1U9_PTO0468,70.0687157848675
Q6L1V0_PTO0467,67.5293893699093
Q6L1V1_lysS,73.6724400423789
Q6L1V2_PTO0465,80.083633937381
Q6L1V3_PTO0464,69.9353680783603
Q6L1V5_PTO0462,68.851893702458
Q6L1V6_PTO0461,70.4391115421513
Q6L1W1_PTO0456,74.561748933944
Q6L1W2_PTO0455,72.9236781303824
Q6L1W3_tgtA,63.7940946528694
Q6L1W5_PTO0452,79.436634771436
Q6L1W6_PTO0451,79.2225853004073
Q6L1W7_PTO0450,77.8271294449862
Q6L1W9_PTO0448,76.0474874015044
Q6L1X1_PTO0446,85.5935996910647
Q6L1X2_spt5,83.2416057834871
Q6L1X4_PTO0443,72.0500336698432
Q6L1X5_PTO0442,81.5127495680382
Q6L1X8_rpl10,68.3228663815532
Q6L1X9_rpl1,63.4192234379435
Q6L1Y0_rpl11,70.7633391810304
Q6L1Y1_PTO0436,71.1855747686586
Q6L1Y4_PTO0433,85.0266422107523
Q6L1Y6_PTO0431,82.1113457605496
Q6L1Y8_PTO0429,68.3745125332918
Q6L1Y9_PTO0428,78.3179795236896
Q6L1Z0_PTO0427,77.1323809006622
Q6L1Z1_PTO0426,72.8378944576199
Q6L1Z2_PTO0425,79.9804870067871
Q6L1Z4_alaS,64.0069841457878
Q6L1Z5_PTO0422,75.7945222567069
Q6L1Z8_PTO0419,80.8336463490894
Q6L1Z9_PTO0418,79.1483345941807
Q6L200_fusA,73.9594215724228
Q6L201_rps10,68.9280868347704
Q6L202_tuf,75.316716501547
Q6L203_PTO0414,66.8766300354183
Q6L205_PTO0412,70.1596828466658
Q6L206_ileS,69.836097715191
Q6L208_PTO0409,73.8147041147692
Q6L209_PTO0408,78.7223929265635
Q6L212_PTO0405,75.6973260506593
Q6L213_PTO0404,83.1800259775146
Q6L214_PTO0403,73.9139120709841
Q6L215_PTO0402,68.8910436880419
Q6L216_PTO0401,67.1805672372489
Q6L217_PTO0400,72.5412524429443
Q6L219_PTO0398,65.3136101600702
Q6L220_PTO0397,66.8857316042088
Q6L222_rrp4,66.3242110805074
Q6L223_rrp41,72.0005355438022
Q6L224_rrp42,67.8189891368395
Q6L225_rpl37ae,76.2427721047093
Q6L227_pus10,73.1528279458183
Q6L229_PTO0388,77.8073100389222
Q6L230_PTO0387,75.853657320434
Q6L231_PTO0386,69.9508388266165
Q6L232_PTO0385,69.3415775410419
Q6L233_PTO0384,69.8751983401949
Q6L234_PTO0383,69.4244959398059
Q6L235_PTO0382,70.8210792129094
Q6L236_PTO0381,66.6203498544454
Q6L238_PTO0379,74.4130357283569
Q6L240_PTO0377,73.7273074602412
Q6L242_PTO0375,79.4219110314679
Q6L243_PTO0374,71.451950005771
Q6L244_PTO0373,70.6585417019871
Q6L245_PTO0372,70.5883042126257
Q6L246_PTO0371,79.5685805335548
Q6L247_PTO0370,69.4029967150633
Q6L251_PTO0366,74.7277836368605
Q6L254_PTO0363,78.0700362980526
Q6L269_PTO0348,82.216518005142
Q6L270_PTO0347,81.880801670602
Q6L277_trpC,76.9243270053321
Q6L281_PTO0336,77.1779524498715
Q6L283_PTO0334,63.2974421740917
Q6L285_PTO0332,72.1211295515718
Q6L288_PTO0329,65.9810365751124
Q6L292_rpoN,69.9698100473432
Q6L293_rps9,69.4539731354159
Q6L294_rpl13,62.8184768864503
Q6L295_rpl18e,69.7019868191505
Q6L296_PTO0321,65.7632966704515
Q6L298_PTO0319,68.9101240825164
Q6L2A3_PTO0314,72.4632912089082
Q6L2A5_PTO0312,72.5561221131698
Q6L2A6_PTO0311,75.3120493789239
Q6L2A7_PTO0310,65.9842704485172
Q6L2A9_PTO0308,70.4716326687096
Q6L2B0_PTO0307,69.7801271868057
Q6L2B8_PTO0299,69.224822648961
Q6L2C5_PTO0292,68.627939015015
Q6L2C8_PTO0289,71.1936958608322
Q6L2C9_PTO0288,76.1079654297166
Q6L2D1_PTO0286,76.9487511277849
Q6L2D2_PTO0285,77.1814817539979
Q6L2D3_PTO0284,79.901423811537
Q6L2D4_PTO0283,69.4288266386622
Q6L2D5_PTO0282,75.1436407351868
Q6L2D6_PTO0281,75.2766250560306
Q6L2D8_pdxS,74.9201357662536
Q6L2E2_PTO0275,82.0438548307441
Q6L2E5_aroC,79.6265791453553
Q6L2E6_PTO0271,68.4796432995803
Q6L2E7_PTO0270,81.7653005253723
Q6L2E8_PTO0269,70.2946933430584
Q6L2F0_PTO0267,76.5859876954315
Q6L2F1_PTO0266,68.3839039804412
Q6L2F2_PTO0265,73.6144768856754
Q6L2F3_PTO0264,78.9468863758451
Q6L2F5_trpS,71.1750910113025
Q6L2F6_PTO0261,65.2494682438746
Q6L2F8_PTO0259,66.9636698861348
Q6L2F9_PTO0258,66.8331985081191
Q6L2G0_rpoA2,68.3680909285349
Q6L2G1_nusA,76.8639138313909
Q6L2G2_PTO0255,72.1324687056268
Q6L2G3_PTO0254,70.9345632872095
Q6L2G4_eif1a,76.0129751688968
Q6L2G5_PTO0252,68.5818152685008
Q6L2G6_PTO0251,64.3380987028471
Q6L2G7_PTO0250,73.5813856505506
Q6L2G9_hemL,75.2317590029741
Q6L2H0_PTO0247,78.2904915104735
Q6L2H1_PTO0246,64.1564266549006
Q6L2H2_PTO0245,70.1788732790133
Q6L2H3_rps15,78.802559643819
Q6L2H5_PTO0242,71.6429293474179
Q6L2H6_PTO0241,68.2023095270677
Q6L2H7_mre11,65.9533647365758
Q6L2H8_rad50,64.3395611698547
Q6L2H9_PTO0238,72.7214413741483
Q6L2I0_acyP,82.4931346384778
Q6L2I3_PTO0234,72.9359627760898
Q6L2I5_PTO0232,66.8179429166781
Q6L2I7_PTO0230,66.2158917951539
Q6L2I8_PTO0229,66.0817042029056
Q6L2I9_fen,66.3165588336509
Q6L2J0_PTO0227,67.2532655280344
Q6L2J1_tyrS,74.20696524636
Q6L2J2_PTO0225,74.7840245148136
Q6L2J3_PTO0224,68.2052360831455
Q6L2J4_PTO0223,72.5045387960167
Q6L2J5_PTO0222,72.0244512053871
Q6L2J6_PTO0221,71.9356959121552
Q6L2J7_PTO0220,74.5904247842571
Q6L2J8_PTO0219,66.1096913159067
Q6L2J9_mptD,71.8528405780372
Q6L2K0_PTO0217,66.8646847188122
Q6L2K2_PTO0215,67.7866731845148
Q6L2K3_PTO0214,68.9605594477884
Q6L2K5_PTO0212,74.1203283702153
Q6L2K7_PTO0210,76.5074109874755
Q6L2K8_PTO0209,63.7211044638423
Q6L2K9_pyrE,66.0084775005523
Q6L2L0_eif6,71.7631972316878
Q6L2L2_rpl39e,87.4104971339622
Q6L2L4_rps19e,71.5418843194391
Q6L2L6_PTO0201,70.9519645538761
Q6L2L7_PTO0200,80.3240108158164
Q6L2L8_PTO0199,78.2731996796259
Q6L2L9_PTO0198,76.8579442825058
Q6L2M3_purA,71.7265667184428
Q6L2M4_nadK,67.3558061070153
Q6L2M5_PTO0192,80.616597770501
Q6L2M8_pelA,74.1158987601005
Q6L2N0_PTO0187,66.9767462915669
Q6L2N1_PTO0186,72.5575704042679
Q6L2N2_PTO0185,70.4281853368199
Q6L2N3_PTO0184,71.9191357991147
Q6L2N4_PTO0183,66.9495877375451
Q6L2N6_PTO0181,66.6619616286232
Q6L2N8_PTO0179,74.5833756459719
Q6L2N9_PTO0178,66.4777832085371
Q6L2P1_PTO0176,66.7400356452575
Q6L2P2_pyrD,71.9042936477496
Q6L2P3_PTO0174,69.5350951400777
Q6L2P4_PTO0173,74.1268497933499
Q6L2P5_PTO0172,66.594477135048
Q6L2P6_PTO0171,78.1801331678361
Q6L2P7_PTO0170,75.4530467666825
Q6L2P8_PTO0169,69.5091715709924
Q6L2P9_PTO0168,68.0899016487918
Q6L2Q2_PTO0165,74.240883725744
Q6L2Q9_PTO0158,67.4210768569534
Q6L2R1_kdpB,72.6286975536264
Q6L2R2_PTO0155,68.1253247648929
Q6L2R3_PTO0154,68.0868820677519
Q6L2R4_PTO0153,70.4334882461073
Q6L2R6_PTO0151,77.9546644210686
Q6L2R7_PTO0150,73.3932904412957
Q6L2R8_PTO0149,68.4362528216458
Q6L2R9_PTO0148,76.8812389971789
Q6L2S0_PTO0147,72.4552742892501
Q6L2S1_PTO0146,72.9425085267028
Q6L2S2_PTO0145,74.4908744323897
Q6L2S4_msrA,73.0672142873793
Q6L2S6_PTO0141,76.2508861890294
Q6L2S7_PTO0140,71.3711585319956
Q6L2T5_PTO0132,75.0691978658651
Q6L2T7_PTO0130,86.6796962219385
Q6L2T8_PTO0129,80.2194170116109
Q6L2T9_PTO0128,74.1844378544878
Q6L2U2_PTO0125,75.0512644865639
Q6L2U3_PTO0124,88.5834538588334
Q6L2U4_PTO0123,70.0525263852641
Q6L2U5_PTO0122,70.1370732178897
Q6L2U6_PTO0121,79.5826759780412
Q6L2U7_PTO0120,69.8225388087031
Q6L2U8_PTO0119,68.4639957603002
Q6L2U9_PTO0118,81.3850435211844
Q6L2V1_menC,71.4154024094872
Q6L2V2_PTO0115,76.8220272585834
Q6L2V3_PTO0114,78.3655639174441
Q6L2V4_PTO0113,67.2336942604757
Q6L2V5_PTO0112,74.8177921858886
Q6L2V6_PTO0111,79.3410981689923
Q6L2V7_PTO0109,64.6016599458573
Q6L2V9_PTO0107,78.4481750138171
Q6L2W0_PTO0106,78.7431841250336
Q6L2W1_hutI,74.13209805529
Q6L2W3_hutU,77.5883806431042
Q6L2W5_PTO0101,72.4831583071414
Q6L2W8_PTO0098,82.5176366777343
Q6L2X4_PTO0092,78.660325793384
Q6L2X5_PTO0091,67.0583124200987
Q6L2X6_PTO0090,68.2532511080969
Q6L2X8_PTO0088,64.9469657212879
Q6L2X9_PTO0087,67.9825877659269
Q6L2Y1_PTO0085,79.3173470052765
Q6L2Y2_cysS,74.9654920177732
Q6L2Y6_PTO0080,71.9885468733204
Q6L2Y8_PTO0078,67.1151998962557
Q6L2Z0_PTO0076,63.8695782305356
Q6L2Z6_PTO0070,74.022841326856
Q6L2Z7_PTO0069,72.7768552670772
Q6L2Z8_glgE,72.5266895617953
Q6L2Z9_glgB,72.7287605798911
Q6L303_PTO0063,74.8195860518303
Q6L306_PTO0060,67.3532801943411
Q6L307_PTO0059,70.6064356104744
Q6L308_PTO0058,68.3550891184702
Q6L310_PTO0056,68.4610203019485
Q6L313_PTO0053,71.106742547918
Q6L314_PTO0052,72.904041320232
Q6L315_PTO0051,72.5162833701697
Q6L316_PTO0050,73.7129216803994
Q6L319_PTO0047,68.0592007598736
Q6L322_PTO0044,74.4452062298102
Q6L323_PTO0043,68.5949213011542
Q6L332_PTO0034,73.1907554856559
Q6L333_PTO0033,70.4183374047045
Q6L336_PTO0030,76.6842473646985
Q6L337_PTO0029,76.3892679779435
Q6L338_PTO0028,70.3982502508044
Q6L341_PTO0025,64.7893168272332
Q6L346_PTO0020,74.7172103145991
Q6L349_PTO0017,72.8866412428964
Q6L350_lysA,70.01046038632
Q6L352_PTO0014,76.0915686770712
Q6L357_PTO0009,75.4729676625085
Q6L358_PTO0008,65.2730450628209
Q6L359_PTO0007,79.5221678553164
Q6L360_PTO0006,80.4703761440936
Q6L361_PTO0005,64.7073347428665
Q6LC96_Rxra,47.2236071630357
Q6NKW9_At1g64760,50.6538432554402
Q6NL24_ECHIA,49.5607902258668
Q6NLC1_ABCC2,40.7204938880513
Q6NLL1_CG11141,43.7482055963782
Q6NLQ6_CPK32,43.1774882953879
Q6NLQ7_RIBA2,44.7783219158771
Q6NMK6_UMK2,47.4688156514921
Q6NN40_Ntmt,42.1142052773282
Q6NN85_ssh,43.6397269215021
Q6NNF2_Pde8,43.299042741241
Q6NP60_olf413,40.439972995888
Q6NPM5_ATS3B,49.059547539422
Q6NPM8_HISN7,54.6215247134362
Q6NPR7_At1g29470,46.1698789828017
Q6NPS8_ATR3,43.0656361838384
Q6NQE2_At4g27270,43.9357704955589
Q6NQJ6_RNR1,38.8528983153853
Q6NQK9_CCB4,35.8122115173601
Q6NS46_Pdcd11,46.44894213611205
Q6NSQ7_Ltv1,48.680291013805956
Q6NSQ9_G6pc3,51.08977129253235
Q6NSR8_Npepl1,51.6149541893404
Q6NSU3_Glt8d1,42.49535213756645
Q6NT99_Dusp23,52.0552575754538
Q6NUX4_lta4h,55.985548605072
Q6NV52_Tacc3,47.9960144091775
Q6NV83_U2surp,51.6279842351891
Q6NVE8_Wdr44,55.6781793489966
Q6NVE9_Pptc7,45.0323023912667
Q6NVF0_Ocrl,47.8824677940348
Q6NVF2_Pld1,48.21628361082825
Q6NVF4_Helb,51.7982511455685
Q6NVF9_Cpsf6,52.3222472101455
Q6NVG1_Lpcat4,43.7954483159411
Q6NWA7_ewsr1b,43.1137757793454
Q6NWK3_ranbp1,49.839767293096
Q6NXD1_pkma,54.3394393463225
Q6NXH2_Manea,49.2214656786188
Q6NXI6_Rprd2,48.9787564260726
Q6NXK9_Man1c1,49.11191498875845
Q6NXL1_Sec24d,49.779353948014005
Q6NXY9_Polr3g,53.0257810361854
Q6NYE1_fgb,50.6877860658243
Q6NYE2_rcc2,49.8803297229308
Q6NYE3_pgm2,47.2006305871713
Q6NYP2_rbp5,50.1022982436264
Q6NZ06_ilf2,49.4914742294658
Q6NZB1_Prmt6,50.47364584093705
Q6NZC7_Sec23ip,53.9174179592019
Q6NZD2_Snx1,48.499897027836795
Q6NZN0_Rbm26,51.3516663223178
Q6NZR5_Skiv2l,47.962557896343654
Q6P043_aldoab,48.4724646556998
Q6P068_Arl5c,59.5509929489432
Q6P069_Sri,50.1328259825591
Q6P1B1_Xpnpep1,46.3950129478234
Q6P1B3_Pianp,47.9458910017987
Q6P1B9_Bin1,48.2177157195546
Q6P1E1_Zmiz1,52.6586567561213
Q6P1F6_Ppp2r2a,54.0986520950624
Q6P1G0_Heatr6,47.505168535264545
Q6P1H6_Ankle2,46.9075386634242
Q6P1S3_xpnpep1,59.8729186313823
Q6P2B1_Tnpo3,49.3924437087789
Q6P2K6_Ppp4r3a,50.0044855794546
Q6P3A8_Bckdhb,50.9185071873624
Q6P3E7_Hdac10,53.92347064846375
Q6P3G5_ampd1,50.9164383837156
Q6P3G9_erp44,51.708815270829
Q6P3J5_eef2b,53.3173303091986
Q6P4S6_Sik3,53.0385765254501
Q6P4T0_Atg2a,51.6938557534351
Q6P4T2_Snrnp200,51.650663247181356
Q6P4T3_Eya3,42.23813165977835
Q6P542_Abcf1,45.8421175182728
Q6P549_Inppl1,47.9547374586113
Q6P5B5_Fxr2,48.173445722377096
Q6P5D4_Cep135,49.04200457251655
Q6P5D8_Smchd1,45.7602136510042
Q6P5E4_Uggt1,52.1179298482874
Q6P5E6_Gga2,45.2079374483665
Q6P5F7_Ttyh3,55.06758561335525
Q6P5F9_Xpo1,48.6045148584149
Q6P5I3_Adh5,51.5753771718646
Q6P5J0_amy2a,65.3037188466641
Q6P6J0_Adat2,51.905217214667246
Q6P6J9_Txndc15,49.047994576004655
Q6P6M5_Pex11g,52.7059495551526
Q6P6P5_Slc12a6,51.380200027977395
Q6P6Y0_taldo1,51.4991937326715
Q6P7W5_Tsen2,50.293043306150295
Q6P8I6_Cox11,50.922421424411
Q6P8J2_Sat2,57.034622943172
Q6P8M1_Tatdn1,60.4150173342202
Q6P8N8_Clpx,43.4696417633858
Q6P8X1_Snx6,46.0777471323404
Q6P962_gsta.1,52.8120039833986
Q6P9J9_Ano6,49.48936113193745
Q6P9L6_Kif15,43.554421165608744
Q6P9P3_uba1,46.6607631608281
Q6P9P6_Kif11,46.4893844773252
Q6P9Q4_Fhod1,46.1148691513682
Q6P9Q6_Fkbp15,47.6505784630115
Q6P9R1_Ddx51,46.1581898890271
Q6P9R2_Oxsr1,45.7461692482047
Q6PA06_Atl2,46.6034885966324
Q6PAC3_Dcaf13,53.8913256671377
Q6PAL0_Bend3,49.0727248526077
Q6PAM1_Txlna,53.235134350284554
Q6PAR0_Klhdc10,48.2957332898137
Q6PAR5_Gapvd1,48.38061980404185
Q6PAT0_Adat3,50.6542930541677
Q6PAV2_Herc4,50.085157634594
Q6PB44_Ptpn23,48.5230445396741
Q6PB51_Ccdc117,49.1975020836541
Q6PB66_Lrpprc,45.6525486971929
Q6PB70_Ano8,46.185187401716
Q6PB93_Galnt2,50.2187451782944
Q6PC12_eno1a,51.4666548757345
Q6PC36_necap1,51.8257580333169
Q6PC53_ppiab,47.2605484240032
Q6PCM1_Kdm3a,48.79677049509955
Q6PCM2_Ints6,45.727475997860395
Q6PCP5_Mff,49.8794676879106
Q6PD03_Ppp2r5a,47.3685421485736
Q6PD29_Znf513,45.55307084359285
Q6PD83_bzw1a,50.575475317026
Q6PDC2_Tmed9,53.301314119226404
Q6PDG5_Smarcc2,50.5370558454078
Q6PDI5_Ecm29,46.4766634650524
Q6PDI6_Fam63b,45.887432922383255
Q6PDJ6_Fbxo42,51.2041310227793
Q6PDL0_Dync1li2,48.8338265548224
Q6PDN3_Mylk,46.5040324300737
Q6PDY2_Ado,52.7219000327089
Q6PE01_Snrnp40,55.3868462295727
Q6PE15_Abhd10,54.487960641212
Q6PE70_Itgb5,54.7687415179632
Q6PEB4_Osgepl1,53.8104507274825
Q6PEB6_Mob4,60.6715067764119
Q6PEH5_ube2v2,52.4212379358727
Q6PER3_Mapre3,50.9245761123042
Q6PF93_Pik3c3,50.5503654019144
Q6PFA1_Rabggtb,49.3848786877489
Q6PFB2_Rcc1,48.13084444394615
Q6PFD7_Naif1,47.5466231100389
Q6PFD9_Nup98,49.708675469194645
Q6PFJ6_gstm.1,45.3864952843732
Q6PFN7_prmt1,45.4833214026931
Q6PFQ7_Rasa4,45.72989034517465
Q6PFU7_ca2,51.4219726780949
Q6PGB6_Naa50,51.6000500706048
Q6PGC1_Dhx29,49.7784640022395
Q6PGC7_Slc35e3,51.9432986257678
Q6PGF5_Bms1,53.46384922753815
Q6PGF7_Exoc8,46.7186616571766
Q6PGG2_Gmip,46.9391851636081
Q6PGG6_Gnl3l,44.7780832728352
Q6PGH1_Bud31,52.9749971280727
Q6PGL7_Fam21,59.9729081689247
Q6PHN9_Rab35,48.8889705926867
Q6PHQ8_Naa35,47.743017531808704
Q6PHQ9_Pabpc4,48.25118571245714
Q6PHU5_Sort1,55.28650454931865
Q6PIJ4_Nfrkb,47.6592316269831
Q6PIP5_Nudcd1,51.7620865044808
Q6PIU9_,49.27194177565775
Q6PIX9_D11Wsu47e,48.620264003206955
Q6PNC0_Dmxl1,49.9963237006128
Q6PR54_Rif1,49.4770635904898
Q6Q151_CYP59,47.7109469740839
Q6Q152_CYP57,43.4349948243258
Q6Q420_rps15a,57.0142424737065
Q6Q477_Atp2b4,49.3902059688029
Q6Q4G5_hsf-1,46.1172609530878
Q6Q546_HUB1,53.1589052329116
Q6Q547_NOP10,48.5175483473734
Q6Q560_ISD11,47.2965780415736
Q6Q899_Ddx58,45.6952155997202
Q6QD59_Bnip1,49.6213343356373
Q6QUR0_SRP-2,44.5141495680121
Q6R0G4_RVE4,43.2344965997349
Q6R5N8_Tlr13,52.304304864559
Q6R891_Ppp1r9b,55.9565173609506
Q6RHR9_Magi1,55.5001528455282
Q6RUT9_Clcn7,50.94032410282425
Q6S5C2_Gnptg,47.0515591416399
Q6SJQ0_Cd300a,45.7154624458672
Q6SKR2_N6amt1,51.99483053576405
Q6STH5_HCF101,42.5830090066274
Q6TBX7_CYP97C1,41.6682489169964
Q6TEL5_cul3a,52.1254053200016
Q6TLE7_actl6a,48.2293151850259
Q6TLF6_rgn,53.6465214774059
Q6TNR5_ppiaa,45.805176541146
Q6TNR8_pgd,53.2257391224708
Q6TNT9_gdi2,50.8863295394764
Q6URW6_Myh14,40.328117443739
Q6VN19_Ranbp10,52.4502523254774
Q6W4W7_Diaph2,45.1976194134394
Q6WKZ8_Ubr2,45.8864510301061
Q6WNK7_SUS1,54.643337045315
Q6WV16_pgant6,36.6693501498239
Q6WV17_pgant5,40.7933461742356
Q6WV20_GalNAc-T1,40.8337573898676
Q6WVG3_Kctd12,61.3973435374558
Q6WWW4_UPL3,38.1092760722723
Q6XHX5_RpS11,39.672814902908
Q6XI08_RpS14a,43.4832987847323
Q6XI71_awd,48.3035157932921
Q6XIM7_RpL38,43.0095672516088
Q6XIM8_RpS15Aa,45.0737832204529
Q6XPS7_Tha1,51.88980916703835
Q6XVG2_Cyp2c54,56.3899022739527
Q6Y5D8_Arhgap10,46.38060302026725
Q6YGZ1_Hpse,53.3707576952875
Q6YKA8_drk,44.1223438368668
Q6ZPE2_Sbf1,49.5317271851059
Q6ZPJ0_Tex2,47.496879917317955
Q6ZPJ3_Ube2o,49.1885618864978
Q6ZPU9_Kif1bp,48.5349835724049
Q6ZQ08_Cnot1,48.0793653063075
Q6ZQ11_Chsy1,46.6207666307708
Q6ZQ38_Cand1,50.8234686424506
Q6ZQ88_Kdm1a,48.5558569441925
Q6ZQ89_March6,48.953319491299
Q6ZQB6_Ppip5k2,47.0641940549955
Q6ZQF0_Topbp1,46.55495847200185
Q6ZQH8_Nup188,49.400993134089845
Q6ZQI3_Mlec,60.145803615033
Q6ZQJ5_Dna2,49.45073717093845
Q6ZQK5_Acap2,48.6965727924535
Q6ZQL4_Wdr43,58.7770836297345
Q6ZQM8_Ugt1a7c,50.4630013138369
Q6ZWM4_Lsm8,56.7793390555057
Q6ZWN5_Rps9,46.3417469718438
Q6ZWQ5_Snx12,49.07651576068065
Q6ZWQ6_Ube2k,50.20101108187705
Q6ZWQ7_Spcs3,49.3434574490638
Q6ZWR0_Rap2b,44.96766278597545
Q6ZWR6_Syne1,48.0884820736639
Q6ZWV7_Rpl35,48.4580899043151
Q6ZWX1_Rpl35a,49.6020122295516
Q6ZWX6_Eif2s1,52.4263329380804
Q6ZWY3_Rps27l,57.5816186561655
Q6ZWY9_Hist1h2bc,52.3532456681396
Q6ZWZ2_Ube2r2,51.7851332337145
Q6ZWZ6_Rps12,48.2665440454076
Q6ZWZ7_Rpl17,49.85596453123405
Q6ZY51_GWD3,46.0597627439644
Q709R6_bocks,47.5731480062353
Q70DU8_ALDH3H1,47.580781185893
Q70E96_ALDH3F1,42.839817606518
Q70PP2_nonC,38.565279724936
Q70PR8_PGRP-SD,46.5944411796236
Q70PY2_PGRP-SB1,43.6647169821496
Q711T7_Nadsyn1,57.687853725619
Q71FD5_Znrf2,52.4694579947408
Q71FD7_Fblim1,48.5603203672317
Q71KT5_Tm7sf2,54.8053354063442
Q71LX4_Tln2,51.1862424118799
Q71LX8_Hsp90ab1,47.2242952974444
Q71RI9_Kyat3,53.1822714305019
Q72G62_TT_C1986,84.1882912354493
Q72G64_TT_C1984,80.64800389495656
Q72G65_ispH,82.1887386487331
Q72G66_nifR,82.1583558151107
Q72G68_glgA,92.78726024098535
Q72G70_TT_C1978,83.14407951710915
Q72G71_TT_C1977,87.66890470353025
Q72G73_TT_C1975,88.9165345156483
Q72G74_TT_C1974,87.5605023762143
Q72G79_TT_C1969,91.6065716716566
Q72G82_TT_C1966,84.56450037076425
Q72G83_TT_C1965,90.263113331503
Q72G84_rpmB,74.6302773641375
Q72G87_trkA,89.7491030087267
Q72G88_TT_C1960,91.6831604757286
Q72G90_TT_C1958,83.8156341804549
Q72G91_bmrU,81.2878870931612
Q72G93_TT_C1955,84.6709294118519
Q72G96_TT_C1952,87.9975624863107
Q72G97_recG,74.03427211788096
Q72GA0_hrcA,81.5460607798341
Q72GA1_TT_C1947,98.1149037867482
Q72GA3_TT_C1945,75.3012548127962
Q72GA4_TT_C1944,84.62255710226981
Q72GA5_TT_C1943,98.3899973409471
Q72GA6_priA,88.36751673929994
Q72GA8_TT_C1940,82.75464379525745
Q72GB2_TT_C1936,88.9583609507853
Q72GB5_vanW,84.3387914237515
Q72GB6_TT_C1932,86.63034565587876
Q72GB7_topA,84.2586434791601
Q72GB8_TT_C1930,80.3783147054838
Q72GB9_trpF,88.99509948508775
Q72GC0_TT_C1928,82.68035615910006
Q72GC1_TT_C1927,84.90947385304625
Q72GC7_rsmA,81.82259102871646
Q72GC8_nuoA,82.7823107326853
Q72GC9_nuoB,89.61172388383875
Q72GD0_nuoC,88.65800420024044
Q72GD1_nuoD,89.65751742181286
Q72GD2_TT_C1916,87.1621978375742
Q72GD3_TT_C1915,82.24418863886775
Q72GD4_TT_C1914,82.73064643106684
Q72GD6_nuoI,89.6804548572477
Q72GD9_TT_C1909,83.17572547452849
Q72GE0_TT_C1908,90.90755790551465
Q72GE1_nuoN,85.6652212984682
Q72GE2_argS,96.1680131199678
Q72GE4_murE,74.96720127796854
Q72GE5_tetR,86.8731630692452
Q72GE6_TT_C1902,90.91728403952101
Q72GF2_TT_C1896,89.06944605419099
Q72GF3_TT_C1895,76.92363087308115
Q72GF4_moeA,85.8536703925418
Q72GF6_nth,92.4690111177438
Q72GF9_proS,90.05622483433356
Q72GG0_apgM,97.6196646974866
Q72GG2_TT_C1886,84.54542479668916
Q72GG4_TT_C1884,89.50609759493119
Q72GG8_TT_C1880,73.7671373387965
Q72GG9_TT_C1879,90.75744900002655
Q72GH0_TT_C1878,87.5968402423571
Q72GH1_TT_C1877,81.4181808507869
Q72GH2_TT_C1876,76.7028672838626
Q72GH8_TT_C1870,90.20746291645165
Q72GI1_trmH,95.7041403234133
Q72GI4_dcd,77.65897381700745
Q72GI5_TT_C1863,87.6290735625831
Q72GI6_TT_C1862,89.8606147940097
Q72GI8_nrdR,82.1929709844885
Q72GI9_TT_C1859,88.9080687640862
Q72GJ0_TT_C1858,79.78994400063306
Q72GJ2_TT_C1856,79.88450827015666
Q72GJ4_murA,81.96686960775185
Q72GJ6_TT_C1852,82.7876954863178
Q72GJ7_phoU,77.1980815158192
Q72GJ8_phoB,75.18538700706941
Q72GK0_TT_C1848,84.34654303209061
Q72GK3_TT_C1845,90.9860013925046
Q72GK4_TT_C1844,89.62534542308
Q72GK7_TT_C1841,88.52511242052086
Q72GK8_TT_C1840,85.1425615096024
Q72GK9_TT_C1839,81.4023780665004
Q72GL0_TT_C1838,77.0163637461613
Q72GL1_TT_C1837,81.1996991354825
Q72GL2_TT_C1836,77.4946668026126
Q72GL5_TT_C1833,95.5375101332756
Q72GL7_TT_C1831,85.1509516025557
Q72GL8_marR,89.5737800072482
Q72GM0_TT_C1828,80.84771795451505
Q72GM1_TT_C1827,92.8881613753231
Q72GM2_TT_C1826,86.2315245374127
Q72GM3_leuS,92.8585611787949
Q72GM4_TT_C1824,87.34011982194696
Q72GM5_TT_C1823,81.4845505479214
Q72GM9_TT_C1819,91.4490362933705
Q72GN0_TT_C1818,85.18507296082694
Q72GN2_ispE,79.0876147489656
Q72GN3_ispD,83.7016643857404
Q72GN5_TT_C1813,84.3876047724498
Q72GN6_dnaJ,76.3413757684594
Q72GN7_TT_C1811,82.7535484411334
Q72GN9_TT_C1809,73.2942475527214
Q72GP2_TT_C1806,83.04121483235116
Q72GP3_TT_C1805,77.78235281998985
Q72GP4_TT_C1804,86.161765361864
Q72GP5_TT_C1803,87.0945711172666
Q72GP9_TT_C1799,81.0308811303888
Q72GQ3_TT_C1795,78.5814445452506
Q72GQ4_TT_C1794,85.70896659516674
Q72GQ9_TT_C1789,85.1795858209259
Q72GR1_TT_C1787,86.97637657158805
Q72GR3_TT_C1785,82.92310128007284
Q72GR5_TT_C1783,94.1198750602908
Q72GR9_TT_C1779,93.6918871353044
Q72GS0_TT_C1778,88.61645057514474
Q72GS1_rplJ,86.33511884657159
Q72GS3_TT_C1775,86.8211155378039
Q72GS6_TT_C1772,78.46825822248165
Q72GS8_TT_C1770,96.2250567130611
Q72GS9_truB,88.26838679059014
Q72GT2_TT_C1766,84.6340948720894
Q72GT4_purA,96.5136423397291
Q72GT5_TT_C1763,81.43106800653065
Q72GT6_TT_C1762,92.64346797614346
Q72GT7_birA,84.5241914288878
Q72GT8_TT_C1760,96.8546882915467
Q72GT9_TT_C1759,86.5857561888566
Q72GU0_rlmH,78.11144490526105
Q72GU1_TT_C1757,86.1981677388914
Q72GU2_TT_C1756,87.56921086514771
Q72GU4_TT_C1754,89.1920155900613
Q72GU9_TT_C1749,95.0181115057782
Q72GV1_lipA,84.81438831100145
Q72GV2_lipB,82.27213696290805
Q72GV3_TT_C1745,81.7766661428539
Q72GV4_TT_C1744,80.4995989375038
Q72GV7_TT_C1741,86.62464018993674
Q72GV9_rplA,81.9144878731029
Q72GW1_nusG,80.6531923481267
Q72GW4_tuf1,82.242110011954
Q72GW5_TT_C1733,92.84303223328581
Q72GW8_TT_C1730,91.21591800197814
Q72GW9_pepA,80.95154550865391
Q72GX0_TT_C1728,82.989282038825
Q72GX1_mnmA,80.6370647886143
Q72GX3_pstC,94.2222137962484
Q72GX4_pstA,83.9720847291708
Q72GX5_pstB,82.8953909387164
Q72GX7_recF,82.64605458556994
Q72GX8_TT_C1720,83.3040914325622
Q72GX9_TT_C1719,86.43986472008629
Q72GY0_TT_C1718,96.1576791814366
Q72GY1_TT_C1717,84.16386655245134
Q72GY3_TT_C1715,89.8993621298107
Q72GY5_TT_C1711,89.03611853478075
Q72GY6_pgi,94.4545672695328
Q72GY7_pckA,92.16296122497485
Q72GY8_TT_C1708,82.0384202435327
Q72GY9_fhs,91.19627651782635
Q72GZ0_carA,86.998469796805
Q72GZ1_TT_C1705,97.7835835826968
Q72GZ2_TT_C1704,76.3818098217355
Q72GZ3_TT_C1703,82.6046980531688
Q72GZ4_argH,86.74452949096471
Q72GZ5_TT_C1700,98.2730112604599
Q72GZ6_TT_C1699,92.58174266613845
Q72GZ7_TT_C1698,87.2590491669216
Q72GZ9_ruvA,88.2050298222111
Q72H00_TT_C1695,90.13046709623416
Q72H02_TT_C1693,94.4446826693468
Q72H04_TT_C1691,91.23623300319805
Q72H05_TT_C1690,91.00210054981726
Q72H16_TT_C1679,84.97977418831056
Q72H17_fabL,90.89851348876661
Q72H18_ispG,81.5467071519562
Q72H19_tgt,84.93187733633135
Q72H23_TT_C1672,86.7530129193316
Q72H25_TT_C1670,79.4283051018374
Q72H27_TT_C1668,80.90173392525115
Q72H30_TT_C1665,89.1633444974226
Q72H31_TT_C1664,78.86417924570884
Q72H32_fmt,78.14178422625365
Q72H33_def,90.9942091840439
Q72H36_deoB,94.4954779026938
Q72H38_TT_C1657,74.8480842302044
Q72H39_TT_C1656,84.5012832814934
Q72H42_TT_C1653,83.3929873158256
Q72H45_TT_C1650,88.027688284743
Q72H46_TT_C1649,87.96203277519524
Q72H50_TT_C1645,95.5572100644689
Q72H51_TT_C1644,84.6738649580196
Q72H53_TT_C1642,87.1851962145711
Q72H54_TT_C1641,87.4837708414207
Q72H56_TT_C1639,80.0260061024506
Q72H61_TT_C1634,85.8141942323928
Q72H62_TT_C1633,84.38480932417094
Q72H65_TT_C1630,94.7359284073291
Q72H70_surE1,83.94644890948331
Q72H71_TT_C1624,79.35303229043325
Q72H73_pilF,81.31849020331924
Q72H75_gatB,94.8465850008508
Q72H76_purM,78.71307542541146
Q72H81_dxs,79.84806732860756
Q72H85_eno,91.37600137575939
Q72H86_TT_C1609,85.56852030847585
Q72H87_dnaA,93.2468514780076
Q72H88_mnmG,78.9926129116398
Q72H89_rsmG,96.9958876430252
Q72H90_soj,73.43407807703946
Q72H91_spo0C,86.2164265932469
Q72H94_TT_C1601,88.7634538353478
Q72H97_rsmI,90.0829475541031
Q72H98_pfkA,89.3755357566983
Q72H99_TT_C1596,83.0024603939137
Q72HA0_pheT,88.35522376198566
Q72HA1_pheS,90.40170923495425
Q72HA3_TT_C1592,86.79343250237655
Q72HA4_TT_C1591,84.70484192300131
Q72HA7_TT_C1588,77.23811791059734
Q72HA8_TT_C1587,78.1445211512612
Q72HA9_argB,86.22261098572555
Q72HB0_TT_C1585,95.6222925224812
Q72HB2_mazG,76.630553920886
Q72HB3_TT_C1582,96.5344217117707
Q72HB6_TT_C1579,90.3304561192522
Q72HB8_prfA,86.2057747626998
Q72HB9_mutT,93.32649033104445
Q72HC0_TT_C1575,86.8935546203052
Q72HC1_rlmN,72.5121422971596
Q72HC7_TT_C1568,90.1106474977942
Q72HC8_TT_C1567,87.86001958147615
Q72HD4_TT_C1559,92.0939986428673
Q72HD5_TT_C1558,91.3911764677808
Q72HD6_TT_C1557,80.1199025293768
Q72HD7_TT_C1556,84.07958629190514
Q72HD8_TT_C1555,97.48734393599389
Q72HE0_ubiX,92.8628697490467
Q72HE1_TT_C1552,87.17790468626191
Q72HE6_TT_C1543,95.6466394412941
Q72HE7_TT_C1540,92.9201920973038
Q72HE8_TT_C1539,93.5666146496902
Q72HE9_nadE,94.79142294364584
Q72HF0_TT_C1537,84.5928682318829
Q72HF1_TT_C1536,84.6740288810749
Q72HF3_TT_C1534,83.94150885615875
Q72HF4_glmS,83.66361768507275
Q72HF6_uvrB,78.91831247350905
Q72HF7_TT_C1530,81.1820482541212
Q72HG0_TT_C1527,90.1878948776655
Q72HG1_TT_C1526,83.39611043084139
Q72HG2_TT_C1525,94.3862847745165
Q72HG4_TT_C1523,75.70318679765916
Q72HG5_TT_C1522,88.855220572372
Q72HG7_fimA,75.484420961946
Q72HG8_TT_C1519,74.7314213675405
Q72HH0_folE,83.5568763641872
Q72HH1_thrS,90.5949971849561
Q72HH2_phaN,85.78043949257321
Q72HH4_TT_C1513,90.3981918516918
Q72HH6_TT_C1511,88.8198778120413
Q72HH8_TT_C1509,81.1789765889881
Q72HH9_TT_C1508,81.61545881032106
Q72HI2_rbsC,93.5438060465343
Q72HI3_TT_C1504,84.4820988649277
Q72HI4_menG,76.8204363424351
Q72HI5_TT_C1502,85.0769551907164
Q72HI6_TT_C1501,91.595034958446
Q72HI8_TT_C1499,89.2627788718802
Q72HI9_TT_C1498,94.2082050943975
Q72HJ1_TT_C1496,82.9952561035521
Q72HJ3_TT_C1494,95.8905529323631
Q72HJ4_TT_C1493,81.90526356541855
Q72HJ5_TT_C1492,78.19778426199954
Q72HJ6_trpD,79.644085048372
Q72HJ8_TT_C1489,85.5492859851039
Q72HJ9_TT_C1488,80.5362963601182
Q72HK0_TT_C1487,85.92042021626739
Q72HK1_TT_C1486,80.3580252521514
Q72HK2_TT_C1485,89.12751458208865
Q72HK4_glnQ,84.59644162808985
Q72HK5_TT_C1482,86.9392811914767
Q72HL0_TT_C1477,84.97875525340754
Q72HL3_TT_C1474,79.22461835200309
Q72HL4_TT_C1473,82.52752604755915
Q72HL6_TT_C1471,81.62300261026556
Q72HL7_TT_C1470,82.9131087507637
Q72HL8_TT_C1469,80.7806938204319
Q72HL9_cinA,89.68086550604235
Q72HM0_TT_C1467,84.71292374685186
Q72HM1_rny,84.4306939414609
Q72HM2_mreB,74.48970233802609
Q72HM4_TT_C1462,87.8266459054403
Q72HM5_rpoB,89.08854843222265
Q72HM6_rpoC,88.63719551834251
Q72HM7_TT_C1459,81.9735692233946
Q72HM9_TT_C1457,82.24778720664486
Q72HN4_TT_C1452,95.1643598303015
Q72HN5_TT_C1451,93.7768453656418
Q72HN7_TT_C1449,79.2106013948569
Q72HN8_TT_C1448,83.72195296754671
Q72HN9_TT_C1447,93.8576921156498
Q72HP0_TT_C1446,82.61369368677995
Q72HP1_thiI,90.02332121637974
Q72HP4_TT_C1442,77.16381677705755
Q72HP6_TT_C1440,73.5178832849912
Q72HP7_TT_C1439,78.3375401186332
Q72HQ6_TT_C1430,85.71792014611525
Q72HQ7_TT_C1429,86.10346039230436
Q72HQ8_TT_C1428,74.8902735809949
Q72HQ9_TT_C1427,91.8601940150371
Q72HR0_rtcB,96.3021694378995
Q72HR2_rplU,78.41481927784965
Q72HR4_obg,79.5670291263369
Q72HR5_nadD,91.80843091143964
Q72HR6_TT_C1420,83.716346650212
Q72HR7_lytR,81.4491293120488
Q72HR8_rsfS,77.618305552914
Q72HS0_panC,87.800071149945
Q72HS1_pilT,82.76504063581935
Q72HS2_TT_C1414,96.4751838128453
Q72HS3_TT_C1413,83.2376963793505
Q72HS4_TT_C1412,96.5246940097309
Q72HS6_TT_C1410,90.4253941739244
Q72HS7_accD,91.63433873213509
Q72HS8_accA,91.71250155244945
Q72HT1_TT_C1405,90.4127392969046
Q72HT2_TT_C1404,86.5392256842903
Q72HT7_TT_C1399,75.1326169425328
Q72HT9_TT_C1397,83.3168998614534
Q72HU2_TT_C1392,90.1801367239353
Q72HU3_TT_C1391,82.4912532047111
Q72HU4_TT_C1390,82.9131722390192
Q72HU7_TT_C1387,88.49413828772435
Q72HU8_TT_C1386,78.71491008257935
Q72HV0_plsX,81.87736690400985
Q72HV1_TT_C1383,79.090084334056
Q72HV2_TT_C1382,89.5615582059998
Q72HV5_TT_C1377,85.9720273202568
Q72HV7_TT_C1375,72.0511319552439
Q72HV8_scU,85.9326695341916
Q72HW1_TT_C1371,84.9173654708713
Q72HW3_TT_C1369,77.0415796166926
Q72HW6_TT_C1366,80.0412639966681
Q72HX1_phoR,82.37672728895714
Q72HX2_TT_C1360,81.0788995474074
Q72HX4_pacS,84.62146190303736
Q72HX5_TT_C1357,72.4848348175212
Q72HX7_TT_C1355,76.31224503554239
Q72HX8_TT_C1354,81.2537831110792
Q72HX9_TT_C1353,82.0709151367482
Q72HY6_TT_C1346,81.59158842998805
Q72HY9_TT_C1343,86.70445815617985
Q72HZ1_TT_C1341,77.7448345957931
Q72HZ2_TT_C1340,85.04606042280474
Q72HZ3_TT_C1339,86.7756580095624
Q72HZ4_TT_C1338,87.0264429753506
Q72HZ6_TT_C1336,84.3582967449189
Q72HZ7_ebsC,85.138856123894
Q72I01_fusA,86.56075149233621
Q72I04_rplC,75.43150994075404
Q72I05_rplD,82.42331853601345
Q72I06_rplW,79.43224818801659
Q72I07_rplB,74.7983957238328
Q72I09_rplV,76.3468917411621
Q72I11_rplP,74.4034003180778
Q72I12_rpmC,73.3383544102982
Q72I14_rplN,77.66417266474025
Q72I16_rplE,74.04574727975775
Q72I19_rplF,77.35050955579105
Q72I20_rplR,75.27867302791876
Q72I24_secY,82.2099881339356
Q72I25_adk,88.9667429721351
Q72I26_map,83.74242693029505
Q72I32_rpoA,94.5692857536552
Q72I33_rplQ,77.5182159845998
Q72I37_TT_C1295,90.4151326327579
Q72I39_rex,89.19491480222666
Q72I40_TT_C1292,87.94241737286629
Q72I41_TT_C1291,75.55360920381514
Q72I42_TT_C1290,78.3302101178105
Q72I43_TT_C1289,89.7603688601885
Q72I45_malF,95.1005650444375
Q72I49_TT_C1283,89.00687929107735
Q72I50_mutS,81.12347614752325
Q72I51_TT_C1281,92.0695732167126
Q72I53_metK,82.00651363435445
Q72I54_TT_C1278,73.7023197176316
Q72I55_speA,79.5038253151064
Q72I56_TT_C1276,90.6015121888169
Q72I58_prs,79.94104173771231
Q72I60_hesB,85.0586370375813
Q72I62_dppB,82.9631503634629
Q72I66_sfuC,78.9448703954775
Q72I67_sfuB,90.9974152667732
Q72I71_TT_C1261,79.410545093888
Q72I72_TT_C1260,73.5085068238669
Q72I74_TT_C1258,87.87148590588555
Q72I75_TT_C1257,76.7685213177539
Q72I76_TT_C1256,91.58938328212551
Q72I80_TT_C1252,91.0876001362886
Q72I82_TT_C1250,87.9148310011193
Q72I83_TT_C1249,86.9365014020444
Q72I88_TT_C1244,91.3558901934973
Q72I89_tmk,92.6328036321416
Q72I90_TT_C1242,85.8591678618091
Q72I91_TT_C1241,82.25889475986301
Q72I92_TT_C1240,72.8074318730188
Q72I94_TT_C1238,86.30229334069176
Q72I99_TT_C1233,96.2068357053383
Q72IA0_TT_C1232,83.7689043125329
Q72IA1_TT_C1231,79.03324797963134
Q72IA2_TT_C1230,80.26122862264435
Q72IA3_TT_C1229,85.340519925404
Q72IA7_rplY,85.4161757532537
Q72IA8_pth,91.7416489327291
Q72IA9_ddl,91.73631193829024
Q72IB0_gyrB,80.45134933713709
Q72IB2_TT_C1220,76.5046469361516
Q72IB3_TT_C1219,82.1647234957851
Q72IB5_TT_C1217,91.183671450068
Q72IB7_gntR,77.97338418209236
Q72IB8_TT_C1214,85.55180670898345
Q72IB9_TT_C1213,90.13848855579455
Q72IC7_TT_C1205,82.20108302608969
Q72IC8_TT_C1204,77.9284978669283
Q72IC9_mqnD,84.04406300980065
Q72ID0_TT_C1202,78.9084785469849
Q72ID1_bshC,92.04083674151491
Q72ID5_gmk,96.0002648516654
Q72ID6_rpoZ,89.6141111222409
Q72ID7_TT_C1195,88.61549526630056
Q72IE0_TT_C1192,85.79459367679645
Q72IE1_rnhA,87.1726993470565
Q72IE2_TT_C1190,89.5717977579348
Q72IE4_TT_C1188,87.17938850944856
Q72IE5_guaA,84.3597221143707
Q72IE6_luxS,91.8852221024914
Q72IE7_TT_C1185,91.9122911865003
Q72IE8_TT_C1184,94.4994200379443
Q72IF0_uvrC,91.4583564429304
Q72IF1_TT_C1181,88.7896365414635
Q72IF3_TT_C1179,96.0541662364626
Q72IF6_tilS,91.28266604900405
Q72IG1_TT_C1171,85.35147823880044
Q72IG3_TT_C1169,81.93673351368639
Q72IG4_TT_C1168,91.7244817512905
Q72IG5_truD,81.7019205099878
Q72IG8_TT_C1164,91.0677688086721
Q72IG9_TT_C1163,95.71636056525205
Q72IH0_TT_C1162,85.79906090895321
Q72IH1_TT_C1161,82.26002238954871
Q72IH2_glyA,78.30039536698834
Q72IH4_TT_C1158,90.91538317691925
Q72IH5_TT_C1157,83.54117113796366
Q72IH6_purF,83.1498642645563
Q72IH7_purL,79.82310365608575
Q72IH8_TT_C1154,75.74810661106301
Q72IH9_purQ,86.1624339140003
Q72II0_purS,87.7761685983346
Q72II1_purC,85.93699164202445
Q72II3_TT_C1149,87.43309831105444
Q72II7_TT_C1145,78.2338034142197
Q72II9_hemD,80.55487736975155
Q72IJ3_TT_C1139,82.33166198342914
Q72IJ4_TT_C1138,80.6272808620844
Q72IJ6_TT_C1136,89.31498766977529
Q72IJ7_moxR,83.132945121614
Q72IJ8_TT_C1134,74.85503642573295
Q72IJ9_TT_C1133,84.71391912007044
Q72IK0_TT_C1132,94.2890004749908
Q72IK3_TT_C1129,93.5893950071153
Q72IK4_ftsH,79.2433495889655
Q72IK5_dnaK,84.2410033234044
Q72IK9_clpB,90.5779366113376
Q72IL1_TT_C1121,93.04725732754355
Q72IL2_TT_C1120,74.1138287172729
Q72IL3_TT_C1119,91.629705256885
Q72IL4_TT_C1118,72.7308513945278
Q72IL5_TT_C1117,91.0037490014809
Q72IM0_TT_C1112,88.15510437400965
Q72IM1_TT_C1111,95.9138268395817
Q72IM5_TT_C1107,88.239950389175
Q72IM6_dnaB,74.2577111066179
Q72IM8_TT_C1104,82.73847093820645
Q72IN0_pyrG,79.2043398570463
Q72IN1_rplM,76.6901159111169
Q72IN3_TT_C1099,89.66062301287036
Q72IN4_TT_C1098,94.1072806470653
Q72IN5_TT_C1097,90.7261051776527
Q72IN7_TT_C1095,83.8722794570948
Q72IP2_TT_C1090,89.5757208001473
Q72IP3_TT_C1089,91.7226358720495
Q72IP5_TT_C1087,85.63140250629644
Q72IP6_TT_C1086,88.3755356567296
Q72IP9_TT_C1083,97.67744804240886
Q72IQ0_TT_C1082,97.7588232113167
Q72IQ1_TT_C1081,85.92622092982336
Q72IQ5_trmFO,85.39430238100084
Q72IQ7_uvrA,82.53206306936025
Q72IQ9_comB,89.06862093693235
Q72IR0_TT_C1072,79.17377294648585
Q72IR2_TT_C1070,95.149103489143
Q72IR3_TT_C1069,97.0786567638486
Q72IR5_TT_C1067,72.8165095212346
Q72IR6_TT_C1066,72.2841670634843
Q72IR7_TT_C1065,84.2947197069665
Q72IR8_TT_C1064,95.9537537880736
Q72IS1_TT_C1061,89.69615415929121
Q72IS2_TT_C1060,88.4952929309354
Q72IS4_TT_C1058,78.7281827527316
Q72IS8_TT_C1054,88.6411252135865
Q72IT6_soxC,91.2232921725408
Q72IT9_TT_C1043,92.4070325818113
Q72IU4_ccmF,80.308728918495
Q72IU5_ccmG,96.0627730714208
Q72IU9_TT_C1032,85.2760593926648
Q72IV2_TT_C1029,87.4790631942002
Q72IV3_thrB,85.07295129859864
Q72IV4_nnrD,91.95705277348155
Q72IV5_cobB,86.13784117523365
Q72IV6_der,83.21931658963464
Q72IW0_TT_C1021,88.1666453532732
Q72IW1_aroB,77.7180787595687
Q72IW2_aroK,81.7317618753401
Q72IW3_aroC,96.4385557627529
Q72IW9_hicd,97.5083451641797
Q72IX5_TT_C1006,87.3912476540269
Q72IX6_TT_C1005,79.4718359355413
Q72IX8_TT_C1003,77.6165702443673
Q72IX9_TT_C1002,87.26124222232136
Q72IY0_TT_C1001,85.15244012950365
Q72IY1_TT_C1000,87.1787883520453
Q72IY2_TT_C0999,87.50844456328716
Q72IY3_TT_C0998,78.4565586189082
Q72IY4_TT_C0997,85.44436564355445
Q72IY7_TT_C0994,86.5760091940958
Q72IY8_TT_C0993,82.1437310959537
Q72IY9_TT_C0992,81.65432050195395
Q72IZ0_TT_C0991,89.8757922327846
Q72IZ1_gyrA,84.5636707557637
Q72IZ3_TT_C0988,87.20075539219135
Q72IZ4_TT_C0987,83.20075117466635
Q72IZ5_TT_C0986,82.9681653327246
Q72IZ7_TT_C0984,72.4142919104066
Q72IZ8_TT_C0983,81.29451174086441
Q72IZ9_nfi,84.35137042658775
Q72J00_TT_C0981,79.48600033610731
Q72J04_TT_C0977,85.14404182056425
Q72J05_TT_C0976,85.4204843295786
Q72J06_TT_C0975,79.06951962674215
Q72J08_dppC,91.0167978420012
Q72J09_dppB,75.2314998969092
Q72J11_livF,81.53496549469585
Q72J12_livG,82.0998754447008
Q72J13_livM,89.36446688343551
Q72J16_TT_C0965,90.29218518646289
Q72J19_TT_C0962,85.3680367276076
Q72J23_TT_C0958,83.9346671437287
Q72J24_purU,96.6151718934569
Q72J29_TT_C0952,74.567210757878
Q72J33_TT_C0948,82.5238214971115
Q72J34_TT_C0947,87.4396542682526
Q72J35_upp,88.75994261921
Q72J36_TT_C0945,91.26348010948834
Q72J39_miaB,73.7301879548452
Q72J40_TT_C0941,87.690303325229
Q72J42_TT_C0939,78.1100646651983
Q72J43_TT_C0938,83.54196186009365
Q72J44_TT_C0935,88.4892526000422
Q72J46_TT_C0933,90.8342105234883
Q72J47_rpiA,88.71890643333074
Q72J48_metG,93.5078794580765
Q72J51_ftsE,77.7787210057677
Q72J52_TT_C0927,95.6207453786922
Q72J55_TT_C0924,87.730409595413
Q72J56_sbcD,81.38479944841725
Q72J57_TT_C0922,72.547437891734
Q72J58_TT_C0921,77.7776590114081
Q72J59_TT_C0920,79.4604530821888
Q72J60_TT_C0919,97.8878724169485
Q72J63_TT_C0916,81.9201012700706
Q72J67_TT_C0912,87.23240220252984
Q72J72_atpA,92.10013698542136
Q72J73_atpB,92.12240052084559
Q72J74_atpD,94.0136818280672
Q72J76_TT_C0903,89.6421713459249
Q72J77_recG,76.2463684395735
Q72J82_TT_C0897,89.86254848662381
Q72J83_dnaG,79.16732529595066
Q72J85_TT_C0894,88.2823322530033
Q72J86_TT_C0893,86.25718714545326
Q72J87_TT_C0892,86.759765855948
Q72J90_TT_C0889,84.79049560998209
Q72J91_tsaD,87.0525920719475
Q72J92_secA,79.1895109762045
Q72J93_TT_C0886,90.1757751757829
Q72J94_TT_C0885,75.98067898392475
Q72J95_acsA,93.9326644349283
Q72J97_TT_C0882,91.515538471496
Q72J99_TT_C0880,85.844895195574
Q72JA0_minD,73.6793384969379
Q72JA3_potA,88.7530885615866
Q72JA4_potB,85.651021574079
Q72JA8_ilvD,88.0001322382312
Q72JA9_TT_C0870,92.74910273707809
Q72JB0_TT_C0869,83.2426364191753
Q72JB1_TT_C0868,81.0344310678416
Q72JB2_leuD,85.43476366945674
Q72JB3_leuC,77.4511245535345
Q72JB4_trpS,92.62722592735344
Q72JC5_TT_C0853,92.4993481313036
Q72JC6_TT_C0852,79.1973673412109
Q72JC7_TT_C0851,78.8642303666135
Q72JC8_ilvC,89.3158258675192
Q72JC9_leuA,83.5240554703782
Q72JD1_TT_C0847,78.84783398779379
Q72JD3_TT_C0843,90.1837041449477
Q72JE0_TT_C0832,84.5500530688845
Q72JE2_TT_C0830,86.7166031531175
Q72JE4_ftsI,90.5084635833951
Q72JE6_mreC,87.8656808381261
Q72JE7_TT_C0825,96.3968403918554
Q72JE8_TT_C0824,80.7484268411293
Q72JF0_ychF,79.11463748051165
Q72JF2_TT_C0820,78.8426761354273
Q72JF3_TT_C0819,87.3028798253297
Q72JF4_trmJ,90.32772663637245
Q72JF5_TT_C0817,80.0991667702356
Q72JF7_TT_C0815,84.34812111136844
Q72JF8_TT_C0814,82.2755727781176
Q72JG1_rimO,76.5516625037965
Q72JG2_trkA,90.79904269189255
Q72JG3_trkG,88.3969782304828
Q72JG4_TT_C0808,90.0550424639019
Q72JG7_valS,88.97899481433086
Q72JG9_ecJ,82.46758193911401
Q72JH2_TT_C0800,81.1734564270972
Q72JH3_TT_C0799,83.6120202975987
Q72JH5_TT_C0797,89.63938891579136
Q72JH7_TT_C0795,79.90237007679585
Q72JH8_TT_C0794,82.0124927970952
Q72JI0_TT_C0792,91.68795861515815
Q72JI1_merR,84.50750798488625
Q72JI4_TT_C0788,96.2676336919683
Q72JI7_TT_C0785,87.7923553961991
Q72JI9_TT_C0783,91.4761860474098
Q72JJ0_TT_C0782,87.0640483903781
Q72JJ1_TT_C0781,94.2882736519609
Q72JJ3_TT_C0779,89.68880925862184
Q72JJ4_TT_C0778,80.5224576779679
Q72JJ6_pacL,92.40991472284945
Q72JJ7_rnj,90.10263989540906
Q72JJ8_pnp,90.0238749530529
Q72JK0_TT_C0772,94.0593490664895
Q72JK2_TT_C0770,88.2787234391353
Q72JK5_TT_C0767,76.9534540789806
Q72JK6_TT_C0766,86.5208667790562
Q72JK7_TT_C0765,87.6888197662312
Q72JK8_TT_C0764,76.4754275402102
Q72JK9_TT_C0763,90.3401926647339
Q72JL1_TT_C0761,90.696499804998
Q72JL3_TT_C0759,98.5144283722251
Q72JL4_TT_C0758,93.54967542479115
Q72JL5_TT_C0757,98.9942116691844
Q72JL6_nusB,81.1871137560795
Q72JL7_folD,97.2040380404494
Q72JM0_TT_C0752,86.4775752915924
Q72JM3_TT_C0749,93.79560491609655
Q72JM6_lon2,88.32563415658275
Q72JM7_TT_C0745,93.8023881876852
Q72JM8_TT_C0744,87.70138259983165
Q72JN2_murM,82.2601040689876
Q72JN6_TT_C0734,82.30449155777245
Q72JN8_ligA,96.9666976767505
Q72JN9_thyX,91.79026954595955
Q72JP1_mqnC,78.36491848547826
Q72JP3_ruvC,76.0211637920078
Q72JP4_ftsZ,77.92610990777484
Q72JP5_ftsA,79.51536168080075
Q72JP7_murB,79.83512006411925
Q72JP8_TT_C0720,83.64030572663026
Q72JP9_murG,78.46837972974905
Q72JQ1_murD,77.6631595082636
Q72JQ4_TT_C0714,74.7512157890123
Q72JQ5_ftsI,81.4334699632972
Q72JR1_mtnA,89.26784408957869
Q72JR3_TT_C0705,89.54933329989065
Q72JR5_TT_C0703,88.4943964998499
Q72JR6_ileS,91.47911478344864
Q72JR8_rho,79.4842642775927
Q72JS0_TT_C0698,86.24181591481886
Q72JS1_ribA,82.51902012221225
Q72JS2_TT_C0696,86.8054705391082
Q72JS3_mgtE,90.4204382974736
Q72JS5_queA,83.846718412918
Q72JS6_TT_C0692,93.0890534644538
Q72JS7_glmM,82.47225587330814
Q72JS8_TT_C0690,90.45015417070445
Q72JS9_TT_C0689,77.14536518406649
Q72JT0_aroE,86.095585860766
Q72JT2_TT_C0686,89.31465988358555
Q72JT4_phoH,91.14135387356811
Q72JT7_TT_C0681,87.37850493730755
Q72JT9_lysS,89.90686047186165
Q72JU0_czrB,87.52087736876484
Q72JU1_TT_C0677,88.8439777316689
Q72JU2_TT_C0676,87.7591939720402
Q72JU4_ffh,78.17135182560884
Q72JU6_TT_C0672,85.9723566949461
Q72JU7_rimM,81.78151428735455
Q72JU8_trmD,93.0526754194436
Q72JU9_rplS,75.02004078173985
Q72JV0_TT_C0668,80.84813016995095
Q72JV1_TT_C0667,81.83992080492754
Q72JV2_TT_C0666,81.44731877120955
Q72JV3_TT_C0665,79.5565785900118
Q72JV4_TT_C0664,89.3161697156827
Q72JV5_TT_C0663,80.5767531458187
Q72JX0_TT_C0648,79.3039728958447
Q72JX4_TT_C0644,86.03192913693715
Q72JX5_TT_C0643,87.89673832806736
Q72JX9_TT_C0639,79.62823311359324
Q72JY0_TT_C0638,79.86917343406554
Q72JY1_TT_C0637,85.9915997611414
Q72JY2_TT_C0636,94.1462092842767
Q72JY3_TT_C0635,92.3571220641833
Q72JY5_TT_C0633,79.7745240673994
Q72JY6_TT_C0632,83.0412664314262
Q72JY9_TT_C0629,81.4026359475672
Q72JZ1_TT_C0627,86.27654633125184
Q72JZ2_marR,89.6282212962484
Q72JZ4_TT_C0624,94.9672792444872
Q72JZ6_TT_C0622,79.95506713805796
Q72JZ8_nadA,74.7752097877827
Q72JZ9_TT_C0619,80.69129467807785
Q72K01_TT_C0617,86.20088083315495
Q72K04_TT_C0614,94.95097262438654
Q72K07_TT_C0611,95.3832719788237
Q72K08_TT_C0610,81.9100767720114
Q72K09_tetR,84.4107794436218
Q72K10_paaA,81.74165623015361
Q72K11_paaB,78.46422617202005
Q72K12_paaC,84.29571624659701
Q72K13_paaD,72.6274555920639
Q72K14_paaZ,87.3860811471796
Q72K15_TT_C0603,85.6029774721035
Q72K16_TT_C0602,87.1886503015341
Q72K18_livF,84.5318117209805
Q72K19_livM,90.5521539713169
Q72K23_TT_C0595,95.0384904153735
Q72K24_TT_C0594,88.6489783269183
Q72K25_TT_C0593,84.4923002357658
Q72K32_TT_C0586,82.1270575244139
Q72K33_degV,90.7219872093782
Q72K49_TT_C0569,90.0033390347529
Q72K50_TT_C0568,90.16643219645076
Q72K53_ftsK,77.42340118578684
Q72K54_TT_C0473,86.1376007886186
Q72K57_kefC,89.9131919591567
Q72K60_TT_C0467,82.5195193720262
Q72K62_TT_C0465,85.21833796826705
Q72K64_TT_C0463,83.17446461366855
Q72K65_TT_C0497,87.28050696799235
Q72K66_recX,79.472959785826
Q72K67_TT_C0495,82.3586306453264
Q72K69_prkA,79.86103407016074
Q72K70_asnC,81.18889503484405
Q72K73_TT_C0298,79.60258419800115
Q72K74_prmA,84.2543778884405
Q72K76_TT_C0295,83.2152359976024
Q72K77_TT_C0294,85.42562389774845
Q72K78_TT_C0293,89.03430165806155
Q72K83_hemL,96.568370417471
Q72K85_mnmE,75.6058054098257
Q72K86_purH,91.8079070630008
Q72K87_coaD,96.039264506466
Q72K88_TT_C0559,76.1736004883805
Q72K90_coaE,81.6736962981046
Q72K91_TT_C0556,89.16368644092115
Q72K92_TT_C0555,84.24153041760826
Q72K93_rnr,76.9058132401544
Q72K94_argD,88.7641948326509
Q72K96_TT_C0551,74.41804459652445
Q72KA0_TT_C0547,83.3685249406054
Q72KA1_smpB,86.0286375754572
Q72KA2_TT_C0545,92.11251887800884
Q72KA3_TT_C0544,89.4459336732631
Q72KA4_TT_C0543,74.89267472267986
Q72KA5_TT_C0542,90.1372506802619
Q72KA6_TT_C0541,97.2997991816276
Q72KA7_TT_C0540,89.6456877744138
Q72KA8_TT_C0539,95.2313389786957
Q72KA9_hslO,82.8948830147913
Q72KB0_cysS,91.19282209409681
Q72KB1_TT_C0536,90.7713558942084
Q72KB2_TT_C0535,92.8998947560832
Q72KB3_TT_C0534,91.22452152633235
Q72KB4_mfd,74.50463583264684
Q72KB6_TT_C0531,93.5885217506685
Q72KB7_rfaG,87.5340871234556
Q72KB8_TT_C0529,91.9024537834184
Q72KB9_rfbF,77.553667909866
Q72KC0_TT_C0527,89.35811168001905
Q72KC1_TT_C0526,79.38332102614675
Q72KC3_TT_C0524,87.1018103066668
Q72KC4_TT_C0523,88.01059660983955
Q72KC7_menC,94.600041879587
Q72KC8_TT_C0518,96.4574585295312
Q72KC9_TT_C0517,89.48367420111771
Q72KD3_TT_C0513,88.90266853111885
Q72KD4_TT_C0512,72.4591158146073
Q72KD5_mutT,78.73301055612384
Q72KD6_TT_C0510,93.146087834117
Q72KD8_tsf,85.3826740115347
Q72KE0_frr,72.3216461234839
Q72KE1_TT_C0505,90.7100215444006
Q72KE2_dxr,88.93001135636175
Q72KE3_TT_C0503,86.8504637325325
Q72KE4_TT_C0502,79.13570070744274
Q72KE6_TT_C0499,81.60777682211756
Q72KE7_TT_C0498,89.6183058202896
Q72KE8_infB,90.5521283625494
Q72KF0_secD,89.713565249485
Q72KF2_TT_C0343,89.11655950616515
Q72KF5_phzF,78.22823952494696
Q72KF6_TT_C0357,79.90783326713651
Q72KF7_asnS,95.0332380419233
Q72KF8_pdxT,79.86070308973055
Q72KF9_TT_C0354,84.34455835269111
Q72KG2_TT_C0351,76.2502508914476
Q72KG3_rimP,79.3648917764028
Q72KG6_TT_C0369,82.42530807045634
Q72KG7_TT_C0368,93.6590998542874
Q72KG8_TT_C0367,79.5609754240492
Q72KH0_TT_C0365,87.7334886756288
Q72KH2_TT_C0363,85.7165145820522
Q72KH6_aspS,93.1894417739003
Q72KI0_TT_C0480,79.2200946507
Q72KI1_TT_C0479,89.6515127480602
Q72KI2_TT_C0478,89.7451826654944
Q72KI3_acuB,84.88885382892599
Q72KI6_TT_C0489,78.86754550775025
Q72KI7_tlpA,97.8224666462576
Q72KI8_TT_C0487,86.3414564434632
Q72KJ3_TT_C0441,83.42567432519539
Q72KJ5_TT_C0439,85.6002837220369
Q72KJ6_TT_C0438,87.0329933505014
Q72KK0_TT_C0448,77.83971792169424
Q72KK1_TT_C0447,78.93763538816205
Q72KK5_TT_C0443,77.3466772280393
Q72KK6_TT_C0305,79.55442432262315
Q72KK7_TT_C0304,79.48706816526385
Q72KK9_TT_C0302,91.0520441839552
Q72KL0_TT_C0301,87.38039621429935
Q72KL1_TT_C0300,92.1015417230954
Q72KL4_TT_C0307,86.7828909963579
Q72KL5_TT_C0306,91.64550447098475
Q72KL8_thiE,85.8706622862112
Q72KM0_TT_C0313,84.8012823948228
Q72KM1_TT_C0312,78.57886350525024
Q72KM2_TT_C0311,88.8688038473941
Q72KM3_TT_C0384,95.1062968896637
Q72KM6_TT_C0382,83.8374673216947
Q72KM7_marR,72.5302921387264
Q72KM9_TT_C0379,90.4194474285169
Q72KN1_TT_C0376,88.24091808157894
Q72KN2_TT_C0375,88.4101636848992
Q72KN3_TT_C0374,82.98384912775735
Q72KN4_TT_C0377,85.09467029544085
Q72KN5_TT_C0373,82.2485648536825
Q72KN7_TT_C0371,87.03050993636634
Q72KN9_thiG,91.3483572551537
Q72KP0_tolQ,79.5355584965726
Q72KP1_exbD,84.9326545887234
Q72KP4_TT_C0321,84.8132146324993
Q72KP6_thiC,82.38383002307995
Q72KP8_TT_C0340,88.6025616767785
Q72KQ4_livF,92.9391086625682
Q72KQ5_TT_C0333,84.44130652409771
Q72KQ6_TT_C0462,79.4851609848433
Q72KQ7_TT_C0461,81.584539091225
Q72KQ8_purD,91.56719279992905
Q72KQ9_purN,90.15485282335875
Q72KR0_TT_C0458,94.7148377984545
Q72KR1_TT_C0457,87.45456909754981
Q72KR3_TT_C0455,79.92389021081911
Q72KR6_mqnE,75.04725017893881
Q72KR7_mqnA,85.14098847596574
Q72KR9_TT_C0422,84.34067843309106
Q72KS0_TT_C0410,97.3537121350878
Q72KS2_TT_C0420,90.8053255470598
Q72KS4_lon1,77.734477959158
Q72KS5_TT_C0417,94.3329893857745
Q72KS6_TT_C0416,97.1161628391463
Q72KS8_TT_C0414,92.8733645685164
Q72KT0_TT_C0412,86.39020683290826
Q72KT1_TT_C0411,73.3431267045656
Q72KT2_TT_C0435,92.3326273832707
Q72KT3_TT_C0434,82.8727717600814
Q72KT6_TT_C0431,92.29127321180155
Q72KT9_pyrR,87.1287939323748
Q72KU0_pyrB,77.461592567783
Q72KU1_pyrC,93.1073826122001
Q72KU3_pyrD,83.7394919985409
Q72KU7_TT_C0394,92.4849548916155
Q72KU9_fecE,88.4318913484815
Q72KV0_fecD,86.7115517808482
Q72KV2_lepA,83.1260601950128
Q72KV3_TT_C0388,86.7750361728002
Q72KV4_TT_C0387,88.65491151868154
Q72KV5_TT_C0386,86.6469259222304
Q72KV6_sufE,86.0849670027844
Q72KV7_TT_C0408,88.23190361042026
Q72KV8_TT_C0406,88.9171710602866
Q72KV9_TT_C0405,77.36524699874386
Q72KW2_TT_C0402,80.75428916494019
Q72KW3_TT_C0401,86.6204338032586
Q72KW6_TT_C0398,85.75750299615859
Q72KW7_TT_C0397,95.7586571341783
Q72KW8_TT_C0332,80.5823225387876
Q72KW9_TT_C0331,90.02005310291135
Q72KX0_TT_C0330,85.52956875448065
Q72KX1_TT_C0329,98.3361874445035
Q72KX3_TT_C0327,92.5906525885192
Q72KX4_TT_C0326,93.1031958409837
Q72KX7_TT_C0288,80.18349601409284
Q72KX8_wbpB,83.73151197424875
Q72KX9_TT_C0286,97.4455458651798
Q72KY0_TT_C0285,78.1279063644134
Q72KY1_TT_C0284,90.06170431306211
Q72KY3_TT_C0282,81.77028246902876
Q72KY4_TT_C0281,85.757971318366
Q72KY5_TT_C0280,83.1465412537801
Q72KY6_TT_C0279,76.19375175080984
Q72KY9_TT_C0276,77.8344865284309
Q72KZ0_TT_C0275,83.5566401924935
Q72KZ1_TT_C0274,86.3602239122022
Q72KZ4_TT_C0271,73.89958975961386
Q72KZ5_TT_C0270,81.1611918833944
Q72KZ6_TT_C0269,97.8869698568936
Q72KZ7_chlI,77.70543960180895
Q72L01_hslU,83.5064582097618
Q72L05_ppc,89.16766791497295
Q72L06_TT_C0259,85.7983104218101
Q72L08_greA,88.1313009510458
Q72L09_TT_C0256,98.7955655078267
Q72L10_TT_C0255,77.5258799282908
Q72L12_TT_C0253,78.982323826711
Q72L13_TT_C0252,93.12405942768335
Q72L14_clpX,77.08000194368445
Q72L15_clpP,77.80575775152475
Q72L16_tig,83.0049242732895
Q72L19_TT_C0245,87.13593968512424
Q72L20_TT_C0243,87.6776292467032
Q72L21_bioB,80.2993384626295
Q72L24_tetR,88.04597015452545
Q72L25_TT_C0238,91.78512635922175
Q72L27_TT_C0236,87.9734569032076
Q72L28_TT_C0235,94.4968721442223
Q72L31_hemE,89.2748503222427
Q72L33_TT_C0230,74.87140753470246
Q72L35_TT_C0228,83.0735207483024
Q72L37_TT_C0226,84.4779640828522
Q72L38_TT_C0225,98.2282560119789
Q72L39_TT_C0224,89.4051681608127
Q72L41_TT_C0222,86.1523589804472
Q72L44_livF,92.3466806758541
Q72L46_TT_C0217,87.9278116982558
Q72L49_TT_C0214,95.6889659459843
Q72L52_TT_C0211,83.58760284736995
Q72L54_TT_C0209,87.87937092868015
Q72L56_TT_C0207,75.2068715677552
Q72L57_TT_C0206,87.7602616890849
Q72L58_gatA,92.10442229497545
Q72L59_miaA,87.7167596888064
Q72L61_TT_C0202,84.14023821299884
Q72L62_tdh,93.09477744404575
Q72L63_TT_C0200,88.4770654395861
Q72L64_acyP,72.9936397044874
Q72L65_hflX,72.2764731356566
Q72L67_TT_C0196,76.39862606671934
Q72L68_ylmE,89.8200676665561
Q72L70_TT_C0193,86.2488184861283
Q72L71_TT_C0192,75.2644558659626
Q72L73_mqnB,91.4853072730388
Q72L74_plsY,78.014686212832
Q72L76_rplT,76.8511654583524
Q72L79_TT_C0181,86.55485077338204
Q72L82_TT_C0178,89.83752138087326
Q72L83_asd,88.9874968550326
Q72L85_glyQS,84.9239522501027
Q72L86_clpA,75.21662184310634
Q72L87_radA,74.4553121596695
Q72L88_TT_C0172,83.63870613857105
Q72L89_bpsA,94.7548381604419
Q72L90_sucC,89.93539877326029
Q72L91_TT_C0169,90.1380374845341
Q72L94_TT_C0165,84.3694165109127
Q72L95_sigA,87.61191392384251
Q72L97_TT_C0162,83.74273958551126
Q72L99_TT_C0160,90.41298673832645
Q72LA0_TT_C0159,74.8450200903564
Q72LA1_TT_C0158,81.0495153067946
Q72LA2_TT_C0157,85.5832920904069
Q72LA7_TT_C0152,83.0287569312693
Q72LA9_gcvPA,92.95741092633276
Q72LB1_gcvT,92.29386767545915
Q72LB2_TT_C0147,83.83740517967175
Q72LB4_TT_C0145,80.3204936987992
Q72LB5_TT_C0144,98.826845061182
Q72LB6_TT_C0143,81.76921634768371
Q72LB9_TT_C0140,91.8521920501371
Q72LC2_purK,92.6493286570936
Q72LC4_TT_C0135,88.75682030435979
Q72LC5_TT_C0134,84.1426045023216
Q72LC6_TT_C0133,95.8625053637885
Q72LC7_merR,80.55582913599625
Q72LC8_clR,75.8175617875648
Q72LC9_TT_C0130,92.8430907813939
Q72LD0_TT_C0129,87.0809513699021
Q72LD1_glcE,87.39554345816771
Q72LD2_glcF,83.20237441991
Q72LD4_vapC,80.1569100505871
Q72LD5_TT_C0124,89.86175017514694
Q72LD7_TT_C0122,82.4634916464343
Q72LD8_TT_C0121,91.0432548080459
Q72LE8_TT_C0111,77.75994340703565
Q72LE9_lnt,89.3068386466755
Q72LF0_TT_C0109,94.5806201308644
Q72LF2_TT_C0107,98.228247637491
Q72LF3_TT_C0106,78.56623877016361
Q72LF5_TT_C0104,89.01139980675805
Q72LF6_acuB,88.85425335783924
Q72LF7_appF,79.93696090018841
Q72LF8_appD,80.0527827466229
Q72LG0_appB,95.6799629863703
Q72LG5_TT_C0094,82.8008477207775
Q72LG9_TT_C0090,85.5559495911842
Q72LH0_cmk,83.2409137694451
Q72LH1_aroA,94.4900778680604
Q72LH3_TT_C0086,77.1919853261446
Q72LH6_livF,79.20532949089485
Q72LH8_livM,85.0667708987367
Q72LI0_TT_C0079,80.94525232379584
Q72LI1_livG,85.2296445409585
Q72LI4_yidC,85.9446235818445
Q72LI5_TT_C0074,85.7791475497243
Q72LI6_prmC,86.562674342513
Q72LI7_TT_C0072,84.04465792893805
Q72LI8_TT_C0071,89.0828907792419
Q72LI9_gltX,96.60387501119715
Q72LJ1_tsY,82.85003563345231
Q72LJ6_TT_C0063,88.16246920516065
Q72LJ9_hisC,93.7660560128444
Q72LK2_TT_C0057,80.63566333579345
Q72LK3_TT_C0056,78.06018313776156
Q72LK5_TT_C0054,83.6009514609041
Q72LK6_TT_C0053,87.4987048301018
Q72LK7_TT_C0052,96.54672514669164
Q72LK8_TT_C0051,75.562886458068
Q72LL0_fabH,86.05045246068636
Q72LL1_TT_C0048,90.8064320296759
Q72LL2_TT_C0047,90.428126733307
Q72LL4_TT_C0045,98.3776317956502
Q72LL5_TT_C0044,81.3630580828809
Q72LL6_lysN,96.010497924929
Q72LM0_panB,96.38924567102875
Q72LM1_TT_C0037,79.0165889140959
Q72LM2_TT_C0036,85.2276451562021
Q72LM3_ftsH,82.6738740923062
Q72LM6_TT_C0032,95.2370547842835
Q72LM8_TT_C0030,92.5227324466898
Q72LM9_TT_C0029,91.2993906216852
Q72LN4_coA,94.0565155622091
Q72LN7_TT_C0021,90.0604841495862
Q72LN8_TT_C0020,86.44392573307285
Q72LN9_tatC,97.344891395616
Q72LP1_glmU,89.40386934951545
Q72LP2_lgt,92.9233178607334
Q72LP6_TT_C0012,87.6846438189992
Q72LP8_TT_C0010,72.268599003533
Q72LQ1_TT_C0007,86.36987606677975
Q72LQ2_vdcC,81.8015140574046
Q72LQ3_TT_C0005,75.0173019239469
Q72LQ4_TT_C0004,89.296465765017
Q72LQ5_TT_C0003,95.7421175624259
Q72LQ6_TT_C0002,94.5709347580648
Q745S8_TT_P0229,95.795038059263
Q745T0_TT_P0227,85.3248974605555
Q745T2_TT_P0225,79.22616794989776
Q745T6_TT_P0221,87.55626200890194
Q745T7_TT_P0220,82.1996113705149
Q745U6_TT_P0211,89.72679818461356
Q745U7_TT_P0210,78.4580678848996
Q745V1_vapC,85.18224731157156
Q745V2_TT_P0205,94.6557558878958
Q745V3_TT_P0204,84.60882052668646
Q745V4_TT_P0201,87.97346772887505
Q745V5_TT_P0200,88.83966675295125
Q745V6_TT_P0199,84.75447400586485
Q745V7_TT_P0198,77.42316461781604
Q745W2_vapC,87.7892587862765
Q745W4_TT_P0191,78.1076602779828
Q745W6_TT_P0189,88.94797709916861
Q745X5_TT_P0180,86.2964441845576
Q745X6_hmuT,87.0910745151904
Q745Y0_TT_P0175,92.8118557026122
Q745Y1_TT_P0174,75.1442906205685
Q745Y4_TT_P0171,84.83184321382986
Q745Y8_TT_P0167,79.52760216597619
Q745Z0_TT_P0165,85.6875101565259
Q745Z1_TT_P0164,91.95394703440505
Q745Z3_TT_P0162,76.48805756434486
Q746A0_TT_P0155,91.12175998565459
Q746A1_TT_P0154,76.20589301439225
Q746A8_TT_P0147,81.979411288469
Q746B2_TT_P0143,86.0055454182454
Q746B3_vapC,91.7785606134278
Q746B7_fdhD,78.0509053247092
Q746B8_TT_P0137,85.62981426743265
Q746C0_TT_P0135,89.32543038596566
Q746C1_TT_P0134,87.84155336760611
Q746C2_cas5d,87.5498800721255
Q746C7_TT_P0128,78.2188807475191
Q746C8_TT_P0127,78.891095553737
Q746C9_TT_P0126,80.15048658910396
Q746D0_TT_P0125,75.1547849006222
Q746D3_TT_P0122,89.09806332560365
Q746D5_TT_P0120,96.8773587990159
Q746D6_TT_P0119,94.1573382463495
Q746D7_TT_P0118,95.22266460587514
Q746D8_TT_P0117,96.9185488378726
Q746D9_TT_P0116,96.3461811988736
Q746E0_TT_P0115,91.86326225849615
Q746E1_TT_P0114,86.272138273531
Q746E2_TT_P0113,90.2102846615934
Q746E3_TT_P0112,89.22022229416025
Q746E4_TT_P0111,83.68484063126755
Q746E5_TT_P0110,80.94633007244055
Q746E8_TT_P0107,89.9528590681725
Q746F2_TT_P0103,89.9838554962332
Q746F3_TT_P0102,83.39393371879615
Q746F4_cas2b,87.66567323962225
Q746F8_vapC,89.94170974990476
Q746F9_TT_P0096,93.0290011861472
Q746G0_msrA,84.00074783322795
Q746G5_TT_P0090,80.3392539915421
Q746H0_TT_P0085,81.4679419288549
Q746H1_parA,75.9746119231317
Q746H2_parB,86.9940075807899
Q746H3_TT_P0082,91.1398956047446
Q746H7_TT_P0078,86.25841456147606
Q746H8_TT_P0077,84.8733585743739
Q746H9_TT_P0076,86.70812857933316
Q746I0_TT_P0075,89.3994339516621
Q746I1_aidB,87.2753521873026
Q746I4_TT_P0071,95.64026181999586
Q746I9_TT_P0066,88.4745200187063
Q746J3_TT_P0062,87.1078863056738
Q746J6_TT_P0059,88.41724377038815
Q746J7_TT_P0056,88.397723010397
Q746J9_TT_P0054,84.9428650537698
Q746K1_TT_P0052,85.1483033918652
Q746K4_TT_P0049,86.050157772035
Q746K5_TT_P0048,83.5520588328994
Q746L4_TT_P0039,92.7980492398021
Q746L5_TT_P0038,81.5167134640825
Q746L6_TT_P0037,89.0605627293995
Q746L7_TT_P0036,86.0867854004966
Q746L8_TT_P0035,91.74343362424139
Q746L9_TT_P0034,90.241209213703
Q746M7_TT_P0026,75.787021465898
Q746M9_TT_P0024,89.38357656550414
Q746N0_cobQ,75.54153420618661
Q746N3_TT_P0020,88.2621200273063
Q746N4_cbiB,85.8889028718957
Q746N6_TT_P0017,88.74040020746534
Q746N7_TT_P0016,82.5658209064926
Q746N8_cbiX,73.25409660518264
Q746N9_cbiG,81.95447005182565
Q746P0_TT_P0013,77.55942956120535
Q746P1_TT_P0012,90.00989079762886
Q746P2_TT_P0011,88.47707033160935
Q746P3_TT_P0010,86.470338411948
Q746P4_TT_P0009,90.7783829036866
Q746P5_TT_P0007,88.0579493894202
Q746P6_TT_P0006,81.4872462896126
Q746P7_cobT,87.6219922887075
Q746Q0_TT_P0002,80.6306153633692
Q746Q1_TT_P0001,79.39908011599886
Q75W54_EBM,46.4763071203236
Q76FF5_His4,41.690566997843
Q76FS5_SPS2,47.2833797226277
Q76KJ5_Cd3eap,49.835765086026
Q76LS9_Fam63a,47.835419056996
Q76LS9_Mindy1,45.4328656996128
Q76M72_Slc22a27,54.1653458837366
Q76MZ3_Ppp2r1a,50.5537040817165
Q76N33_Stambpl1,49.04094716501835
Q78HU3_Mvb12a,47.4747495709734
Q78IK2_Usmg5,54.938350677656345
Q78IK4_Apool,46.572867004272
Q78IS1_Tmed3,48.193583076507494
Q78J03_Msrb2,50.7914497672229
Q78JE5_Fbxo22,49.7119973890738
Q78JT3_Haao,58.8517553746534
Q78JW9_Ubfd1,51.0103352110479
Q78KK3_Slc22a18,48.5982317213087
Q78NN4_Rgs19,44.94438018630635
Q78P92_Frg1,49.36524309717325
Q78PG9_Ccdc25,49.8559036257656
Q78PY7_Snd1,45.2489340237422
Q78RX3_Smim12,53.1713477298027
Q78S06_Sys1,50.0816416423298
Q78T54_Vma21,46.4384270857751
Q78XF5_Ostc,49.74612758257105
Q78XR0_Trappc6a,50.4025761339969
Q78YY6_Dnajc15,51.7176100619987
Q78ZA7_Nap1l4,54.1333146962749
Q78ZC4_Nat2,48.818322790706304
Q78ZJ8_Rab11b,46.09533302882255
Q78ZM0_Snx3,46.79313327646675
Q790I0_Vars,47.10913226654975
Q790L7_Ccnd1,51.8100638740385
Q790Y8_G6pdx,50.38582936443525
Q791P0_Vamp5,51.6403137461272
Q791T5_Mtch1,50.2499039963672
Q791V5_Mtch2,48.1352808579695
Q792A4_Cox7a1,52.82518300938765
Q792F9_Itga4,58.1243567275247
Q792S7_Tap2,45.80065526564415
Q794W0_yycH,47.430444893553
Q795M6_yugH,41.9185046561026
Q795R2_ytcQ,42.5843611228712
Q795R8_ytfP,43.1140801524296
Q795U4_ytkL,42.1143845927131
Q795Y4_yrhE,38.7290935654213
Q796K8_pbpH,41.3049005359624
Q796P5_yitY,48.2507952830911
Q796Y8_ygaF,48.7077570127956
Q796Z1_ygaC,42.7531232566663
Q797E6_fra,49.2889769836829
Q797S1_ybbF,38.3046620642206
Q7BVT7_yerC,37.2141722123035
Q7DLR9_PBG1,59.5765595140837
Q7DMA9_PAS1,40.5694132788098
Q7JCZ0_mt-Atp8,51.2074470862365
Q7JCZ1_mt-Co2,58.5210437392789
Q7JJ13_Brd2,46.4024102701975
Q7JL02_CELE_T01D3.3,52.9228772743743
Q7JL40_pyk-1,40.0435122021177
Q7JLY9_CELE_T12G3.2,40.6861403493706
Q7JM90_prx-5,41.5165005547908
Q7JMA9_spr-2,42.0037181747162
Q7JMS5_CELE_F40F12.7,43.7258887389464
Q7JNS1_Tpi,45.3718477866822
Q7JP67_CELE_F10D7.5,38.8024795964977
Q7JP82_ins-14,42.5029184844167
Q7JPI2_suf-1,37.3590018398807
Q7JQ32_Gyc76C,48.6732529083863
Q7JQD2_,34.6526370683846
Q7JQW6_Las,42.4131402649925
Q7JR71_Sod3,45.1534043538101
Q7JRE4_MAN1,46.3913995135645
Q7JUR6_CG18812,41.1873580698775
Q7JUY7_ced-6,40.498515669653
Q7JW12_CG11007,40.0636868523888
Q7JW27_wash,46.5094352295482
Q7JWR9_CG8635,46.8554800260025
Q7JXF5_Nup62,46.4157520740089
Q7JXF7_sel,48.2952869041293
Q7JZB4_CG1129,43.2659149911231
Q7K0D8_Nup50,42.0205773754104
Q7K0E3_Mob4,49.6621411764414
Q7K175_Hen1,40.9827736285758
Q7K1V5_jagn,39.9714539702132
Q7K1Y4_Ciao1,44.88666833949
Q7K237_C1GalTA,42.3803194339226
Q7K2B0_CG7137,36.2006200882586
Q7K2D2_DCTN2-p50,57.0851427674139
Q7K2G1_Rpn13,45.6146477749134
Q7K3B9_CG7544,38.876936314504
Q7K3D8_DMAP1,42.4003926740115
Q7K3L1_mars,41.2127268541713
Q7K480_bin3,44.0993743581794
Q7K486_CG5721,41.2159102777338
Q7K4B3_Elp2,41.2469363213084
Q7K4B4_dgt5,38.7181016447635
Q7K4H4_CG2982,46.865145391787
Q7K4M4_tef,39.8634743293285
Q7K4Q5_CG10417,43.4097146168002
Q7K4W1_CG6550,41.916648206937
Q7K556_Ttd14,36.9738317745118
Q7K707_gpi-1,41.9753051687513
Q7K866_tre-2,42.1716172312642
Q7KHA1_Pgm,45.8993615768586
Q7KKH3_Mys45A,41.0212581435364
Q7KLV9_Rpn6,37.7081107527346
Q7KML2_CG5009,50.5456713154375
Q7KN79_CG7686,46.1668751743467
Q7KN90_CysRS,45.4825013051234
Q7KNF2_Pabp2,43.0112726719191
Q7KPW7_mrpl-1,31.3215129216369
Q7KQM6_CG11148,40.9674137294506
Q7KQZ4_lola,48.5755645964266
Q7KRI2_lolal,42.1869831251859
Q7KRR5_Pngl,35.9897292443445
Q7KRW8_CG1646,37.3182019321315
Q7KRY6_ball,43.4830535729927
Q7KRY7_scrib,41.4033266183377
Q7KT91_CG33090,43.2260584191932
Q7KTH8_CSN8,39.0234319375805
Q7KUT2_Lon,39.258159503672
Q7KVA1_oxt,42.2119111778812
Q7KVQ0_CG4038,54.1733626517895
Q7KVS9_Trf4-1,45.2914810077711
Q7KVY7_Syx4,42.8031588772543
Q7KW39_CG17896,39.7929221572747
Q7KX00_CELE_Y48G8AL.15,35.0898196140467
Q7M6Y3_Picalm,54.0959604222499
Q7M6Y6_Mroh2b,51.755207176043996
Q7M759_Abhd17b,53.173420552513406
Q7PLI2_Nipped-B,44.4376943377943
Q7PLI7_CG17528,39.6513412539269
Q7SXA1_rpl26,48.8061291018262
Q7SXN1_shmt1,53.5641808135397
Q7SY20_srm,48.6866939713072
Q7SY41_dnajc24,63.9621118598134
Q7SY46_atp6v1aa,43.3019794511127
Q7SYD0_cbr1,44.8803212564991
Q7SYM7_fmr1,52.1231551582422
Q7SZY1_hcfc1a,52.2582043856426
Q7T2A5_eif3l,52.5076282061071
Q7T387_abhd14b,53.3601598553683
Q7T3G2_ywhah,53.2452051985539
Q7TMB8_Cyfip1,49.037909726819
Q7TMC8_Fuk,58.083173549132454
Q7TMF3_Ndufa12,42.2747098025983
Q7TMG8_Gbas,53.00240191649765
Q7TMI3_Uhrf2,43.651702875788246
Q7TMK6_Hook2,51.36079740922405
Q7TMK9_Syncrip,53.5216263137142
Q7TMM9_Tubb2a,46.8827932109156
Q7TMQ7_Wdr91,48.4632544650539
Q7TMR0_Prcp,56.475762640148
Q7TMS5_Abcg2,43.9351492792212
Q7TMW6_Narfl,52.849523306858
Q7TMX5_Shq1,48.4417795624675
Q7TMY7_Ipo8,44.69754685785505
Q7TMY8_Huwe1,50.300395943671
Q7TN22_Txndc16,50.7684907733682
Q7TN29_Smap2,48.5999027351242
Q7TN31_Aggf1,52.3768994517451
Q7TN79_Akap7,49.9289361091781
Q7TNC4_Luc7l2,47.195467464973646
Q7TNC9_Inpp5a,50.4641522293324
Q7TNE1_Sugct,46.5588563899358
Q7TNE3_Spag7,54.820377352779246
Q7TNG5_Eml2,57.4121467247987
Q7TNG8_Ldhd,58.0930952980399
Q7TNS2_Minos1,57.9665913740894
Q7TNV0_Dek,49.6324758467088
Q7TNY3_Rcan1,49.041342424020854
Q7TPD2_Fam185a,54.249648102456646
Q7TPE5_Slc7a6os,52.79442484665125
Q7TPR4_Actn1,60.306253149998
Q7TQ95_Lnp,57.75167768921705
Q7TQC5_Aptx,47.7878387163211
Q7TQD5_Cpt1a,49.39646655330575
Q7TQE2_Zyx,52.930452682817446
Q7TQE6_Tmem57,48.054613909120604
Q7TQH7_Lrp10,52.9169370226299
Q7TQI3_Otub1,49.4064334750968
Q7TQK1_Ints7,50.7028679406241
Q7TQK4_Exosc3,48.9797666926575
Q7TQK5_Ccdc93,46.4819922650557
Q7TS68_Nsun6,54.0251115056939
Q7TS74_Ckap2l,50.3295137222801
Q7TSC1_Prrc2a,54.9382059263863
Q7TSE6_Stk38l,44.9991787504898
Q7TSF4_Lrrc75a,42.695112121651505
Q7TSG2_Ctdp1,48.4150134850836
Q7TSH6_Scaf4,47.0841601959055
Q7TSI1_Plekhm1,46.10733927884975
Q7TSI3_Ppp6r1,48.8466037370626
Q7TSQ8_Pdpr,47.8423238302767
Q7TSS2_Ube2q1,48.14328192015685
Q7TSV4_Pgm2,52.1984445149494
Q7TSY8_Sgo2,41.7525486318763
Q7TT21_Tsc2,49.1159805340326
Q7TT28_Rexo1,47.153780155805
Q7TT37_Ikbkap,47.3498817306641
Q7TT50_Cdc42bpb,44.7748594559552
Q7WY72_ylzA,45.7676169929044
Q7WY74_ygzB,50.0829833690389
Q7WY76_yezE,40.0523622042038
Q7X215_csaB,83.7908321448823
Q7X659_VPS35A,41.0889857633623
Q7XA67_MTN2,50.2533203144361
Q7XJ60_EB1A,39.4623410635462
Q7XJJ7_FAAH,67.5820952500858
Q7XJR9_CPK16,50.0445247243308
Q7XZU0_SAC9,40.4101025674439
Q7XZU1_SAC4,50.7602055075946
Q7Y208_GDPDL1,51.3670649544285
Q7Y232_UGT73B4,47.8666385729016
Q7YTG1_eps-8,49.2956589709304
Q7YTG7_CELE_D2030.2,34.6368633416593
Q7YTG9_cpsf-4,40.8389040983274
Q7YTI4_CELE_Y57G11C.43,37.0593532160803
Q7YTJ3_CELE_Y37D8A.25,40.5930421621647
Q7YTL5_CELE_K11D2.5,37.0491509190109
Q7YTY6_Spn42Dd,42.2696485814809
Q7YU24_Marf,38.672942868101
Q7YWL9_CELE_ZK632.14,46.5321350016859
Q7YWN1_CELE_ZK970.8,37.7383518219033
Q7YWP5_CELE_Y46G5A.35,39.8737309198174
Q7YWP8_CELE_Y47D3A.31,40.3430317157161
Q7YWQ8_grsp-1,42.2222823658306
Q7YWR7_CELE_Y26E6A.3,41.1525016479643
Q7YWW8_CELE_M01F1.9,42.8619882395708
Q7YWY5_CELE_K07A1.15,44.0579039515946
Q7YX00_CELE_F55C10.5,41.7572414340538
Q7YX39_CELE_F13G3.12,45.8207124813865
Q7YX44_CELE_F09B9.5,34.960589045152
Q7YX57_CELE_D1086.8,49.1604145173895
Q7YX61_C40H1.8,40.6300500257072
Q7YXC4_pha-1,41.8777992015995
Q7YZA2_CG7065,39.9904966416653
Q7YZH1_rno,46.1852885051797
Q7YZT6_tps-1,37.7768770209838
Q7Z135_hid-1,41.1647892109227
Q7Z136_fkh-9,41.2695464004148
Q7Z1J7_CELE_Y52B11A.3,37.4041565986152
Q7Z291_adt-2,43.6997129621638
Q7Z297_CELE_F41B4.2,42.9155902276245
Q7Z2A5_mop-25.1,42.0013444797638
Q7ZU40_plcd1b,49.1783653897175
Q7ZU67_eif4a1b,48.277937896751
Q7ZUF3_ube2h,57.0214739635218
Q7ZUF4_ap2b1,50.3348092804246
Q7ZUK5_vwa9,45.9335646848391
Q7ZUR2_ube2d3,61.8807339716103
Q7ZV16_eef1b2,47.9424621855736
Q7ZW09_hnrpl,46.9215955436655
Q7ZW27_arcn1a,50.4615089381549
Q7ZW80_fuca1.1,62.1605701663238
Q7ZWE5_psmd6,52.9670692628648
Q802C9_eif4a1a,48.7271648966117
Q802D0_apeh,55.5195517005743
Q802F5_sepw2a,64.7431234721239
Q803D1_arf1,51.4524507230545
Q803G3_ppp2cb,58.0591769874579
Q803J3_rab2a,47.4051404540209
Q803Q1_gyg1a,47.2155937484146
Q803R9_aldh7a1,53.284494848844
Q803T5_ahcy,50.5892308351845
Q803W9_tagln2,52.2922987063981
Q804G8_anxa2b,50.788067961536
Q804H1_anxa1b,44.6726033746529
Q80SW1_Ahcyl1,48.6088683889166
Q80SY3_Atp6v0d2,57.34653465617995
Q80SY5_Prpf38b,50.97347779471255
Q80SY9_Nod2,52.13830182319105
Q80T06_Eef1d,49.42123637409605
Q80T69_Rsbn1,55.13594545308275
Q80TA6_Mtmr12,57.5259634312253
Q80TE0_Rpap1,50.11005287967895
Q80TM6_R3hdm2,45.8039067553079
Q80TM9_Nisch,48.7504445238693
Q80TN4_Dnajc16,47.42939959864195
Q80TN5_Zdhhc17,51.19509895485285
Q80TR8_Dcaf1,46.3283393047763
Q80TR8_Vprbp,52.97001420930015
Q80TV8_Clasp1,47.3133963127978
Q80TY0_Fnbp1,49.6223009698064
Q80U38_Khnyn,50.913445751951
Q80U56_Avl9,53.056365838117046
Q80U58_Pum2,57.3838220272434
Q80U63_Mfn2,45.5363004706242
Q80U72_Scrib,45.7512499266028
Q80U78_Pum1,48.524860841260804
Q80U87_Usp8,46.4024555429432
Q80U93_Nup214,50.7278866338757
Q80UG1_Fads6,52.0261984365449
Q80UG5_Sept9,54.8787827941134
Q80UJ7_Rab3gap1,53.3393277130351
Q80UK0_Sestd1,49.9031381287048
Q80UK8_Ints2,49.0898623704164
Q80UM3_Naa15,51.7899513365465
Q80UM7_Mogs,50.1039191528874
Q80UN9_Trit1,49.37340569880825
Q80UP5_Ankrd13a,47.610479134753
Q80UP8_Slc20a2,51.40050099849145
Q80UU1_Ankzf1,47.846986599606
Q80UU9_Pgrmc2,49.39250782245925
Q80UX8_Abhd13,51.4496082336797
Q80UY1_Carnmt1,48.4658372013369
Q80V26_Impad1,58.0024438696473
Q80V94_Ap4e1,49.8428830267302
Q80VA0_Galnt7,48.985407590849945
Q80VD1_Fam98b,48.9334776665099
Q80VJ2_Sra1,50.7222861694479
Q80VJ3_Dnph1,60.5818526492304
Q80VP0_Tecpr1,46.315886159303204
Q80VP1_Epn1,51.0463842111994
Q80VP5_,52.3481249134539
Q80VP8_Tmem106c,51.3255956162012
Q80VQ0_Aldh3b1,51.2762535080658
Q80VY9_Dhx33,47.34364657594455
Q80VZ7_Tnip2,51.1702081875918
Q80W00_Ppp1r10,51.429551298647
Q80W21_Gstm7,52.9605640556188
Q80W22_Thnsl2,57.4523863410169
Q80W41_Ncapd3,50.010138040111
Q80W54_Zmpste24,51.6504748141038
Q80WC7_Agfg2,49.9257649351474
Q80WE4_Kif20b,49.668777316827004
Q80WG5_Lrrc8a,53.224470536268
Q80WM9_Tnfrsf14,55.9433732681161
Q80WQ2_Vac14,54.4976560575789
Q80WQ6_Rhbdf2,50.3112455620333
Q80WQ8_Mis18bp1,49.0786203343012
Q80WS3_Fbll1,52.016621610937946
Q80WW9_Ddrgk1,50.543881845632896
Q80X19_Col14a1,52.6831735648575
Q80X32_,55.2727201599818
Q80X41_Vrk1,47.81323126959885
Q80X50_Ubap2l,54.0412722184797
Q80X73_Pelo,53.365920893275
Q80X80_C2cd2l,52.9665498351388
Q80X85_Mrps7,45.128186370642
Q80X90_Flnb,49.8752289321413
Q80X95_Rraga,49.4027327124708
Q80X98_Dhx38,48.0757707782953
Q80XC2_Trmt61a,55.4095572055624
Q80XI4_Pip4k2b,57.2607771016475
Q80XK6_Atg2b,53.285662110198
Q80XL6_Acad11,44.4249172371088
Q80XL7_Mppe1,55.8742024850277
Q80XN0_Bdh1,43.6658649836051
Q80XP8_Fam76b,49.52678235629255
Q80XQ2_Tbc1d5,46.41111547195975
Q80XR5_U2af2,52.91802458084165
Q80XU2_Src,44.95761009885245
Q80Y14_Glrx5,53.243045106881155
Q80Y20_Alkbh8,48.2157323701718
Q80Y44_Ddx10,50.842848091384695
Q80Y52_Hsp90aa1,47.166112528936196
Q80Y55_Bsdc1,49.93446858686525
Q80Y56_Rbsn,48.6342082460276
Q80Y81_Elac2,53.83110499901175
Q80Y98_Ddhd2,51.8728101867749
Q80YA7_Dpp8,51.0801401790624
Q80YC5_F12,60.4651598629523
Q80YD1_Supv3l1,47.427649939165
Q80YD6_Sergef,55.8196252930592
Q80YE7_Dapk1,49.072854644935504
Q80YQ8_Rmnd5a,49.2819132967227
Q80YR2_Fam160b2,40.8949531308339
Q80YR4_Znf598,48.6776525903265
Q80YR7_Clspn,56.9755177535756
Q80YR9_Rbm12b1,44.86539014541685
Q80ZI6_Lrsam1,47.8399607140302
Q80ZJ1_Rap2a,46.883310985995806
Q80ZK9_Wdtc1,53.7507415850876
Q80ZQ9_Fam206a,50.4160891709045
Q80ZS3_Mrps26,48.5993325668426
Q80ZV0_Rnaseh2b,50.6573220664105
Q80ZW1_Pld2,47.7479597963695
Q80ZW2_Them6,57.78899149062235
Q80ZW9_Arl6ip1,54.8137768598468
Q80ZX0_Sec24b,47.949065934554994
Q80ZZ0_Ehd1,46.7540326515643
Q810A3_Ttc9c,48.6907307463334
Q810A7_Ddx42,48.8657145894717
Q810B6_Ankfy1,44.0714205494093
Q810D6_Grwd1,52.0709186193593
Q810J8_Zfyve1,42.2770903817457
Q810S1_Ccdc109b,48.28041372932755
Q811C2_Atg4c,52.655705934789
Q811D0_Dlg1,51.0591709469943
Q811I0_Atpaf1,53.4120663176389
Q811J3_Ireb2,49.1977464709704
Q811L7_Hnrnph1,47.95605948659145
Q811S7_Ubp1,46.122460250200504
Q811U4_Mfn1,46.4904126550422
Q812E0_Cpeb2,56.1329873717533
Q812F8_Mgat4b,48.65242271345295
Q812G0_Mgat4a,51.13824121153445
Q846C9_,88.93309256119525
Q846D0_,88.29054390584714
Q846D1_,90.2773056815166
Q84B23_mpgP,91.5310228222167
Q84B24_mpgS,85.8572713765675
Q84JE8_ZDP,44.487650422968
Q84JF4_NAGS1,41.9157033468417
Q84JF7_At2g39270,47.6250110583766
Q84JH7_SIRB,49.8508791157107
Q84K16_GAMMA-ADR,39.3473681796305
Q84L32_RAD23A,43.9810281067051
Q84L33_RAD23B,50.2649825629535
Q84LM4_AARE,48.2285776407024
Q84M92_ARP4,43.1262618404945
Q84M96_AGD2,54.0912475670071
Q84MB6_At3g50210,45.7270071564001
Q84MD8_FHY,42.4000007547429
Q84P21_4CLL5,42.3588681435489
Q84P23_4CLL9,41.7562176336412
Q84QC1_GGCT2,44.2952231652018
Q84TF0_AKR4C10,47.5480628475301
Q84VV6_HINT4,42.6187272120112
Q84VW9_PPC3,38.5189506269421
Q84VZ1_FHY1,47.0989140401173
Q84VZ5_At5g19240,46.2783788492486
Q84W65_SUFE1,45.0520959381196
Q84W89_RH37,39.088556964211
Q84W92_PRMT13,41.3911541010397
Q84WN0_At4g37920,62.0470595664208
Q84WU2_UBP13,42.6405996819281
Q84WU8_FTSH3,40.8128163586607
Q84WV1_CCT3,46.1045242372538
Q84WV8_NAPRT2,44.4357229999975
Q84WV9_QCT,40.2140013696145
Q84WW2_EMB2024,48.3047897418711
Q84XU2_PAPP5,49.422536192799
Q85ZW7_H2-M10.5,50.1541949009301
Q86B36_fars-1,36.3809989387033
Q86B47_CG8611,44.2949938552731
Q86B79_unk,45.3316276818233
Q86B87_mod(mdg4),42.5515471601328
Q86BA1_Mical,42.9176740805401
Q86BN8_PTPMT1,38.891014549546
Q86BS6_metl,39.4676830112241
Q86BY9_rig,46.009793718836
Q86D20_CELE_F55A11.11,35.0907864237037
Q86D21_tars-1,39.6761353961933
Q86DS1_HIP-R,44.0521305545747
Q86FN3_ulp-3,36.1293442821971
Q86GC1_CELE_T04B2.7,39.4707234819922
Q86MG7_rnh-1.0,42.4805874333369
Q86MH6_CELE_T08B6.9,48.1805459323455
Q86MI5_CELE_Y34B4A.4,50.1239111122229
Q86MJ6_ckc-1,35.1324374815388
Q86MP4_rnh-1.0,45.1675880054941
Q86NB3_pmt-1,36.7699354179324
Q86NC1_CELE_T22F3.3,46.870363546989
Q86NC2_nuo-2,47.678011559611
Q86NE0_asp-2,42.4748559974634
Q86NJ8_ppw-1,39.6145976035959
Q86NP2_Nelf-A,42.0821093995158
Q86S05_lig,43.2804080394137
Q86S28_lin-40,39.393909950258
Q86S40_C50D2.7,37.1511001077218
Q86ZR7_YKL033W-A,46.9941117639375
Q8AXX4_ntd5,48.7804714545866
Q8BFP9_Pdk1,47.7912537676117
Q8BFQ4_Wdr82,60.6634595382113
Q8BFR4_Gns,63.5027748040496
Q8BFR5_Tufm,42.6540492659863
Q8BFR6_Zfand1,50.1173531905228
Q8BFS6_Cpped1,53.36118935366635
Q8BFU3_Rnf214,47.0366329978931
Q8BFV2_Pcid2,47.69704154426505
Q8BFV3_Dusp4,55.7232728470555
Q8BFW4_Trim65,47.895717221765
Q8BFW7_Lpp,50.3554198272462
Q8BFY6_Pef1,49.3920272493322
Q8BFY9_Tnpo1,46.7937204005651
Q8BFZ3_Actbl2,49.8727808654731
Q8BFZ9_Erlin2,51.315372631043005
Q8BG05_Hnrnpa3,52.5279840529442
Q8BG07_Pld4,56.8857164762255
Q8BG15_Ctdspl2,49.667606413754754
Q8BG28_B3galnt2,54.4260604468887
Q8BG30_Nelfa,47.9736896703795
Q8BG32_Psmd11,46.5043153987092
Q8BG51_Rhot1,45.5260291721356
Q8BG60_Txnip,45.91940119716665
Q8BG67_Efr3a,48.284432818137404
Q8BG73_Sh3bgrl2,57.051293563223
Q8BG81_Poldip3,49.0031484148655
Q8BG84_Lair1,52.521375858427845
Q8BG95_Ppp1r12b,48.49371709291465
Q8BGA7_,47.066529571556046
Q8BGA8_Acsm5,49.912779604158
Q8BGA9_Oxa1l,52.6920983781936
Q8BGB2_Ttc7a,43.8361214447488
Q8BGB7_Enoph1,48.4232349703917
Q8BGB8_Coq4,51.9714535249005
Q8BGC0_Htatsf1,48.6995449686644
Q8BGC1_,44.98043901041265
Q8BGC4_Zadh2,54.6558399952118
Q8BGD6_Slc38a9,52.944616077919946
Q8BGE6_Atg4b,46.990362782182444
Q8BGF3_Wdr92,60.7289658401618
Q8BGF6_Elmod2,48.76274264247185
Q8BGF9_Slc25a44,43.8041860648963
Q8BGI5_Pex26,46.0345379073001
Q8BGJ5_Ptbp1,45.9442339375226
Q8BGK6_Slc7a6,54.8575593624241
Q8BGN2_D3Ertd751e,52.5996469282954
Q8BGN3_Enpp6,46.1607608139722
Q8BGN5_Nipal3,62.4747005328407
Q8BGP6_Slc25a40,53.576339582315754
Q8BGQ1_Vipas39,48.9384764691373
Q8BGQ7_Aars,43.7449190936988
Q8BGR2_Lrrc8d,52.84448348434335
Q8BGR6_Arl15,47.8005714499548
Q8BGR8_Gskip,50.45956012687465
Q8BGR9_Ublcp1,45.9734952279832
Q8BGS0_Mak16,56.8769352621445
Q8BGS2_Bola2,51.14656567975845
Q8BGT0_Ostm1,51.1490226495034
Q8BGT5_Gpt2,47.5847279233492
Q8BGT6_Micall1,47.2828443215319
Q8BGU5_Ccny,46.4930502666428
Q8BGV0_Nars2,51.270081214489096
Q8BGW1_Fto,49.25922858974735
Q8BGX2_,51.3188411923098
Q8BGX2_Timm29,40.9528986319769
Q8BGY2_Eif5a2,60.8275285543806
Q8BGY7_Fam210a,54.252825431291
Q8BGZ6_Gla,53.71145488161745
Q8BH00_Aldh8a1,45.6932532938291
Q8BH07_Arl6ip6,52.295832567907254
Q8BH15_Cnot10,46.2542172097768
Q8BH24_Tm9sf4,50.0237003359871
Q8BH26_Tmem251,49.872304170561
Q8BH35_C8b,59.5588854179778
Q8BH40_Stx7,59.7072918090369
Q8BH43_Wasf2,50.8273462804105
Q8BH48_Ubap1,44.7648881415503
Q8BH55_Thnsl1,55.9560616830061
Q8BH57_Wdr48,55.430926731397
Q8BH58_Tiprl,49.3822139902711
Q8BH59_Slc25a12,55.4166428041822
Q8BH60_Gopc,44.9692592113123
Q8BH61_F13a1,61.5496266701991
Q8BH64_Ehd2,42.198917682031
Q8BH65_Dennd6a,49.437009635192354
Q8BH66_Atl1,50.4539299575383
Q8BH69_Sephs1,60.25970308516335
Q8BH73_Qpctl,53.775867905028804
Q8BH74_Nup107,49.9522788835062
Q8BH79_Ano10,49.6368544000965
Q8BH80_Vapb,52.83425048152565
Q8BH82_Napepld,52.513653532152
Q8BH86_,60.5196586028722
Q8BH95_Echs1,52.7732648221391
Q8BHA3_Dtd2,52.988733242029
Q8BHB4_Wdr3,50.0894609041696
Q8BHC4_Dcakd,41.9674899127959
Q8BHC7_Rhbdd1,49.77972244539175
Q8BHD0_Rab39a,45.4276603867156
Q8BHD7_Ptbp3,43.8979754430925
Q8BHD8_Pcmtd2,50.1132090059596
Q8BHE8_,50.8181977692213
Q8BHE8_Maip1,46.8863836944834
Q8BHG1_Nrdc,53.3005516776894
Q8BHG2_,54.1321631965266
Q8BHG3_Tmem30b,54.730435855769
Q8BHG9_Cggbp1,50.5938298143564
Q8BHI7_Elovl5,40.367293112124
Q8BHJ5_Tbl1xr1,53.9704276528628
Q8BHJ9_Slu7,47.4704549821165
Q8BHK1_Nipa1,52.3813809449969
Q8BHK9_Ercc6l,48.114182374992396
Q8BHL3_Tbc1d10b,50.90117995247445
Q8BHL5_Elmo2,46.55049028550525
Q8BHL7_Cdc42se1,54.18907534313095
Q8BHL8_Psmf1,58.2699044883223
Q8BHN0_Ppm1l,45.496259415195155
Q8BHN1_Txlng,50.989690215649546
Q8BHN3_Ganab,51.2732560637079
Q8BHN5_Rbm45,45.8143807826895
Q8BHS3_Rbm22,54.158763942558
Q8BHT6_B3glct,48.7673358680589
Q8BHX1_Haus1,44.8885710680274
Q8BHX3_Cdca8,48.3197161443149
Q8BHY2_Noc4l,48.9102381359767
Q8BI72_Cdkn2aip,52.497987809607
Q8BI84_Mia3,51.11203134076095
Q8BIF9_Znf787,54.2303189197745
Q8BIG4_Fbxo28,52.9408161235939
Q8BIJ6_Iars2,54.1859967085101
Q8BIJ7_Rufy1,46.1163813503496
Q8BIL5_Hook1,45.1470324276313
Q8BIP0_Dars2,54.0759992143669
Q8BIQ5_Cstf2,56.1924032453295
Q8BIW1_Prune,46.9066127739959
Q8BIW1_Prune1,44.2127758590827
Q8BIX3_Arl14ep,49.2793936324689
Q8BIY1_Gpatch3,47.7330399066133
Q8BIZ6_Snip1,48.6094796564485
Q8BJ03_Cox15,50.4525082014283
Q8BJ05_Zc3h14,51.828388982767805
Q8BJ34_Marf1,44.6290752596798
Q8BJ48_Nagpa,57.9140677036524
Q8BJ64_Chdh,48.3734812294295
Q8BJ71_Nup93,50.1231319969439
Q8BJC0_Mmp12,50.45093237847655
Q8BJF9_Chmp2b,56.4038391902013
Q8BJH1_Zc2hc1a,52.01882303447335
Q8BJL0_Smarcal1,44.7016427289977
Q8BJM3_R3hcc1l,46.66347287811185
Q8BJM7_Tyw1,45.8862056441866
Q8BJQ2_Usp1,48.014259292522794
Q8BJS4_Sun2,48.1798829348569
Q8BJS8_Mtbp,47.3056772466359
Q8BJT9_Edem2,51.70211005118645
Q8BJU0_Sgta,51.380589710273
Q8BJU2_Tspan9,57.6367757462831
Q8BJU9_Mtrf1l,46.7082567343393
Q8BJW5_Nol11,56.43377810107065
Q8BJW6_Eif2a,54.0192026094765
Q8BJY1_Psmd5,49.1051491390464
Q8BK06_Fbxo9,51.1177100375981
Q8BK08_Tmem11,46.078704248055246
Q8BK35_Gltscr2,51.0102819484215
Q8BK48_Ces2e,60.4368825920647
Q8BK58_Hspbap1,50.9395409675601
Q8BK63_Csnk1a1,48.2817804337104
Q8BK64_Ahsa1,46.8648063921951
Q8BK67_Rcc2,48.5752831519389
Q8BK72_Mrps27,52.83646792378375
Q8BKC5_Ipo5,48.1620836731399
Q8BKE6_Cyp20a1,50.1286348697433
Q8BKJ9_Sirt7,45.8595523574848
Q8BKL1_Ss18,53.6728322045901
Q8BKR5_Ppp1r37,47.4518941953166
Q8BKT3_Gcfc2,49.64778801113485
Q8BKT7_Thoc5,52.312488256608546
Q8BKX1_Baiap2,58.365845688315
Q8BKZ9_Pdhx,54.7637054491217
Q8BL48_Unk,51.3765210411269
Q8BL66_Eea1,57.7705118992401
Q8BL80_Arhgap22,45.7026117913543
Q8BL86_Mblac2,54.46350236600635
Q8BL95_,48.5404634691999
Q8BLF1_Nceh1,54.0922223172357
Q8BLF6_Idua,51.580782660354544
Q8BLH7_Hirip3,51.03840878868025
Q8BLI4_Dse,48.1410629169497
Q8BLN5_Lss,48.3032014984584
Q8BLU0_Flrt2,51.6574457401242
Q8BLY7_Hps6,46.253490713969356
Q8BM39_Prpf18,47.1952805725904
Q8BM55_Tmem214,47.116017337513
Q8BM72_Hspa13,46.581532688922
Q8BM88_Ctso,48.4821694549333
Q8BMA6_Srp68,45.0292693127966
Q8BMC0_Lpar6,57.9172016185949
Q8BMC4_Nop9,49.9883555208353
Q8BMD6_Tmem260,50.7253770293922
Q8BMD8_Slc25a24,55.8929717616674
Q8BMF3_Me3,51.684992329928846
Q8BMF4_Dlat,54.1489885027718
Q8BMG8_Slc25a32,53.534534551118256
Q8BMI0_Fbxo38,51.4269114794745
Q8BMJ2_Lars,45.0955974492513
Q8BMJ3_Eif1ax,50.24839665196565
Q8BMK0_Cep85,47.3490626991206
Q8BMK1_Mettl2,45.740544195461894
Q8BMK4_Ckap4,54.4209469971221
Q8BML3_Glt28d2,52.4531519640196
Q8BML9_Qars,45.39470566316035
Q8BMN4_Lmln,46.9961581984444
Q8BMP6_Acbd3,46.9659938709934
Q8BMQ2_Gtf3c4,50.609905841467295
Q8BMQ8_Mon1b,52.13256036129345
Q8BMS1_Hadha,44.7375136966733
Q8BMS4_Coq3,47.86077848007075
Q8BMS7_Atp2c1,49.075437383012
Q8BMS9_Rassf2,43.07756477507235
Q8BMT4_Nrros,51.53633519159504
Q8BN21_Vrk2,45.25651623018565
Q8BN57_,49.0587370431655
Q8BND5_Qsox1,61.5614625353241
Q8BNI4_Derl2,53.690587052954996
Q8BNU0_Armc6,46.572485606840104
Q8BNW9_Kbtbd11,49.97351898659555
Q8BNX1_Clec4g,49.3435687699982
Q8BNY6_Ncs1,48.79438822488425
Q8BP27_Sfr1,48.7893770346408
Q8BP40_Acp6,54.8802116964359
Q8BP47_Nars,43.9851220207377
Q8BP48_Metap1,47.438320661397
Q8BP56_Pgghg,60.9007582280237
Q8BP67_Rpl24,50.7696840755228
Q8BP78_Fra10ac1,50.704296738827196
Q8BP92_Rcn2,51.267715597487495
Q8BPA8_Dpcd,50.8285708237185
Q8BPE4_Tmem177,51.92477885471295
Q8BPG6_Sumf2,49.7617046911788
Q8BPI1_Dnaaf2,50.4353957782839
Q8BPM0_Daam1,47.4755832129037
Q8BPS4_Gpr180,50.8159871617641
Q8BPU7_Elmo1,47.737254671053705
Q8BPX9_Slc15a3,49.44358177696705
Q8BQ30_Ppp1r18,49.99936368114475
Q8BQ46_Taf15,52.7315744635349
Q8BQJ6_Trmt2b,45.2553873833846
Q8BQM4_Heatr3,47.2688939456298
Q8BQQ1_Zdhhc14,50.2885443513335
Q8BR63_Fam177a1,56.7067851597846
Q8BR90_,43.5050953723297
Q8BRB0_Cog6,45.5688515212764
Q8BRB6_Tbc1d24,50.5884800447374
Q8BRF7_Scfd1,45.3353159470096
Q8BRG8_Tmem209,51.25147667188725
Q8BRK8_Prkaa2,50.2443902504417
Q8BRK9_Man2a2,52.38907383989285
Q8BRM2_Gorab,52.0943451928333
Q8BRN9_Cc2d1b,49.8841564370835
Q8BRT1_Clasp2,49.1694324985072
Q8BS95_Gpr89a,50.5460736222347
Q8BSF4_Pisd,44.8962031748902
Q8BSI6_R3hcc1,55.1538751915233
Q8BSK8_Rps6kb1,46.9428951853787
Q8BSL7_Arf2,48.005900319991554
Q8BSN5_Phf23,53.1239424485636
Q8BSN6_Vamp4,58.4707917680004
Q8BSS9_Ppfia2,61.9305493025905
Q8BSY0_Asph,49.3578589986251
Q8BSZ2_Ap3s2,48.9795058764608
Q8BT07_Cep55,48.66843477817455
Q8BT14_Cnot4,59.4386937556091
Q8BT60_Cpne3,46.0024331237614
Q8BTE5_Cebpzos,53.0675454458127
Q8BTG3_Tcp11l1,47.9725084169327
Q8BTG7_Ndrg4,49.572957760562204
Q8BTI7_Ankrd52,48.9815464641026
Q8BTI8_Srrm2,56.4647396306722
Q8BTI9_Pik3cb,45.9612769010161
Q8BTJ4_Enpp4,51.9055810450012
Q8BTM8_Flna,45.5305788859836
Q8BTR5_Dusp28,56.0265182382506
Q8BTS0_Ddx5,47.560442520345745
Q8BTS4_Nup54,51.5994624190217
Q8BTU1_Cfap20,53.21944198160685
Q8BTV1_Tusc3,49.726619271397794
Q8BTV2_Cpsf7,51.6384825794085
Q8BTW3_Exosc6,60.93201058690795
Q8BTW8_Cdk5rap1,43.7654064902934
Q8BTW9_Pak4,48.6480981295781
Q8BTX9_Hsdl1,54.952984913680055
Q8BTY8_Scfd2,47.08188822867315
Q8BTZ5_Ankrd46,51.7972758254457
Q8BTZ7_Gmppb,57.4174573959723
Q8BU11_Tox4,49.6882989443675
Q8BU14_Sec62,53.3169188375963
Q8BU30_Iars,47.1736582174038
Q8BU31_Rap2c,47.20179348526975
Q8BU33_Ilvbl,50.6471334542625
Q8BU88_Mrpl22,52.49788912761985
Q8BUB4_Wdfy2,47.981550216849556
Q8BUE4_Aifm2,44.26620886861335
Q8BUH1_Txnl4b,51.1109976021105
Q8BUI3_LRWD1,47.6287877802874
Q8BUJ9_Lrp12,47.7680430776932
Q8BUK6_Hook3,48.9148541589657
Q8BUM3_Ptpn7,47.7669826574625
Q8BUN5_Smad3,46.5981139071828
Q8BUR3_Foxj3,48.0134889680822
Q8BUR4_Dock1,49.3325601578476
Q8BUU7_Galk2,48.17378595158335
Q8BUV3_Gphn,61.2399409889774
Q8BUY5_Timmdc1,57.0820004573625
Q8BUY9_Pggt1b,46.9571869493938
Q8BV13_Cops7b,53.9049227637636
Q8BV66_Ifi44,54.3305165459476
Q8BVA2_Tmem222,51.7298177842102
Q8BVA5_Ldah,44.8027823114726
Q8BVD5_Mpp7,48.2595850008635
Q8BVE3_Atp6v1h,46.2577173739148
Q8BVF2_Pdcl3,48.8724902561494
Q8BVF7_Aph1a,51.3090560553142
Q8BVG4_Dpp9,49.0021677760858
Q8BVH9_Mettl6,47.3610434215055
Q8BVI4_Qdpr,50.6511838753717
Q8BVK9_Sp110,49.7839156828167
Q8BVL3_Snx17,48.8502599715244
Q8BVQ5_Ppme1,52.5970641676083
Q8BVR6_Rspry1,55.38032021043925
Q8BVU5_Nudt9,50.2924694434883
Q8BVW0_Ganc,52.4068316128972
Q8BVW3_Trim14,45.4887673768704
Q8BVY0_Rsl1d1,53.64936857797155
Q8BVZ1_Plin5,43.9212834862053
Q8BW00_Ptrh1,49.00978594294125
Q8BW22_Ss18l1,54.8676444856251
Q8BW49_Ttc12,49.0611096434125
Q8BW70_Usp38,45.1223998158848
Q8BW72_Kdm4a,44.274901674732
Q8BW75_Maob,51.1100350883672
Q8BW87_Ap1s2,50.4822324264737
Q8BW96_Camk1d,46.4691527880006
Q8BWC0_Tpcn2,53.0024014121712
Q8BWF0_Aldh5a1,55.0616301351414
Q8BWG8_Arrb1,57.0516788060046
Q8BWH0_Slc38a7,50.3254349208028
Q8BWM0_Ptges2,51.1531794946116
Q8BWN8_Acot4,54.6831277601777
Q8BWP5_Ttpa,49.1023891467399
Q8BWP8_B4gat1,49.4382018036599
Q8BWQ1_Ugt2a3,44.1152410510442
Q8BWQ4_Cmtr2,49.56043619094525
Q8BWQ6_,46.2230609300569
Q8BWR2_Pithd1,52.923942119153
Q8BWT1_Acaa2,55.6223699126794
Q8BWU5_Osgep,46.9017993656356
Q8BWU8_Etnppl,49.3367422230099
Q8BWW4_Larp4,45.6949631124425
Q8BWW9_Pkn2,57.3213623315388
Q8BWY3_Etf1,48.3519132129187
Q8BWY4_Mblac1,55.3506143022215
Q8BWY7_Slc39a11,54.3951273214516
Q8BWZ3_Naa25,48.6780015966158
Q8BX02_Kank2,47.7238563312416
Q8BX09_Rbbp5,63.7766916724186
Q8BX10_Pgam5,55.22759371150385
Q8BX57_Pxk,46.88581985920125
Q8BX70_Vps13c,48.7179204256049
Q8BX80_Engase,54.2806859091179
Q8BX90_Fndc3a,44.0826590983807
Q8BX94_Osbpl2,44.5787306269611
Q8BXA5_Clptm1l,47.721828301357
Q8BXB6_Slco2b1,57.3237469541108
Q8BXJ9_Tmem62,48.84792209415135
Q8BXK9_Clic5,50.336501594876154
Q8BXL7_Arfrp1,46.52722004987565
Q8BXQ2_Pigt,50.5314413345552
Q8BXV2_Bri3bp,52.90434630556615
Q8BXZ1_Tmx3,52.0075028121843
Q8BY05_Papolg,52.02975800280145
Q8BY35_Fgd2,43.7434805969049
Q8BY71_Hat1,46.657425261071
Q8BY87_Usp47,45.223236769292
Q8BY89_Slc44a2,45.9178280037019
Q8BYA0_Tbcd,47.7488949274221
Q8BYB9_Poglut1,50.3566791247809
Q8BYC6_Taok3,49.261746396777
Q8BYH3_Trmt13,48.914279711481754
Q8BYH7_Tbc1d17,42.8193447305458
Q8BYI6_Lpcat2,42.73058552751435
Q8BYI8_Fam234b,65.1810054869233
Q8BYJ6_Tbc1d4,47.4096114292557
Q8BYK6_Ythdf3,49.1774142785425
Q8BYL4_Yars2,43.89947747042105
Q8BYM8_Cars2,49.9104247622674
Q8BYR2_Lats1,50.2610059094683
Q8BYU6_Tor1aip2,48.2656517149686
Q8BYW1_Arhgap25,48.70810214780745
Q8BYW9_Eogt,49.4127886480471
Q8BYY4_Ttc39b,48.58717736549975
Q8BYZ1_Abi3,47.54281798985795
Q8BZ20_Parp12,45.0220809595867
Q8BZ36_Rint1,47.4867910848661
Q8BZ98_Dnm3,46.333568878691
Q8BZA9_Tigar,48.3535084299253
Q8BZQ7_Anapc2,48.76992416128275
Q8BZR6_Tom1l1,49.10756057075285
Q8BZR9_Ncbp3,50.388871063505505
Q8BZT9_Lacc1,49.5678943397803
Q8BZW8_Nhlrc2,50.17266901199
Q8BZX4_Srek1,50.1669368990938
Q8C025_Chpt1,44.2042698351709
Q8C048_Atp2b3,51.9783038316621
Q8C052_Map1s,48.6080226047518
Q8C079_Strip1,50.25861392730455
Q8C080_Snx16,50.5586559585769
Q8C092_Taf5,50.608055826747105
Q8C0D0_Trub1,48.1360473517295
Q8C0D5_Efl1,48.0659364421874
Q8C0D7_Ing4,48.817247677232004
Q8C0E2_Vps26b,51.9282554667965
Q8C0E3_Trim47,48.16412404778495
Q8C0I1_Agps,49.7655186147035
Q8C0J2_Atg16l1,55.9849252095476
Q8C0J6_Sowahc,46.501771903595895
Q8C0L6_Paox,49.920422769296
Q8C0L8_Cog5,45.192801606854
Q8C0L9_Gpcpd1,51.1034321753732
Q8C0M9_Asrgl1,53.37443490053805
Q8C0N2_Gpat3,49.1054397677428
Q8C0T5_Sipa1l1,49.0938535315513
Q8C0Z1_Fam234a,54.9584059503474
Q8C129_Lnpep,58.2026032495189
Q8C142_Ldlrap1,45.6239649427219
Q8C147_Dock8,46.48869094468935
Q8C156_Ncaph,46.9492126071636
Q8C163_Exog,48.5252484644328
Q8C166_Cpne1,47.4086611241865
Q8C167_Prepl,46.5495168417784
Q8C181_Mbnl2,47.0904048028004
Q8C196_Cps1,46.8044863633013
Q8C1A3_Mtrr,50.96335502907005
Q8C1A5_Thop1,60.865521368005
Q8C1B1_Camsap2,57.3667294922139
Q8C1B7_Sept11,60.0913837636662
Q8C1D8_Iws1,50.69879565331045
Q8C1E7_Tmem120a,49.687987042618346
Q8C1F4_Csgalnact2,47.909119653194395
Q8C1S0_Med19,47.4343115528795
Q8C1Y8_Ccz1,49.7328887613353
Q8C253_Lgals3,49.92816826763555
Q8C263_Ska3,44.5810888687744
Q8C2A2_Tsen54,51.88450855072785
Q8C2E4_Ptcd1,45.970985743714806
Q8C2E7_Kiaa0196,47.8227738451867
Q8C2E7_Washc5,44.1097096454905
Q8C2Q3_Rbm14,44.9743362645699
Q8C2Q8_Atp5c1,53.61426625909855
Q8C351_Layn,52.2503077479639
Q8C3I8_Hgh1,49.0856756634889
Q8C3J2_St6galnac4,48.01621606664925
Q8C3J5_Dock2,47.26744411787085
Q8C3P7_Mettl3,49.2880642956238
Q8C3Q9_Casp9,49.4435278730374
Q8C3W1_,53.634524244429
Q8C3X2_Ccdc90b,59.806016389949846
Q8C3X4_Guf1,47.1706216394337
Q8C3X8_Lmf2,46.0912666934943
Q8C3Y4_Kntc1,44.3591740686202
Q8C3Y6_Smad1,44.487820142737746
Q8C407_Yipf4,55.1308348748457
Q8C436_Vcpkmt,50.4757171916857
Q8C483_Sars,49.86416100487605
Q8C4B4_Unc119b,51.0195686007483
Q8C4J7_Tbl3,50.395491315614905
Q8C4N0_Herpud1,49.6662106849432
Q8C4Q6_Aida,47.6584131991512
Q8C4S8_Dennd2a,47.1739971534862
Q8C4U8_Edil3,51.30982979814465
Q8C4X2_Csnk1g3,50.9426552322968
Q8C522_Endod1,54.307501171632154
Q8C525_Mb21d2,54.8220675012147
Q8C547_Heatr5b,48.3542502275499
Q8C561_Lmbrd2,53.5117383453925
Q8C569_Fam118b,48.399561900272346
Q8C570_Rae1,50.8295926389852
Q8C5H8_Nadk2,50.9534365227711
Q8C5K5_,48.1975893618844
Q8C5L3_Cnot2,55.7704741266825
Q8C5P5_Nt5dc1,47.9816664625198
Q8C5Q4_Grsf1,44.5631973715958
Q8C5W0_Clmn,49.2667526675738
Q8C5W3_Tbcel,46.7994350446718
Q8C605_Pfkp,51.68285158182595
Q8C650_Sept10,60.5961011326217
Q8C6B0_Mettl7a1,53.6329134167224
Q8C6B9_Rps19bp1,60.0809704889409
Q8C6E0_Cfap36,47.7875602659143
Q8C6G8_Wdr26,45.8666907073887
Q8C6I2_Sdhaf2,53.677560151126656
Q8C6M1_Usp20,49.499303566497204
Q8C6Y3_Cacna2d1,53.7435190526941
Q8C708_,52.7143298977139
Q8C754_Vps52,48.8897055400407
Q8C779_,47.5217809962641
Q8C788_Snx18,48.8086084803897
Q8C7D2_Crbn,56.3472656355743
Q8C7E9_Cstf2t,51.9118920708986
Q8C7G5_Apoa5,57.7488304323073
Q8C7H1_Mmaa,45.4022074877772
Q8C7K6_Pcyox1l,61.0704135661425
Q8C7R4_Uba6,46.2125672396995
Q8C7U7_Galnt6,50.0754180720383
Q8C7V3_Utp15,56.85063615870075
Q8C7V8_Ccdc134,49.4559763065687
Q8C7X2_Emc1,42.9498497782427
Q8C7X8_Bri3,49.12084804039905
Q8C845_Efhd2,51.8358127406206
Q8C863_Itch,51.6363311618898
Q8C878_Uba3,50.7125788746712
Q8C8U0_Ppfibp1,47.64038030196175
Q8C9B9_Dido1,50.68037802095985
Q8C9S4_Ccdc186,48.7992649925842
Q8CA44_Atp5sl,49.16147505088715
Q8CAA7_Pgm2l1,49.3711580901325
Q8CAK1_Iba57,54.1640636375316
Q8CAK3_Ryden,53.056587569317
Q8CAP3_Rad23a,52.59292369894475
Q8CAQ8_Immt,53.7311155836359
Q8CAR0_Igf1,49.5220374529043
Q8CAS9_Parp9,42.2706047788188
Q8CAY6_Acat2,62.797904606812
Q8CB77_Tceb3,47.2140107304602
Q8CB96_Rassf4,42.9674473608057
Q8CBA2_Slfn5,49.77567996903435
Q8CBB7_Ap1g1,48.2331078386907
Q8CBC4_Cnst,52.95396864179915
Q8CBE3_Wdr37,49.05676518032375
Q8CBM2_Asph,47.7813173947184
Q8CBP6_Nktr,51.4571671991559
Q8CBQ5_Pi4k2b,47.7321560233756
Q8CBY0_Gatc,50.2239570935879
Q8CBY8_Dctn4,57.58836746299
Q8CC21_Ttc19,53.6576231780211
Q8CC36_Cdnf,57.8858050445583
Q8CC86_Naprt,60.7744713468219
Q8CC88_Vwa8,41.7782039659107
Q8CCB4_Vps53,48.433138695526154
Q8CCF0_Prpf31,47.35027285930745
Q8CCH2_Nhlrc3,54.302954510029
Q8CCI5_Rybp,54.0146778167561
Q8CCJ3_Ufl1,45.3014686465732
Q8CCM6_Timm21,51.7205439194786
Q8CCN5_Bcas3,53.4369234819433
Q8CCP0_Nemf,45.6034427434565
Q8CCS6_Pabpn1,49.5416104768427
Q8CD10_Micu2,47.408728254085304
Q8CD15_Mina,46.40247725458305
Q8CD92_Ttc27,46.99493135827425
Q8CDM8_Fam160b1,48.0786733599226
Q8CDN6_Txnl1,48.3131347843689
Q8CDZ2_Mettl21e,57.5792590651022
Q8CE46_Pus7l,50.89080568658845
Q8CE50_Snx30,46.76369324118485
Q8CE96_Trmt6,54.0472987061952
Q8CEC0_Nup88,51.98389571804855
Q8CEC2_Arnt,47.417164221147104
Q8CEC6_Ppwd1,49.5367791029158
Q8CEE7_Rdh13,40.8407998883843
Q8CEG5_Ccdc28b,55.5758627414819
Q8CEJ2_Uxt,54.853151824346895
Q8CF66_Lamtor4,52.602095079525
Q8CF89_Tab1,46.9860018734972
Q8CFA2_Amt,47.2886085429448
Q8CFB8_Parp3,45.51105436676315
Q8CFC7_Clasrp,54.6209012885788
Q8CFD4_Snx8,52.111418492754396
Q8CFE2_,44.805444320155146
Q8CFE3_Rcor1,48.3233821553278
Q8CFE4_Scyl2,46.8732589617016
Q8CFE6_Slc38a2,55.63860105297615
Q8CFH6_Sik2,57.6515707813057
Q8CFI2_Cdc34,46.85169023608105
Q8CFI5_Pars2,46.8447049271522
Q8CFI7_Polr2b,51.9442860990653
Q8CFV9_Rfk,44.1112042037688
Q8CFX1_H6pd,50.710205085095
Q8CFZ0_Ube2i,51.9767761774832
Q8CG03_Pde5a,53.6087902385478
Q8CG14_C1sa,47.1594220414389
Q8CG19_Ltbp1,53.8099574403075
Q8CG29_Myo1f,43.4904204583373
Q8CG46_Smc5,49.704583772552155
Q8CG48_Smc2,47.1519280353843
Q8CG64_Fkrp,51.09698677698565
Q8CG72_Adprhl2,49.4154045268845
Q8CG76_Akr7a2,51.2798826681053
Q8CG79_Tp53bp2,51.8428276167977
Q8CGA0_Ppm1f,47.0122403348972
Q8CGA3_Slc43a2,49.49918608363875
Q8CGB6_Tns2,48.1004043836457
Q8CGC7_Eprs,45.5977616009546
Q8CGF5_Tmem56,44.704657986485
Q8CGF7_Tcerg1,49.4731930353276
Q8CGK3_Lonp1,45.337165229197
Q8CGK7_Gnal,43.1004119580574
Q8CGR7_Upp2,50.2872993556703
Q8CGY8_Ogt,46.2024781821388
Q8CH02_Sugp1,54.139688887380146
Q8CH18_Ccar1,50.81683304391575
Q8CH25_Sltm,54.2174372871986
Q8CH77_Nav1,50.0823339470378
Q8CHC4_Synj1,50.9085504728464
Q8CHG3_Gcc2,44.8356367300089
Q8CHG7_Rapgef2,44.6277381042037
Q8CHH9_Sept8,57.7995079889236
Q8CHI8_Ep400,49.7849867372587
Q8CHK3_Mboat7,46.4554518756443
Q8CHP4_P2rx7,53.88886517164295
Q8CHP8_Pgp,55.42872243591415
Q8CHQ0_Fbxo4,49.63348008569305
Q8CHQ9_Cml2,56.3362623342191
Q8CHR6_Dpyd,56.0441968367067
Q8CHT0_Aldh4a1,42.7981240198109
Q8CHT3_Ints5,49.1468680285039
Q8CHU3_Epn2,55.7986568485271
Q8CHW4_Eif2b5,51.2762604951944
Q8CHX6_Mbtps2,54.1794589027652
Q8CHY3_Dym,53.2220885326679
Q8CI04_Cog3,49.0861843661201
Q8CI08_Slain2,50.13457379052415
Q8CI11_Gnl3,42.48347894897395
Q8CI32_Bag5,50.7095119653901
Q8CI33_Cwf19l1,49.616099427421
Q8CI51_Pdlim5,49.8982764642465
Q8CI59_Steap3,43.3941348084008
Q8CI70_Lrrc20,49.35243836709825
Q8CI71_Vps50,47.13029588742815
Q8CI75_Dis3l2,51.1023074351339
Q8CI78_Rmnd1,50.39013674234195
Q8CI94_Pygb,51.848665358374
Q8CIB5_Fermt2,53.7382695969641
Q8CID3_Fam20a,53.6380045889684
Q8CIE6_Copa,51.5433216214511
Q8CIF6_Sidt2,47.540103564497
Q8CIG3_Kdm1b,49.353673945992696
Q8CIG8_Prmt5,53.2448757539129
Q8CIG9_Fbxl8,46.2602198992782
Q8CIH5_Plcg2,44.6722439822933
Q8CIH9_Ppat,58.7928730730078
Q8CII2_Cdc123,45.7180058222844
Q8CII3_Kdsr,48.871704936564655
Q8CIL4_,57.5794499749092
Q8CIM1_Lrrc45,52.4705373787629
Q8CIM7_Cyp2d26,45.6715406344248
Q8CIM8_Ints4,50.180559318800846
Q8CIN4_Pak2,55.0917168338842
Q8CIV2_Tmem259,49.9867018298441
Q8CIV8_Tbce,46.5635029281352
Q8CIW5_Peo1,49.8682023506993
Q8CIZ8_Vwf,60.7608473026902
Q8CJ19_Mical3,50.392153509156
Q8CJ40_Crocc,51.3876967972859
Q8CJ53_Trip10,49.6633926070572
Q8CJ61_Cmtm4,53.53871957951315
Q8CJ96_Rassf8,53.18651006671335
Q8CJF7_Ahctf1,55.9432860062494
Q8CJG0_Ago2,58.6054538084279
Q8CJH3_Plxnb1,51.9151255037018
Q8FEY4_pasT,42.8709749788032
Q8GBB2_trmI,88.598983201922
Q8GR83_,90.76551774529155
Q8GR84_,85.2226429233846
Q8GR85_gdhA-2,89.2932494548123
Q8GR86_gdhA-1,89.8503179503544
Q8GRL7_TFCE,46.1455383409625
Q8GS60_HCAR,47.8788997306485
Q8GSJ1_HISN1B,47.3095102836033
Q8GTR4_PU1,50.048474881813
Q8GUK4_SBT3.13,48.7374468495264
Q8GUM2_HSP70-9,44.9584692124684
Q8GUN2_HINT1,57.6069680427841
Q8GUN6_C50,43.2767777555825
Q8GUQ8_XDH1,64.4182272177087
Q8GW20_At5g03900,41.2087515308126
Q8GW64_At1g18440,44.8215367503585
Q8GW78_CLPT2,46.219548897841
Q8GWA7_MCD1,42.2038696564971
Q8GWB7_IPUT1,41.7837079504756
Q8GWE0_P67,38.5705444378188
Q8GWF4_MSRB6,48.1727583257994
Q8GWI7_JAL10,47.8106675642018
Q8GWP5_PYRD,52.0178280681362
Q8GWQ6_At5g63440,40.4532722430551
Q8GWR0_COX11,38.489710249542
Q8GWS0_GRXC5,43.6574043727897
Q8GWT4_PMRT15,37.5694855970363
Q8GWU0_PGLP2,48.2097888215305
Q8GXR9_NDC1,40.326311518227
Q8GXW1_RGL2,49.1070493003234
Q8GXX7_ZFN1,40.7959434990634
Q8GY88_SK2,43.5492139685307
Q8GYB8_OPR2,46.3863379920515
Q8GYF7_NUP54,51.5248988191
Q8GYN9_MENB,48.3072233869779
Q8GYP3_RDM4,53.4904416539758
Q8GYR4_At3g08620,58.1800585950715
Q8GZQ3_PNP1,52.5270113267173
Q8H0S9_MPA1,50.720743481216
Q8H0T4_UPL2,39.8248883956952
Q8H0U4_TRN1,43.162778064404
Q8H0U5_TIC62,48.6900324175921
Q8H0V1_At4g36390,42.8849025320136
Q8H0V3_At1g08110,53.6402985671403
Q8H0V6_ABCF3,42.6144586109286
Q8H0W0_LPA3,43.6210484796021
Q8H0W1_PLSP1,41.9611231029075
Q8H0Y1_OEP24B,39.633894004254
Q8H103_PGI1,47.8726982522476
Q8H104_At4g26870,39.7055443774838
Q8H110_XCT,50.4070407978853
Q8H118_At3g23300,50.0461064661941
Q8H124_At2g34460,45.4692829547401
Q8H136_RH14,36.605204113059
Q8H156_RAN3,44.2754837864571
Q8H166_ALEU,44.6716866840552
Q8H1B3_MED37B,39.3428517755419
Q8H1E2_At5g58330,49.6153117324106
Q8H1G6_PTI11,38.1405709737232
Q8H1Q2_NBP35,48.1304634082854
Q8H1S4_At1g06650,40.4225244833515
Q8H1Y0_IAR4,43.73263842022
Q8H965_NPC6,45.9557309194841
Q8HWA3_Ulbp1,54.1934014917558
Q8HWB2_H2-Q4,50.833814864799095
Q8I0G5_gammaCOP,39.4713602759825
Q8I100_rabx-5,37.915769695925
Q8I111_pdha-1,36.7847596299106
Q8I113_mnk-1,37.5031161862379
Q8I136_gly-4,41.963027336233
Q8I1G0_twi,42.8202139033232
Q8I1I3_EndoA,42.677467322305
Q8I4A5_lec-3,45.2213680620607
Q8I4B4_ccr-4,40.3539762715373
Q8I4C5_faah-4,39.8414870447494
Q8I4E2_lst-4,47.7059259719785
Q8I4G9_dab-1,41.8061170203176
Q8I4H6_ate-1,31.6714256978025
Q8I4I9_hda-5,45.53306226086
Q8I4M2_mam-2,47.3015103671515
Q8I7C3_Lasp,49.7107843829967
Q8I7I5_rol-3,46.6073811443676
Q8I7L0_CELE_F10G7.9,48.2662684084628
Q8I7M7_tmd-2,44.0738213224632
Q8IA49_mdh-1,44.6059020440573
Q8IA57_CELE_F59B1.10,53.0727958046426
Q8IA74_gsto-3,40.8873635295963
Q8IA79_C10F3.7,43.915604095238
Q8IAA9_clp-4,41.4437376067204
Q8IG34_CELE_F09C12.8,34.666964569533
Q8IG39_C44B7.12,43.6469980891768
Q8IG67_let-611,41.9365466356058
Q8IG68_lpd-2,46.5427894998059
Q8IGJ0_stmA,40.1329580878364
Q8IMC6_Asator,45.0395361167633
Q8IN81_fru,45.417372469371
Q8IN94_osa,45.5086161097803
Q8INB9_Akt1,39.1161549708127
Q8INF2_CG33331,42.3586515230471
Q8INF7_HEATR2,42.0745989285114
Q8INK9_SelR,42.0863462080701
Q8INM3_sle,46.9404778239696
Q8INR6_gpp,42.0498894075613
Q8INX3_CG10336,46.0032454538687
Q8IPK4_CG31915,45.9371029832949
Q8IQ70_CG18769,38.541052869482
Q8IQG1_Mob2,44.8097431950665
Q8IR45_CG32590,41.1282963904554
Q8IR79_LIMK1,42.5635212079247
Q8IRB5_Claspin,46.6122278089423
Q8IRE4_CG32281,42.7272044948858
Q8IRG6_dre4,39.9668825428972
Q8IRH5_CG2199,48.6102540516658
Q8IRL8_Gr9a,47.8462204001309
Q8IRU4_dnc,43.4086038479216
Q8IRW8_trr,44.3546640394886
Q8IRY7_Dredd,38.8063635462927
Q8ITV7_CELE_Y44E3A.6,48.1479402983474
Q8ITX4_clec-67,45.6693629680567
Q8ITY4_C50D2.5,41.2577790449032
Q8ITY6_C50D2.9,41.9084407468903
Q8ITY9_CELE_R148.5,44.2798160397741
Q8JHH6_vars,44.5574336654005
Q8JHI7_cct3,45.9400221746627
Q8JZK9_Hmgcs1,44.7564208393437
Q8JZL3_Thtpa,49.2251585983156
Q8JZM0_Tfb1m,50.47542832241475
Q8JZM7_Cdc73,48.9676129591198
Q8JZN5_Acad9,52.533222862478
Q8JZN7_Rhot2,44.4940709718712
Q8JZQ2_Afg3l2,45.9233302808464
Q8JZQ9_Eif3b,48.5649758162779
Q8JZR0_Acsl5,41.0766030697497
Q8JZS0_Lin7a,51.0483293008794
Q8JZS9_Mrpl48,49.071070118865904
Q8JZU2_Slc25a1,49.8717156802495
Q8JZV7_Amdhd2,51.8303324156566
Q8JZV9_Bdh2,57.6440245593058
Q8JZX4_Rbm17,52.0739139583517
Q8JZX5_Lrrc57,50.4304518832907
Q8JZY4_Kiaa0391,43.74095619326715
Q8JZZ0_Ugt3a2,45.3873141230228
Q8JZZ6_Ammecr1l,44.6497519195129
Q8K010_Oplah,49.9773643826983
Q8K012_Fnbp1l,50.5190417737811
Q8K013_Gtpbp10,43.6011644139441
Q8K072_Reep4,50.9598387974062
Q8K0B2_Lmbrd1,49.98373859486625
Q8K0C1_Ipo13,47.2659903917186
Q8K0C4_Cyp51a1,47.9176945440487
Q8K0C9_Gmds,50.3820249408018
Q8K0D5_Gfm1,46.4627874516617
Q8K0D7_Wrb,48.630760606837754
Q8K0E2_Exoc3,46.3406282376668
Q8K0E8_Fgb,52.668394591124
Q8K0F1_Tbc1d23,47.5382901833801
Q8K0G5_Eipr1,57.773216135855
Q8K0G5_Tssc1,50.02591621222025
Q8K0G8_Esrp2,45.9020300270043
Q8K0L3_Acsm2,55.3369046297855
Q8K0P3_Tldc1,52.65248581009995
Q8K0Q5_Arhgap18,49.524288331395
Q8K0R6_Gltpd2,59.5094635806136
Q8K0U3_Tmem17,52.6671378136925
Q8K0V4_Cnot3,49.81043898859915
Q8K0Y7_Paxx,57.6201839234901
Q8K0Z7_Taco1,45.4157060876601
Q8K124_Plekho2,49.7164822296321
Q8K126_Mtrf1,50.401650502092906
Q8K157_Galm,51.9080303584884
Q8K182_C8a,58.1662446813168
Q8K183_Pdxk,57.6208150925981
Q8K190_Saysd1,54.9047878075014
Q8K1A0_Mettl5,52.393442465227295
Q8K1A5_Tmem41b,43.4794116133214
Q8K1A6_Cc2d1a,47.1760121675665
Q8K1B8_Fermt3,54.2853952907477
Q8K1C0_Angel2,46.83051065446625
Q8K1C9_Lrrc41,45.978704880844305
Q8K1E6_Alkbh3,45.3962652815777
Q8K1H7_Tcp11l2,59.9778149736248
Q8K1I3_Spp2,57.5295133866171
Q8K1J5_Sde2,51.41664656450255
Q8K1J6_Trnt1,48.8182135252877
Q8K1L5_Ppp1r11,56.0157936963025
Q8K1M6_Dnm1l,43.9864439923751
Q8K1N1_Pnpla8,50.0593273808342
Q8K1N4_Spats2,46.16527760539235
Q8K1R3_Pnpt1,50.5572676480185
Q8K1R7_Nek9,48.8196043558592
Q8K1T1_Lrrc25,55.2273709324428
Q8K1X1_Wdr11,52.2711946667014
Q8K1X4_Nckap1l,46.93942600453995
Q8K1Z0_Coq9,51.5348267564755
Q8K201_Kct2,41.9717663230089
Q8K202_Polr1e,47.4658063000886
Q8K211_Slc31a1,46.8224258755319
Q8K212_Pacs1,51.34784343921331
Q8K215_Lyrm4,49.407735840591
Q8K220_Relb,46.2771438477156
Q8K221_Arfip2,50.5143117144828
Q8K224_Nat10,41.17881945170385
Q8K245_Uvrag,49.7134589157614
Q8K248_Hpdl,51.8899792287043
Q8K268_Abcf3,43.5019746103752
Q8K273_Mmgt1,52.9856828548231
Q8K274_Fn3krp,54.6727190650127
Q8K284_Gtf3c1,46.9628664589686
Q8K297_Colgalt1,48.0868228441437
Q8K298_Anln,48.43105225087015
Q8K2B3_Sdha,53.5942537924729
Q8K2C6_Sirt5,50.7737801374074
Q8K2C7_Os9,52.63677062384035
Q8K2C8_Gpat4,50.43571360887255
Q8K2C9_Hacd3,48.9611614397706
Q8K2F0_Brd3,49.1000892624498
Q8K2F8_Lsm14a,48.58746942045955
Q8K2H2_Otud6b,46.9418316767924
Q8K2H6_Anapc10,51.20511205964135
Q8K2I1_Fntb,45.616025168074
Q8K2I3_Fmo2,53.6485768252597
Q8K2J7_Rell1,50.20786351590845
Q8K2K6_Agfg1,57.8934359553467
Q8K2L8_Trappc12,49.062053988403505
Q8K2M0_Mrpl38,47.9907649399986
Q8K2P6_Rfesd,54.256374790215
Q8K2Q0_Commd9,52.31960343290465
Q8K2Q5_Chchd7,56.6127409582422
Q8K2Q7_Brox,48.32998068033935
Q8K2Q9_Shtn1,48.63539869737404
Q8K2T1_Nmral1,51.9116864662284
Q8K2T8_Paf1,47.1193724079667
Q8K2V1_Ppp4r1,45.5687619629836
Q8K2V6_Ipo11,48.19520130965435
Q8K2W3_Txndc11,47.7394936560544
Q8K2W7_Slbp,49.4257848255575
Q8K2Y7_Mrpl47,46.0148073166761
Q8K2Y9_Ccm2,51.4959763846233
Q8K301_Ddx52,46.2983186903601
Q8K304_Tmem129,49.5765862807178
Q8K305_Nsl1,49.2347179995623
Q8K327_Champ1,49.71461990863975
Q8K330_Ssh3,49.11448531012365
Q8K337_Inpp5b,46.0994633682679
Q8K339_Kin,49.0071632842583
Q8K354_Cbr3,50.6225839227013
Q8K366_Exosc10,44.22456563433685
Q8K368_Fanci,46.2158243405819
Q8K370_Acad10,49.4918195713995
Q8K382_Dennd1a,49.6806767946495
Q8K385_FRRS1,54.56163527190585
Q8K387_Usp45,46.9961564043743
Q8K394_Plcl2,44.9812648510844
Q8K396_Mnd1,45.6717649009875
Q8K3A0_Hscb,50.0406216735681
Q8K3A9_Mepce,48.077232739883854
Q8K3C3_Lzic,51.6087039587588
Q8K3H0_Appl1,49.652709135864
Q8K3J1_Ndufs8,46.3970948385689
Q8K3K8_Optn,57.8259826980206
Q8K3W0_Bre,54.1560888859002
Q8K3X4_Irf2bpl,47.7195171296309
Q8K400_Stxbp5,56.6046486812884
Q8K409_Polb,48.1510290379287
Q8K411_Pitrm1,45.3157720885565
Q8K4B0_Mta1,50.1659246052306
Q8K4F5_Abhd11,52.7315439473644
Q8K4F6_Nsun5,47.0361044784365
Q8K4H1_Afmid,45.3318198806215
Q8K4K6_Pank1,43.8555758091452
Q8K4M5_Commd1,51.8370946420577
Q8K4P0_Wdr33,49.55934805157205
Q8K4Q8_Colec12,56.7749547420651
Q8K4R4_Pitpnc1,53.5948064317862
Q8K4R9_Dlgap5,48.6616357042004
Q8K4W8_Clcn3,49.27278898589191
Q8K4X7_Agpat4,49.9708292938608
Q8K4Z3_Naxe,53.8470819310776
Q8K4Z5_Sf3a1,52.3434997096705
Q8KLI7_udgb,82.64805729900115
Q8KLI8_udga,96.6146345189982
Q8KPZ1_comZ,79.17917201036019
Q8KPZ2_pilA3,77.4453338858568
Q8KPZ4_pilA1,75.2727200615896
Q8KZT3_icd,87.89406981285444
Q8L493_DAAT,45.3178211457129
Q8L4D8_IQD31,38.4158793695549
Q8L4M1_THO6,51.2395759027877
Q8L4N1_PHOS34,49.3135090514405
Q8L4Y5_ARP7,47.4798652232807
Q8L539_5FCL,45.3314313506368
Q8L540_LTO1,41.9813481964447
Q8L557_EMB514,39.4685734659682
Q8L5U0_CSN4,42.6896818697617
Q8L5Y9_PANK2,39.3916899346821
Q8L5Z1_At1g33811,45.3281247309387
Q8L5Z7_SNX2A,44.9337615049115
Q8L608_At5g61250,51.8497915421111
Q8L611_SEC31B,41.2156396199448
Q8L633_TRZ2,52.1077929415974
Q8L6Y1_UBP14,44.3312392080829
Q8L716_U2AF65B,47.4256696135631
Q8L719_ALY2,47.4643033257445
Q8L733_At4g12130,50.1654495321946
Q8L735_ISA2,48.3124564842624
Q8L743_At1g24280,38.0396260879635
Q8L770_CLPR3,45.4246299073273
Q8L785_EDD1,46.4616656067387
Q8L7A9_At1g31730,48.2459464450452
Q8L7B2_SCPL20,41.5981906604925
Q8L7C9_GSTU20,47.6692192701038
Q8L7D2_SBT4.12,48.6058630221328
Q8L7D5_CYP708A2,40.8522998620975
Q8L7E3_VSR7,47.9951730875202
Q8L7K9_NAD-ME2,38.6504465955799
Q8L7L0_OBGL,40.4504345183116
Q8L7R2_HSK,51.5981039505542
Q8L7S3_At2g28450,46.4134413245553
Q8L7S4_MAP70.2,39.2683145209394
Q8L7S6_HEXO3,47.9869950926451
Q8L7S8_RH3,37.8315715593347
Q8L7U5_BSL1,50.8797043657588
Q8L7V3_At5g64030,45.9766149894246
Q8L7W8_FUC95A,43.5101749271719
Q8L7Y9_NPC1,47.803776513296
Q8L7Z3_At5g18400,44.8886365971518
Q8L828_At3g15980,45.5009325687804
Q8L831_NUDT3,52.6022536247987
Q8L8T2_GRXC1,44.8364267541848
Q8L940_PDX13,66.171278732432
Q8L953_RPS27D,39.6401026529824
Q8L968_At4g13720,51.000226029224
Q8L970_P4H7,51.3014650003665
Q8L9C4_KCR1,36.6654185995928
Q8L9J9_At4g34215,51.5321220560918
Q8L9X2_RBCX2,47.5252765878426
Q8L9Y0_SCPL25,40.3811403257073
Q8LA13_RH11,36.7562706128101
Q8LA16_AL7,47.6596884455774
Q8LA53_MBD2,47.5799073181807
Q8LAC4_URH2,50.103946248673
Q8LAD0_PDX2,40.9871609075187
Q8LAD2_At5g23250,50.7279230167529
Q8LAH7_OPR1,47.5532502594492
Q8LAH8_NDK4,51.0372963076725
Q8LAN3_P4H4,44.5476710297892
Q8LAP6_PAP12,40.1469682632105
Q8LAS8_SFGH,44.1585067677383
Q8LAZ7_CSN5A,49.1295810278951
Q8LB01_DAPB2,44.8080935769692
Q8LB10_CLPR4,45.4078648711302
Q8LB17_RBL15,40.2059436144434
Q8LBB2_KING1,40.2428001850363
Q8LBU2_GPX8,44.2881056418063
Q8LBZ7_SDH2-1,45.2084977517549
Q8LC83_RPS24B,37.6944055551297
Q8LCE1_GLN1-2,44.2953749289402
Q8LCP6_At1g75680,40.3097194951517
Q8LCT3_At4g29670,47.9139133330846
Q8LCY2_At5g03905,43.2746017617964
Q8LD27_PBA1,60.0142345030227
Q8LD49_ATHX,48.2432428988766
Q8LDL0_HHL1,40.0078489230921
Q8LDR3_CYP23,49.269702845381
Q8LDU4_RCCR,45.7661178180547
Q8LE52_DHAR3,48.7716859042138
Q8LEB6_At5g18500,37.829266032718
Q8LEG3_MAP65-2,50.5690445614251
Q8LER3_XTH7,40.0577809932629
Q8LEU3_NOL,42.5666461023893
Q8LF20_At2g25430,54.655239186786
Q8LF21_DRP1C,41.9247688838669
Q8LF48_KAT1,44.8447042548612
Q8LF99_XTH6,45.3650432396536
Q8LFC0_IDH1,43.6621861933726
Q8LFJ5_At1g22270,45.1420238614773
Q8LFQ6_GRXC4,42.6614277283907
Q8LFS6_BRN1,45.467049388429
Q8LG50_LPAT2,34.0912644818269
Q8LGG0_FKBP12,46.5995960991044
Q8LGH4_CUL4,43.0867304739906
Q8LGI2_At5g39410,40.2158954278946
Q8LLD0_NUP96,65.2186188710254
Q8LLD4_REP,51.0878527624234
Q8LPJ4_ABCE2,37.1183547521434
Q8LPJ5_At5g14590,45.7693800389159
Q8LPL6_ALPHA-ADR,41.143912234806
Q8LPL8_POT13,41.6305253747937
Q8LPQ6_ABCB28,44.6714288894486
Q8LPR8_TIC100,36.5500562451788
Q8LPR9_TIC110,40.1824281478008
Q8LPS1_LACS6,38.4935457493803
Q8LPT3_MEBL,42.528247269772
Q8MKL1_CG30010,43.5875200917024
Q8MKN0_Coq9,41.9523488708421
Q8MKW7_JhI-1,45.9775099076326
Q8ML92_ave,42.7094723038614
Q8MLV1_LBR,43.8877782470021
Q8MLY8_RpS8,41.9971418249003
Q8MLZ7_Idgf3,45.1936770526538
Q8MMC4_CG3760,45.3735983062415
Q8MNR9_CELE_F25B4.8,39.2769517088196
Q8MNT7_hach-1,38.4229241293861
Q8MNT9_nmad-1,37.8421727852557
Q8MNU7_C35D10.17,54.5960887047556
Q8MNY0_ubh-2,38.7406202275423
Q8MPQ0_swp-1,44.2543398399897
Q8MPS2_deb-1,42.8746182153375
Q8MPX3_dnj-20,41.670623510276
Q8MQ13_CELE_F59F3.6,49.9920525159192
Q8MQ70_hpk-1,27.5804179471478
Q8MQ99_C51E3.9,40.8998017003286
Q8MQB0_tbc-7,38.0846562536328
Q8MQB4_C28G1.6,51.3648092262056
Q8MQF1_dnj-5,41.7158629754282
Q8MQJ9_brat,42.9986710044099
Q8MQW8_spri,41.4315207368267
Q8MR45_CG1827,46.6691060992807
Q8MR62_viaf,44.5946281658224
Q8MSS1_lva,46.8038486506862
Q8MSU3_CG8399,40.3458826609743
Q8MSU4_Sym,45.7469539289068
Q8MSX1_enc,44.7265537665097
Q8MSX2_MED6,48.2997087801394
Q8MSY4_Vps51,50.1528956836051
Q8MT06_Ns1,39.5228125309238
Q8MT36_Mes-4,45.8424846326858
Q8MUJ1_egr,51.8148068231762
Q8MUM1_,39.1542943828428
Q8MV48_GalNAc-T2,45.1245187930068
Q8MVS5_Pgant35A,42.3168371407271
Q8MX40_Idgf1,38.9720082648165
Q8MX41_Idgf1,43.9686760876573
Q8MXD9_CELE_E02D9.1,41.6568913255302
Q8MXH7_C11D2.7,39.5230669446044
Q8MXJ7_alh-4,37.6029953680571
Q8MXK1_CELE_F44E7.4,39.9329597741432
Q8MXQ7_Y92H12BL.1,39.3327361246771
Q8MXR2_hrpf-2,53.0961795609767
Q8MXS1_rab-18,37.9443429212273
Q8MXS2_uaf-1,44.4923249147095
Q8MXS6_CELE_Y55F3AM.3,46.513916562622
Q8MXS8_CELE_Y47G6A.22,39.7191218770278
Q8MXT1_prdx-6,41.8768258875643
Q8MYM6_reps-1,45.4848216601476
Q8MYM8_CELE_Y39B6A.36,40.2589940868688
Q8MYN1_CELE_Y39B6A.30,46.3309914080401
Q8N7N5_Dcaf8,52.5859470942145
Q8N9S3_Ahsa2,44.3134675215469
Q8NI35_PATJ,36.0972938922258
Q8QZR3_Ces2a,59.5069854789646
Q8QZR5_Gpt,60.1205713388948
Q8QZS1_Hibch,49.1106897321987
Q8QZS3_Flcn,49.0178740077182
Q8QZT1_Acat1,50.4022609934706
Q8QZV7_Asun,49.03768754316515
Q8QZW8_Arhgap9,43.68384270340525
Q8QZY1_Eif3l,51.942404321992
Q8QZY2_Glyctk,44.0412549128925
Q8QZY9_Sf3b4,57.265026427962454
Q8R015_Bloc1s5,52.0787508466521
Q8R016_Blmh,52.743875502818
Q8R033_Lyrm2,50.6845878679463
Q8R035_Ict1,50.8373908725127
Q8R050_Gspt1,49.4097784276865
Q8R059_Gale,45.41816094353235
Q8R081_Hnrnpl,43.8510427107639
Q8R086_Suox,57.181410790446
Q8R087_B4galt7,47.180962803829345
Q8R0A2_Zbtb44,66.1564157532635
Q8R0F5_Rbmx2,52.68953333958035
Q8R0F6_Ilkap,50.3814874482325
Q8R0F8_Fahd1,55.8075139752041
Q8R0F9_Sec14l4,47.9938319884167
Q8R0G9_Nup133,49.565915763981195
Q8R0H9_Gga1,50.5391589258681
Q8R0I4_Tm2d2,54.5116336837458
Q8R0J2_Mpdu1,47.9142871133902
Q8R0J4_Tmem134,51.7596504329005
Q8R0J7_Vps37b,46.744988313499704
Q8R0J8_Idnk,45.35317524044
Q8R0K4_Ccdc137,53.338068686644505
Q8R0K9_E2f4,49.4375436531698
Q8R0V5_Ido2,46.623130767519
Q8R0X2_Cacul1,57.3717020422319
Q8R0X7_Sgpl1,50.3714726201223
Q8R0Y6_Aldh1l1,48.1507129565855
Q8R0Y8_Slc25a42,49.89006885166095
Q8R0Z5_Slc25a28,55.2252325414873
Q8R104_Sirt3,50.7442017630405
Q8R105_Vps37c,48.64518839613375
Q8R107_Prelid1,51.7396742606167
Q8R121_Serpina10,60.8627924968522
Q8R123_Flad1,48.5078654852555
Q8R127_Sccpdh,49.8655035734039
Q8R146_Apeh,61.0796753202709
Q8R151_Znfx1,46.4654856265092
Q8R164_Bphl,52.4958952623119
Q8R180_Ero1a,51.9365239360297
Q8R1B4_Eif3c,47.7352944155985
Q8R1F0_D8Ertd738e,55.1476349971947
Q8R1F1_Fam129b,50.0977603846052
Q8R1F5_Hyi,58.83961553909325
Q8R1F9_Rpp40,51.7643505463035
Q8R1G2_Cmbl,57.3497293464979
Q8R1G6_Pdlim2,48.05377168611045
Q8R1J3_Zcchc9,51.4855121269603
Q8R1J9_Tor2a,50.09311417471535
Q8R1K1_Ubac2,48.688050877946196
Q8R1K4_Phykpl,52.3707423253416
Q8R1N4_Nudcd3,45.18991254543955
Q8R1R3_Stard7,49.2631873268998
Q8R1S0_Coq6,47.1617815227294
Q8R1S9_Slc38a4,43.9400338375318
Q8R1T1_Chmp7,46.43808910524495
Q8R1U1_Cog4,48.557779340354244
Q8R1V4_Tmed4,55.6884298612441
Q8R1X6_Spg20,51.1153845384735
Q8R205_Zc3h10,49.7186765447617
Q8R216_Sirt4,47.3145421450973
Q8R238_Sdsl,51.6369329834236
Q8R239_,57.5147808085578
Q8R242_Ctbs,53.3110262843112
Q8R2E9_Ero1b,51.2709658417164
Q8R2K1_Fuom,55.4781553198722
Q8R2K3_Ssbp1,52.6981413900809
Q8R2N0_Ccdc59,49.8347146426504
Q8R2N2_Utp4,54.737374143385495
Q8R2Q4_Gfm2,44.870005337684
Q8R2R3_Aagab,46.1017520790445
Q8R2R6_Mtg1,48.9014239382858
Q8R2S9_Actr8,45.88799627248145
Q8R2T8_Gtf3c5,46.0861486232161
Q8R2U0_Seh1l,56.6252638300072
Q8R2U4_Ntmt1,45.8233054271519
Q8R2U6_Nudt4,46.4716222715132
Q8R2Y0_Abhd6,43.5401056441223
Q8R2Y8_Ptrh2,56.1851996432795
Q8R307_Vps18,45.784522727425
Q8R322_Gle1,49.051080443976005
Q8R326_Pspc1,51.25508924979755
Q8R357_Olfm1,52.9741797802759
Q8R366_Igsf8,50.7283910746768
Q8R395_Commd5,45.1933503269856
Q8R3C0_Mcmbp,47.280118242135146
Q8R3D1_Tbc1d13,52.0361694954526
Q8R3E3_Wipi1,60.4363738818796
Q8R3F5_Mcat,54.5719628187825
Q8R3F9_Tut1,50.5301933804342
Q8R3G1_Ppp1r8,50.274987977115
Q8R3H7_Hs2st1,55.730705835487
Q8R3H9_Ttc4,55.4843644529612
Q8R3J4_Mterf3,48.9856628461358
Q8R3K3_Ptcd2,47.1301183739745
Q8R3L2_Tcf25,45.65191054857435
Q8R3L8_Cdk8,52.330754088245655
Q8R3N1_Nop14,48.48826632185765
Q8R3N6_Thoc1,48.6475897935661
Q8R3P6_Vwa9,50.3952392209686
Q8R3R8_Gabarapl1,53.29994526116745
Q8R3V2_Aimp2,46.390711756270946
Q8R3V5_Sh3glb2,47.26978420771
Q8R3W2_0610009B22Rik,50.2158436707956
Q8R3Y8_Irf2bp1,45.77130058225545
Q8R404_Mic13,53.2341285299831
Q8R420_Abca3,50.88065946805875
Q8R429_Atp2a1,42.7766830913436
Q8R464_Cadm4,52.8070762176012
Q8R480_Nup85,58.80120958824155
Q8R4E9_Cdt1,48.2843672113297
Q8R4H2_Arhgef12,46.7888291382613
Q8R4H7_Nags,49.8196497674375
Q8R4K2_Irak4,44.74433594460205
Q8R4N0_Clybl,52.2894017445107
Q8R4R6_Nup35,52.94688188756035
Q8R4U0_Stab2,49.5177271880042
Q8R4U7_Luzp1,50.552119943280545
Q8R4V1_Nfam1,55.2167014051172
Q8R4X3_Rbm12,45.2892841261594
Q8R4Y4_Stab1,52.8898595037292
Q8R502_Lrrc8c,51.999249687301855
Q8R550_Sh3kbp1,50.7732652340196
Q8R570_Snap47,47.717350983791704
Q8R574_Prpsap2,60.8395930097895
Q8R5A0_Smyd2,44.3058384157206
Q8R5A6_Tbc1d22a,47.49647190792915
Q8R5C5_Actr1b,53.8938299222751
Q8R5F3_Oard1,47.1107181469314
Q8R5F7_Ifih1,44.5190453385176
Q8R5H1_Usp15,48.1537342191194
Q8R5J9_Arl6ip5,51.71960452433245
Q8R5K4_Nol6,52.5794769894779
Q8R5L1_C1qbp,47.196947555705904
Q8R5L3_Vps39,47.2524964274548
Q8RQU3_pilM,85.4942171554127
Q8RUD6_HAC1,47.7944462573939
Q8RUF8_NLP3,54.3651799492734
Q8RUW5_SCPL8,55.0853597098536
Q8RV79_SOT11,40.2972328977748
Q8RWD5_SCD2,43.8177856102584
Q8RWF0_RPN9A,48.5665462332007
Q8RWG1_ABC1K1,41.8112426189424
Q8RWH9_NUP58,51.2715879330727
Q8RWM2_NAPRT1,50.6006229114382
Q8RWR1_JMJ30,40.2214794727264
Q8RWS8_EMB2654,59.8868215422417
Q8RWT8_OVA7,46.4659092866366
Q8RWV0_TKL-1,43.8556051969977
Q8RWY6_CLASP,45.3095378937326
Q8RWZ7_VHA-a1,45.6096738217029
Q8RX79_APG3,43.4570659172246
Q8RX86_AGAL2,37.8867742186454
Q8RX87_RFS6,43.840779232963
Q8RX88_FACE1,32.9643335887492
Q8RXD5_KTI1,53.8123871668222
Q8RXD9_DPE2,41.2510053284104
Q8RXE9_OVA4,43.6609886302879
Q8RXF1_At1g14650,52.1991728599036
Q8RXF8_MIRO1,39.1496350350872
Q8RXK6_RH8,43.0959490316545
Q8RXK8_OVA2,45.1087026336837
Q8RXN4_At4g31810,54.9614263327914
Q8RXN5_TYW1,40.6223011708348
Q8RXN6_PRP31,45.5607222345025
Q8RXX5_At5g47190,36.7350791739199
Q8RY00_SIA2,42.6324989405257
Q8RY22_DEGP7,42.0490105004224
Q8RY46_ABCB26,42.7929365586605
Q8RY79_ELI5,51.0343059068828
Q8RYE9_At2g33255,47.9907223330667
Q8S4Y1_AAT1,58.7753241542791
Q8S528_ALDH2B7,45.6824876753447
Q8S8F9_NIC1,45.8813765228548
Q8S8L9_At2g32450,42.5022767582452
Q8S8N9_GC1,47.6724162506762
Q8S944_DRP3A,41.6132810810189
Q8S9J1_PPOX2,48.9205921244579
Q8S9J2_At2g33840,50.6959815867164
Q8S9K8_MES10,51.7616063202466
Q8S9L5_TIG,44.7527266598491
Q8S9M1_PAP13,55.0155555461859
Q8SAB7_SPK1,37.7932491082854
Q8ST83_pho,53.6240754419511
Q8SWR8_Atx2,40.3168176718087
Q8SWU7_CG1354,37.7281774342624
Q8SWX0_arx,43.5916248818319
Q8SX68_CG10915,46.9051409638369
Q8SX83_spen,44.5168810342287
Q8SXQ7_PGRP-LF,41.5113192433656
Q8SXY6_bai,42.2592834099637
Q8SY33_gw,44.5619502959169
Q8SY41_rudhira,44.3327386208999
Q8SYD0_Ttc19,45.3797698923316
Q8SYG2_CSN3,40.2853261276245
Q8SYS7_CG17683,43.9057871638343
Q8SZ16_Sdhaf3,44.6356506782866
Q8SZ63_Golgin84,43.5623672760846
Q8T045_rumi,43.7460101784108
Q8T079_CG4747,41.0901598057792
Q8T0S6_hpo,37.9442003566098
Q8T3D2_CELE_T08G11.1,46.9660680687592
Q8T3E0_mrt-1,37.6113381216905
Q8T3E5_ncam-1,43.7157799500407
Q8T3G2_scpl-1,42.5706197659743
Q8T3L6_beg,44.5257087201177
Q8T3U2_RpS23,43.665223497368
Q8T3X9_MagR,43.5297513592906
Q8T498_CG42684,42.6875486873023
Q8T4E1_CG4406,41.4311374596749
Q8T4F7_ena,41.3028550487742
Q8T6B9_pUf68,43.9087237702659
Q8T7Z3_gst-35,35.4115090550136
Q8T874_aps-3,40.4018449911684
Q8T8R1_CG3800,45.2949851545514
Q8T9B6_boca,48.8941803676052
Q8TA47_CELE_Y51F10.7,54.4779543564971
Q8TA83_dnj-10,45.2306806368735
Q8UVG6_rbp2a,53.17651749964
Q8VBT0_Tmx1,52.7048030920845
Q8VBT2_Sds,51.0012127185651
Q8VBT9_Aspscr1,48.4046948611573
Q8VBU8_Banp,49.5889927355212
Q8VBV3_Exosc2,60.5350269899847
Q8VBV7_Cops8,57.090148733418
Q8VBW6_Nae1,51.9719304017945
Q8VBX6_Mpdz,50.9930096336692
Q8VBZ0_Dhrsx,50.19752624176865
Q8VBZ3_Clptm1,45.9633759912768
Q8VC03_Eml3,54.9469220727115
Q8VC04_Tmem106a,57.7472601569376
Q8VC12_Uroc1,56.8147137287454
Q8VC19_Alas1,57.6493833736441
Q8VC28_Akr1c13,47.2944399285465
Q8VC30_Tkfc,48.8415404013301
Q8VC42_Mic1,48.272794670341
Q8VC51_Wrap53,55.106212316674146
Q8VC52_Rbpms2,47.6658547757012
Q8VC65_Nrm,52.79447206530075
Q8VC97_Upb1,52.4052746376417
Q8VCA8_Scrn2,51.430339188992
Q8VCB1_Ndc1,52.01823275802485
Q8VCB3_Gys2,54.8134187013315
Q8VCC1_Hpgd,43.0693079398756
Q8VCC2_Ces1,57.7444674328649
Q8VCD5_Med17,50.733435807405655
Q8VCF0_Mavs,50.5250444929666
Q8VCF1_Cant1,47.3268015517131
Q8VCG3_Wdr74,53.8736291844916
Q8VCG4_C8g,58.4720191099147
Q8VCH0_Acaa1b,48.4241237047754
Q8VCH6_Dhcr24,47.2972803444016
Q8VCH7_Rdh10,52.6515895270372
Q8VCH8_Ubxn4,49.120826872294145
Q8VCI5_Pex19,53.5254323434267
Q8VCI7_Swsap1,53.3649218975233
Q8VCL2_Sco2,50.2928256914596
Q8VCM3_Zfyve21,49.4887721010983
Q8VCM5_Mul1,51.07833191400985
Q8VCM7_Fgg,52.5469668124936
Q8VCM8_Ncln,42.5214233582878
Q8VCN9_Tbcc,57.1249910804661
Q8VCQ3_Nrbf2,50.27299149319095
Q8VCR0_Rxrb,45.43287369920695
Q8VCR2_Hsd17b13,44.3124923478565
Q8VCR3_Tmem242,52.9920314045117
Q8VCR7_Abhd14b,60.3232753331267
Q8VCS3_Fam20b,47.293630662355156
Q8VCT3_Rnpep,46.9783525106281
Q8VCT4_Ces1d,61.3150079367979
Q8VCU1_Ces3b,55.9872341858578
Q8VCW8_Acsf2,42.3925095033134
Q8VCX1_Akr1d1,50.1479743940432
Q8VCX5_Micu1,50.0026425845397
Q8VCY6_Utp6,47.99919778300805
Q8VCZ9_Prodh2,45.0020635454431
Q8VD00_Tmem97,42.4530845708708
Q8VD04_Gripap1,48.2399519944994
Q8VD12_Znf385a,48.0387698247672
Q8VD31_Tapbpl,52.3786032636719
Q8VD58_Evi2b,52.64222109573301
Q8VD62_Bles03,52.4059685695743
Q8VD65_Pik3r4,50.5197534924996
Q8VD66_Abhd4,46.5350758317698
Q8VD75_Hip1,47.7070007360043
Q8VDB2_Alg12,54.0765782643602
Q8VDC0_Lars2,46.9981242078592
Q8VDC1_Fyco1,45.5580435346821
Q8VDD8_Wash1,52.375112901045
Q8VDF2_Uhrf1,45.4044906760627
Q8VDG5_Ppcs,50.2516754937851
Q8VDG7_Pafah2,48.1171032369583
Q8VDI7_Ubac1,49.3922889423422
Q8VDI9_Alg9,52.5249412466684
Q8VDJ3_Hdlbp,44.4486054265328
Q8VDK1_Nit1,59.4857992197844
Q8VDL4_Adpgk,61.3530156206594
Q8VDM1_Zgpat,50.9715323420049
Q8VDM4_Psmd2,45.9737205079378
Q8VDM6_Hnrnpul1,49.03846490977055
Q8VDN2_Atp1a1,55.0851639034636
Q8VDP2_,51.4389347316508
Q8VDP4_Ccar2,50.2876088080709
Q8VDQ1_Ptgr2,48.3640391183007
Q8VDQ8_Sirt2,54.5160814440717
Q8VDS4_Rprd1a,49.5141799812404
Q8VDS8_Stx18,48.554216461569
Q8VDT9_Mrpl50,50.9176627980508
Q8VDV3_Rab3il1,48.27988225862396
Q8VDV8_Mitd1,50.1442348551248
Q8VDW0_Ddx39a,48.202665868496
Q8VDX6_Tmem5,47.7143373375534
Q8VDZ4_Zdhhc5,52.5258960240211
Q8VE08_Fbxo33,51.7487354037705
Q8VE09_Ttc39c,42.8346948020236
Q8VE10_Naa40,43.46106719472955
Q8VE11_Mtmr6,49.33318768479875
Q8VE18_Smg8,47.177366095460144
Q8VE19_Mios,51.95291719673545
Q8VE22_Mrps23,49.1461575586594
Q8VE38_Oxnad1,45.8060455214622
Q8VE42_Ankrd49,51.4732848816389
Q8VE47_Uba5,48.6087795085761
Q8VE62_Paip1,57.2812360834688
Q8VE65_Taf12,55.3452688640279
Q8VE70_Pdcd10,53.1089956182572
Q8VE80_Thoc3,55.2600860357467
Q8VE88_Fam114a2,50.214801539627
Q8VE91_Fam134b,59.6799604443446
Q8VE92_Rbm4b,46.1284386978335
Q8VE95_,54.9535628214515
Q8VE97_Srsf4,56.1437727354161
Q8VEA8_Rab7b,44.1804226328288
Q8VEB4_Pla2g15,51.9646001261342
Q8VED2_Bloc1s4,53.2194585718643
Q8VED8_Mtfr2,45.63247318213125
Q8VED9_Lgalsl,52.5505201057056
Q8VEE0_Rpe,57.332391096025745
Q8VEE1_Lmcd1,53.7590210742407
Q8VEE4_Rpa1,52.5893337819639
Q8VEG4_Exd2,43.2357366838637
Q8VEH0_Tmem144,51.7669151052052
Q8VEH5_Epm2aip1,47.2758331145469
Q8VEH8_Erlec1,51.780039312956
Q8VEJ9_Vps4a,44.4379004826464
Q8VEK0_Tmem30a,54.0727787510551
Q8VEK3_Hnrnpu,51.697789269841
Q8VEL0_Mospd1,49.8716332114719
Q8VEL2_Mtmr14,52.9582416593943
Q8VEM1_Rnf130,56.3028093979986
Q8VEM8_Slc25a3,41.8694654947445
Q8VH51_Rbm39,50.323491817985
Q8VHC3_Selm,53.6438986513719
Q8VHE0_Sec63,49.5193971158196
Q8VHF2_Cdhr5,49.8329024891972
Q8VHH5_Agap3,51.3281483704144
Q8VHK9_Dhx36,50.7589009187418
Q8VHL0_Slc14a1,46.0195764652168
Q8VHL1_Setd7,47.162329826227904
Q8VHM5_Hnrnpr,50.6824698328925
Q8VHM7_Il10rb,53.5531219211799
Q8VHN8_Nudt16l1,47.981283870329705
Q8VHX6_Flnc,47.496307316753
Q8VHZ7_Imp4,49.5908529761656
Q8VI33_Taf9,50.84068111430585
Q8VI47_Abcc2,44.6393676145687
Q8VI63_Mob2,45.71203606834335
Q8VI75_Ipo4,51.1323256685593
Q8VI78_Pla1a,54.8777033852614
Q8VI93_Oas3,47.264844043592404
Q8VIB3_St3gal6,48.6140092468155
Q8VID5_Recql5,47.142266295571005
Q8VIG1_Rest,47.7571919993556
Q8VIJ6_Sfpq,52.06400055686805
Q8VIJ8_Nprl3,51.4750269603813
Q8VIK2_Mpv17l2,47.5585388279236
Q8VIM9_Irgq,48.6389820639895
Q8VRK4_dprA,78.49221144482479
Q8VRL0_pilT,79.53521025827226
Q8VRL3_pilC,78.1443839463637
Q8VRL6_pilO,83.4192514365859
Q8VRL7_pilN,90.2322851262451
Q8VUS5_lysK,76.2755567738665
Q8VWF5_ML5,43.7253843523754
Q8VWF6_SSL3,40.1951955804203
Q8VXY9_UAH,50.1107440336058
Q8VXZ5_XEG113,42.8064879408099
Q8VXZ7_AGAL3,50.1765453842878
Q8VXZ9_RBP47B,43.447388422248
Q8VY00_ESP3,45.6491464349615
Q8VY06_PREP2,44.2994918199266
Q8VY07_EPSIN1,49.1959376339894
Q8VY49_LCV1,51.0688239765394
Q8VY52_PPD2,44.7866603572038
Q8VY88_LTD,48.3512143029002
Q8VY91_RPS6,43.0079264257003
Q8VYB5_AMSH1,45.9884394578435
Q8VYB7_RGTA1,40.5917259298983
Q8VYE2_TIM50,34.9286068515155
Q8VYF5_CPA,55.5533287827712
Q8VYG2_GALAK,45.494260403671
Q8VYG9_PIRL9,48.9318215607942
Q8VYI0_LSM8,51.9890961409873
Q8VYI3_ECH2,46.8275719684403
Q8VYJ7_CLPB4,44.4298752171656
Q8VYK7_ATG8F,45.935667902899
Q8VYL1_At5g35170,43.9070944973671
Q8VYN2_PVA42,47.3387489409548
Q8VYN6_PFK5,46.9195202462119
Q8VYP0_HCC1,44.1704469890032
Q8VYV7_DHQS,44.9604824555602
Q8VYZ2_PAP8,50.5582844033662
Q8VZ19_RPL30B,48.7620468632451
Q8VZ49_At1g64710,45.754677782088
Q8VZ79_IDN2,45.7450381614328
Q8VZ87_LHCB1.2,35.5494732983004
Q8VZB9_RPL10AA,50.0993532048685
Q8VZC3_ALDH12A1,57.2017807713316
Q8VZC7_At5g45510,60.4333104364796
Q8VZF1_AAE7,47.8685470459225
Q8VZF3_GEP,46.5120292022804
Q8VZG1_DGK3,37.6669197955586
Q8VZG7_TSN1,37.1937021950498
Q8VZH2_APM1,48.6386627450287
Q8VZI8_FTSH10,43.5061340999291
Q8VZK9_CSLE1,37.4410988486147
Q8VZM1_NAA15,37.6105225208976
Q8VZM7_At5g02940,41.9538176320767
Q8VZN9_At1g43900,50.212386740274
Q8VZP1_GPP2,46.1498753712877
Q8VZQ4_BGAMMA,40.1386003516674
Q8VZS8_PYL1,39.886908816909
Q8VZT6_WCRKC2,50.160810905673
Q8VZW3_CHI3,50.7381328141917
Q8W033_ALDH3I1,46.4725159455081
Q8W0Y8_PSB28,47.0062146853134
Q8W0Z6_AP5M,43.1281886752032
Q8W0Z9_CCR4-1,45.3013018957514
Q8W108_ARD3,49.6264266805404
Q8W1X2_PK,49.5511024766301
Q8W234_SEU,46.3250628309445
Q8W453_DIR1,39.7962260407821
Q8W471_AAE15,40.3007871668943
Q8W485_At5g50100,46.1355488534502
Q8W486_At1g04910,39.3176162892309
Q8W487_At2g39795,49.823759087996
Q8W491_UGT73B3,39.7538622320374
Q8W493_LFNR2,58.3977373853631
Q8W496_PTC52,53.957150866044
Q8W4C2_UGT72B2,41.6196189614818
Q8W4C8_ARL8C,40.9622688068215
Q8W4D0_CYP71,46.4245047387823
Q8W4E6_HPAT1,36.5305031743204
Q8W4F1_PAP10,37.8355334045664
Q8W4F3_OVA9,47.0721037940249
Q8W4H7_A2,44.1060336854548
Q8W4I6_BPG2,42.777077672359
Q8W4I9_ML1,53.1482841048428
Q8W4K3_CAT4,47.1364046804663
Q8W4M5_PFP-BETA1,41.0740432434942
Q8W4P8_MEB1,48.1081576737521
Q8W4S4_VHA-a3,47.755914044428
Q8W585_FTSH8,41.9885611054526
Q8W593_At1g67280,52.0025896406396
Q8W5R6_KIN7C,44.6541207335025
Q8WQ99_csnk-1,45.0847296633334
Q8WQA1_CELE_Y105E8A.20,40.4469625221657
Q8WQA3_rpom-1,39.0519329604696
Q8WQA4_exc-4,49.775442250496
Q8WQB0_CELE_Y105E8A.14,42.0977616987098
Q8WQB3_apg-1,42.3030636305449
Q8WQB4_CELE_Y105E8A.8,41.9840427588083
Q8WQD8_cah-4,44.3796865463458
Q8WQE0_ipla-1,42.7055925904919
Q8WQF1_pccb-1,49.0084687992319
Q8WQF4_row-1,36.3267453923005
Q8WQL7_mbk-1,33.524060092641
Q8WR43_wrk-1,43.2128440958122
Q8WSF3_fdl,46.6331102632902
Q8WSN2_skr-18,38.9667490267145
Q8WSW2_C15B12.8,49.0221409184764
Q8WSZ8_skr-5,41.3368911034762
Q8WTC1_bonsai,48.4577064911167
Q8WTL2_clec-84,52.3589868067193
Q8WTL6_hpo-29,38.2577752763643
Q8WTM3_comt-5,40.6337262409866
Q8WTM6_arx-4,41.7471465170303
Q8WTY4_Ciapin1,49.4555022581919
Q8WUR0_,51.2114855823174
Q90WI2_cpa5,65.454620212867
Q90X44_nrf1,50.0112266041253
Q90Y03_aldh1a2,49.7506965796881
Q91UZ1_Plcb4,49.069284118733904
Q91V01_Lpcat3,45.3799818740503
Q91V09_Wdr13,60.9239950607706
Q91V16_Etfrf1,54.962696610522
Q91V16_Lyrm5,51.3169491668651
Q91V35_Ptpra,50.38983638668595
Q91V41_Rab14,51.322104904969
Q91V55_Rps5,44.6975015872129
Q91V61_Sfxn3,51.99146960937535
Q91V64_Isoc1,50.804005523654
Q91V76_,52.2341504273553
Q91V80_Apof,48.4104697520177
Q91V89_Ppp2r5d,46.8088410607506
Q91V92_Acly,53.5179959448988
Q91VA0_Acsm1,54.9502635488441
Q91VA6_Poldip2,47.2025992873486
Q91VA7_Idh3b,50.098438057497546
Q91VC3_Eif4a3,52.0079247248255
Q91VC4_Plvap,58.0781618739165
Q91VC9_Ghitm,49.08157382253085
Q91VD9_Ndufs1,50.0828682336851
Q91VE0_Slc27a4,47.7810288408139
Q91VF2_Hnmt,48.2631731096745
Q91VH2_Snx9,49.2710551372045
Q91VH6_Memo1,50.0444126052718
Q91VI7_Rnh1,45.95275440375695
Q91VJ1_Aim2,47.222122546949606
Q91VJ4_Stk38,45.7220335208255
Q91VK1_Bzw2,50.453187988422755
Q91VL8_Terf2ip,54.2055486250283
Q91VM3_Wdr45,54.1470569893164
Q91VM5_Rbmxl1,51.7806391247497
Q91VM9_Ppa2,52.2804554197401
Q91VN4_Chchd6,57.4481033037161
Q91VN6_Ddx41,48.378728045486795
Q91VR2_Atp5c1,56.1592058275903
Q91VR5_Ddx1,48.5180345185064
Q91VR8_Brk1,52.0002742790703
Q91VS7_Mgst1,43.9455383643475
Q91VS8_Farp2,54.312102600934
Q91VT1_Nsmce2,49.7540850419028
Q91VT4_Cbr4,50.3873868528112
Q91VU0_Fam3c,58.4260344844872
Q91VU6_Dcaf11,55.835837013109554
Q91VU7_Pus7,50.901358097949
Q91VW3_Sh3bgrl3,53.824092321439096
Q91VW5_Golga4,49.4793774486708
Q91VX9_Tmem168,53.6045308963483
Q91VY9_Znf622,44.191415039103205
Q91VZ6_Smap1,50.7782606183538
Q91W00_Ggta1,53.1380565559762
Q91W18_Tdrd3,49.42470615765445
Q91W39_Ncoa5,51.04059809066085
Q91W43_Gldc,58.8534369673023
Q91W45_Paip2b,49.826466298265004
Q91W50_Csde1,45.4934610204789
Q91W52_Tmem19,49.1441293956106
Q91W53_Golga7,53.7749303750742
Q91W59_Rbms1,54.1522648129032
Q91W61_Fbxl15,49.8323764416098
Q91W63_Nmrk1,39.7910947229615
Q91W64_Cyp2c70,51.1179683338609
Q91W67_Ubl7,49.2555451956248
Q91W86_Vps11,47.4958398975107
Q91W89_Man2c1,55.3366353719552
Q91W90_Txndc5,55.3339654042131
Q91WA1_Tipin,51.6732639845371
Q91WB4_Plekhf2,45.24638637528705
Q91WB7_Ubtd1,48.163598148613346
Q91WC0_Setd3,48.8169473030647
Q91WC9_Daglb,50.2624582768798
Q91WD0_Gpr108,52.439903808371
Q91WD1_Polr3d,51.196562677884145
Q91WD5_Ndufs2,48.1713572509188
Q91WE1_Snx15,44.3742968627515
Q91WE2_Fam192a,54.7868027277797
Q91WE4_,53.500123594263954
Q91WE6_Cdkal1,46.886629939147
Q91WG2_Rabep2,49.7854968134718
Q91WG3_Trub2,48.16183024320885
Q91WG4_Elp2,48.63159183827735
Q91WG8_Gne,41.2658442141817
Q91WK1_Spryd4,48.4602080508844
Q91WK2_Eif3h,57.3674368487333
Q91WL5_Cyp4a12a,42.5617679427125
Q91WL6_Snx11,47.7928584776747
Q91WL8_Wwox,46.89618126811635
Q91WM2_Cecr5,47.61798075206325
Q91WM2_Hdhd5,49.3570578518666
Q91WM3_Rrp9,58.7941543834773
Q91WN1_Dnajc9,56.4973507763045
Q91WN4_Kmo,44.1453781525805
Q91WP6_Serpina3n,55.3476295976093
Q91WQ3_Yars,47.7129429577199
Q91WQ5_Taf5l,51.39052240925
Q91WS0_Cisd1,60.2577754891106
Q91WS7_Depdc7,56.07146729163365
Q91WT4_Dnajc17,46.3029086277103
Q91WT9_Cbs,51.611448391305
Q91WU5_As3mt,51.100970414522
Q91WV0_Dr1,66.3236041008401
Q91WX5_Bak1,46.86905932965445
Q91WZ8_Dtnbp1,52.6593536834646
Q91X20_Ash2l,55.4619445816833
Q91X21_Kiaa2013,58.4053881448918
Q91X34_Baat,53.7379353282326
Q91X44_Gckr,40.7492940581765
Q91X52_Dcxr,48.9173709440606
Q91X76_Nt5dc2,52.303418120954504
Q91X77_Cyp2c50,56.2164634169012
Q91X83_Mat1a,57.5071832517948
Q91X88_Pomgnt1,51.2428776589348
Q91X96_Rabif,53.2959604401263
Q91XB0_Trex1,53.4451049400351
Q91XB7_Yif1a,46.167132166908
Q91XC9_Pex16,48.723396345703705
Q91XD4_Ftcd,43.2567991943982
Q91XD6_Vps36,44.2787403206241
Q91XE0_Glyat,56.4102657059727
Q91XE4_Acy3,53.8386239863799
Q91XE8_Tmem205,52.1686325600934
Q91XF0_Pnpo,57.5698068382507
Q91XF4_Rnf167,50.4004406596916
Q91XH5_Spr,48.357135005219504
Q91XH6_Vti1b,57.0500678242028
Q91XI1_Dus3l,54.4989176547031
Q91XL3_Uxs1,52.41000718062665
Q91XL9_Osbpl1a,48.9184872930861
Q91XT4_Sec16b,47.4316180944291
Q91XU0_Wrnip1,52.9269092324332
Q91XU3_Pip4k2c,47.8746754999107
Q91Y47_F11,54.2938623219249
Q91Y74_St3gal4,51.3099141605683
Q91Y97_Aldob,57.614978797433
Q91YD3_Dcp1a,51.8836812851496
Q91YE3_Egln1,48.215930004941
Q91YE7_Rbm5,52.46928948555605
Q91YH5_Atl3,44.9265235452039
Q91YI0_Asl,53.3183623920767
Q91YI4_Arrb2,52.7641425302839
Q91YJ2_Snx4,45.9061892550714
Q91YJ3_Thyn1,49.422792176120396
Q91YJ5_Mtif2,45.62191671069105
Q91YK2_Rrp1b,51.080379361389205
Q91YL3_Uckl1,50.9731132375317
Q91YM4_Tbrg4,47.6425184046511
Q91YN0_D6Wsu163e,51.1713250045079
Q91YN5_Uap1,49.8421352026406
Q91YN8_Gtf2h2,52.276630729945495
Q91YP0_L2hgdh,52.1286393920775
Q91YP2_Nln,45.0769579941997
Q91YP3_Dera,55.4059334997416
Q91YQ5_Rpn1,51.6622269936616
Q91YR1_Twf1,51.4542030798771
Q91YR5_Mettl13,46.6998941842046
Q91YR7_Prpf6,45.7623105129925
Q91YR9_Ptgr1,51.0825031163746
Q91YS7_Map2k2,47.1478491878134
Q91YT0_Ndufv1,53.5333944881451
Q91YT2_Rnf185,55.1018229077362
Q91YT7_Ythdf2,49.66887661592135
Q91YT8_Tmem63a,53.2974481988586
Q91YU8_Ppan,54.5024395138597
Q91YW3_Dnajc3,46.4430364405282
Q91YX0_Themis2,47.2851179452798
Q91YY4_Atpaf2,56.5671904383089
Q91YZ2_Ctbp2,48.00521000140305
Q91Z25_Arpc1b,53.03433158371385
Q91Z38_Ttc1,53.4149182923924
Q91Z40_Gbp7,47.9633480331907
Q91Z50_Fen1,46.8692031030739
Q91Z53_Grhpr,54.7405625727305
Q91Z67_Srgap2,45.36892709988555
Q91Z92_B3galt6,49.31147308240885
Q91Z96_Bmp2k,47.0395579026552
Q91ZA3_Pcca,53.7637871544002
Q91ZE0_Tmlhe,48.656727417624
Q91ZE6_Sptbn4,49.59997945962395
Q91ZH7_Abhd3,41.3806004797198
Q91ZJ5_Ugp2,54.6087962236704
Q91ZJ9_Hyal1,53.87658145062865
Q91ZM2_Sh2b1,50.0852454912944
Q91ZN5_Slc35b2,53.1431478162071
Q91ZV0_Mia2,55.4009750292968
Q91ZV7_Plxdc1,51.942268713667346
Q91ZW2_Pofut1,52.1346313367758
Q91ZW3_Smarca5,48.6306622205761
Q91ZX7_Lrp1,57.241485133287
Q91ZZ2_Rapgef1,48.9265774600739
Q92051_cahz,54.1188879429568
Q920A5_Scpep1,50.339926631537
Q920A7_Afg3l1,48.0243529213478
Q920B0_Frmd4b,48.069622401285855
Q920B9_Supt16h,45.7700373888898
Q920E5_Fdps,49.9915492809225
Q920G8_Slc25a37,37.5906266333578
Q920I9_Wdr7,49.1425201728749
Q920L1_Fads1,47.335042506112245
Q920N2_Hlcs,53.1379929149866
Q920Q6_Msi2,51.7058468285601
Q920Q8_Ivns1abp,48.42256463823555
Q920R0_Als2,45.1261038879535
Q920V1_B3galnt1,45.621612980213754
Q921C5_Bicd2,49.5122485690016
Q921D0_Anxa8,48.78052371075065
Q921D4_Med6,50.3226901669349
Q921E2_Rab31,44.4519945267818
Q921E6_Eed,52.3541243728951
Q921F2_Tardbp,44.8249090870644
Q921F4_Hnrnpll,47.8149552592928
Q921G6_Lrch4,48.4722606655309
Q921G7_Etfdh,50.4847415518554
Q921G8_Tubgcp2,51.15433668949915
Q921H8_Acaa1a,51.786234975253
Q921H9_Coa7,58.60179150661
Q921I2_Klhdc4,60.9015579301121
Q921I9_Exosc4,60.3429901858682
Q921J2_Rheb,43.1619203616779
Q921K2_Parp1,46.44923432958825
Q921L3_Tmco1,46.4776617517817
Q921L5_Cog2,45.2088883944816
Q921L7_Hemk1,46.9576882515627
Q921M3_Sf3b3,58.3156511134192
Q921M4_Golga2,48.5851398126527
Q921M7_Fam49b,50.0526675768476
Q921N6_Ddx27,50.2868373320204
Q921N8_Gps2,55.0917730219771
Q921Q3_Alg1,48.54405384761575
Q921R2_Rps13,51.39421768617955
Q921R4_Dnajc14,47.479381589415595
Q921S7_Mrpl37,45.59078031419005
Q921T2_Tor1aip1,51.37778940138
Q921V5_Mgat2,53.9277298333741
Q921W0_Chmp1a,53.00575388813105
Q921W2_Tial1,52.0046858880277
Q921W4_Cryzl1,53.8723389785523
Q921X6_Polr3f,52.941853263123704
Q921X9_Pdia5,49.0533082597368
Q921Y0_Mob1a,53.6493639246378
Q921Y2_Imp3,50.11678281976345
Q922B1_Macrod1,48.41887069295
Q922B2_Dars,46.5723269293344
Q922D4_Ppp6r3,65.6268250195824
Q922D8_Mthfd1,47.0105710393652
Q922E4_Pcyt2,57.7804750352962
Q922E6_Fastkd2,48.5200288740359
Q922G0_Slc25a36,54.5405767216707
Q922G2_Fam76a,46.8856790143588
Q922H1_Prmt3,52.9984204689213
Q922H4_Gmppa,55.7852009504153
Q922H9_Znf330,52.9653144529761
Q922J3_Clip1,53.749027289978144
Q922J9_Far1,50.43728736257505
Q922Q1_Marc2,53.42570975728
Q922Q2_Riok1,47.45943279103925
Q922Q8_Lrrc59,53.97843872444155
Q922Q9_Chid1,54.5535902402791
Q922R1_,49.45695136745205
Q922R5_Ppp4r3b,48.3845344622575
Q922R8_Pdia6,52.3999186533614
Q922S4_Pde2a,42.9338503583913
Q922S8_Kif2c,45.757622201961
Q922U1_Prpf3,49.1078785094113
Q922X9_Prmt7,49.99618069685155
Q922Y1_Ubxn1,49.9164347967053
Q92317_NCB2,53.507135112314
Q92331_VPS5,45.3285305203694
Q92392_TY1A-OL,45.0026465999963
Q923A2_Spdl1,51.04448469577605
Q923B1_Dbr1,50.96562981140575
Q923B6_Steap4,44.8604958393578
Q923C7_Clec4a2,50.1350182263949
Q923D2_Blvrb,47.4748875182102
Q923D5_Wbp11,59.3002832064198
Q923E4_Sirt1,44.3544635602391
Q923F1_Clns1a,54.497083559584496
Q923G2_Polr2h,55.447071037611
Q923T9_Camk2g,48.316093200541204
Q923U0_Tom1l1,53.103731915986
Q923W1_Tgs1,47.865669393393
Q923Z3_Mto1,57.737901734515
Q924A2_Cic,53.700093897824146
Q924B0_Impa1,57.0635381578535
Q924C1_Xpo5,45.584517874221206
Q924D0_Rtn4ip1,48.436957696133
Q924H7_Wac,49.1295033154622
Q924L1_Letmd1,52.1268780948194
Q924M7_Mpi,57.480234142757
Q924S7_Spred2,49.2060351682791
Q924S8_Spred1,50.32105893419135
Q924T2_Mrps2,48.863257853184
Q924T3_Xrcc4,52.03966286392345
Q924W5_Smc6,50.593583575313446
Q924X6_Lrp8,55.110772085928105
Q924Y0_Bbox1,47.8301835383518
Q924Z4_Cers2,51.5913720589601
Q925E7_Ppp2r2d,49.8543076254907
Q925F2_Esam,52.5798227717285
Q925I1_Atad3,45.1653364320421
Q925J9_Med1,51.550832780096755
Q925N0_Sfxn5,45.0072332204058
Q925N2_Sfxn2,42.1713971813183
Q925U4_Edem1,43.9591393889039
Q93092_Taldo1,52.1028127216475
Q93167_C01G10.7,49.2055687663661
Q93168_C01G10.8,40.9936509247844
Q93169_C01G10.9,39.6616210114844
Q93170_osgl-1,42.7707502268964
Q93235_nkb-1,38.4047119926485
Q93254_C23H4.3,43.8714708474904
Q93324_C33G3.4,42.7332120953198
Q93330_trpp-9,41.9729221569896
Q93338_rpb-3,40.9038460257093
Q93341_dhfr-1,39.8219034960465
Q93353_idhb-1,31.776619413653
Q93379_gsr-1,45.3342354589771
Q93380_unc-93,45.8080398968261
Q93382_C46F11.4,37.9089343474861
Q93425_mrps-5,38.9532740981724
Q93442_let-19,39.2760797718583
Q93454_rae-1,39.024903442854
Q93459_nubp-1,45.5707318609027
Q93535_CELE_F20D1.3,46.28456868481
Q93544_CELE_F20G2.1,41.7497505303764
Q93545_CELE_F20G2.2,42.0972191473347
Q93565_tli-1,44.3323019417976
Q93568_CELE_F25H2.4,43.5015750440602
Q93571_ubc-25,40.7743622413406
Q93573_tct-1,48.8681040996937
Q93575_rtel-1,54.8573422715327
Q93592_CELE_F26A3.4,37.3999459829496
Q93594_ncbp-2,37.5185695556586
Q93619_tag-173,40.0041870621671
Q93644_CELE_F30A10.3,41.592749916666
Q93649_CELE_F30F8.1,40.5193738340851
Q93694_gst-24,36.8184061001968
Q93695_gst-12,36.4373461777945
Q93697_gst-15,36.7812962420277
Q93698_gst-16,41.0352597988259
Q93714_idha-1,34.0491305192639
Q93716_cfim-1,39.4096142651021
Q93726_hpo-35,37.6431223147959
Q93758_swan-1,39.295539307118
Q93759_swan-2,37.8748462081419
Q93761_F53C11.3,36.10963519252
Q93791_nid-1,44.7523368493435
Q93795_hpo-31,37.4401356164317
Q93796_nrf-5,42.1003623654377
Q93830_exos-3,38.2638080862369
Q93832_nlp-4,41.3604220329785
Q93839_CELE_F59F4.1,36.955379155548
Q93847_wdr-5.2,37.7690191731084
Q93873_gas-1,48.2649265706998
Q93895_CELE_M03B6.1,38.4082524601299
Q93934_CELE_R07H5.8,44.1306912396995
Q93968_CELE_T01H8.2,38.1868930803546
Q93HR1_gyrB,80.50458689675695
Q93K97_nudF,57.890663621458344
Q93R93_lysJ,92.64096342384764
Q93V93_PER44,45.6631085294712
Q93VB8_RPS2B,36.9667830018626
Q93VC7_RPS1,43.4977195177093
Q93VC9_CATHB2,46.9710597405653
Q93VG5_RPS8A,38.0282397277224
Q93VH2_BBD2,42.6181956511229
Q93VH9_RPS4A,33.6699906128688
Q93VI3_RPL17A,39.8320974640279
Q93VK5_CYP97A3,41.9917411189282
Q93VR3_At5g28840,38.4052205662116
Q93VR4_MLP423,45.3909762492608
Q93VV9_PAM16L2,54.468055880596
Q93W34_RBP45C,45.8442725526869
Q93WI0_At5g19370,52.2968142112764
Q93WJ8_MDAR2,49.0908379164011
Q93WL3_CLPT1,48.4689128923772
Q93WN0_SBP2,43.7082222135278
Q93WX6_NFS2,52.7139351776995
Q93XM7_BOU,36.315011094645
Q93XN8_SPP3B,45.2593535913654
Q93XW5_NSP5,45.3763922262194
Q93XX2_SEOA,66.3537352967121
Q93Y07_SFR2,41.4809809533382
Q93Y09_SCPL45,40.5581008450175
Q93Y22_At5g05010,43.4915962490374
Q93Y31_ARL8B,39.4981782357313
Q93Y35_RPN7,45.0197354973834
Q93Y37_MNS3,49.7518833119862
Q93Y40_ORP3C,37.8845670646837
Q93YR3_At4g22670,47.9425113960437
Q93YU5_SEC8,41.7342540524537
Q93YV7_At4g14360,45.552069954099
Q93YW5_At4g28400,53.3109257508599
Q93YZ7_At2g31810,38.4036275684481
Q93Z08_At5g58090,39.6913885262943
Q93Z16_RPN2,37.4575847795106
Q93Z53_PKP3,41.0320496098611
Q93Z70_At2g19940,55.1674980231721
Q93ZB2_KO,38.8941000465189
Q93ZB6_HEME1,46.2987441161347
Q93ZC9_GLCAK1,39.9577601389574
Q93ZG7_RH38,45.083701246593
Q93ZG9_FKBP53,42.0692803328416
Q93ZN2_At1g60710,53.8312323929642
Q93ZN9_DAP,45.6751971904844
Q93ZT6_EIF(ISO)4G1,49.2427896322011
Q93ZV7_LA1,44.1985980095201
Q93ZX1_RFC4,44.2530790632667
Q93ZY3_STT3A,52.3494754474431
Q94050_sna-2,40.2390241199979
Q94053_msp-78,46.4452183603905
Q940B0_RPL18C,33.3303039596137
Q940B8_KIN13A,48.9258535058347
Q940D0_ARR1,49.1158345396183
Q940H6_SRK2E,46.6282748590376
Q940H8_FRL4B,56.9368882514545
Q940J8_PAE7,43.0612789391006
Q940M2_AGT2,54.3077431149826
Q940P8_CCT2,43.7715488469381
Q940S5_At1g60970,43.7170055324589
Q940U6_FLU,38.1418975580422
Q940Y3_ARID3,41.7194987455214
Q940Z5_PMAT1,53.2844370545443
Q94129_wrt-4,46.0001778511387
Q94131_pie-1,28.2508810638811
Q94148_rab-10,39.8099042415296
Q94173_C43G2.3,38.7895242083724
Q94185_dpy-6,48.0654569622126
Q941D3_PAP8,47.0770562859078
Q94218_odr-8,36.7677081517929
Q94241_sec-22,44.5434996794019
Q94261_cif-1,42.0229158689573
Q94263_miro-1,35.353609708197
Q94269_CELE_K10C2.1,45.8066513083748
Q94312_CELE_ZK154.1,44.6673273896308
Q94360_nduf-7,46.9740079516842
Q94361_gei-17,38.2740816521246
Q943Z6_SRP19,41.0356477567579
Q94401_CELE_ZK265.3,43.3936851565531
Q94416_CELE_ZK858.7,49.5537701448144
Q94417_clec-91,39.855498996186
Q944A6_SNF4,39.9646394789333
Q944A7_At4g35230,43.841173764779
Q944A9_NPSN11,49.4272408057785
Q944G9_FBA2,51.2632095509379
Q944H0_NMT2,43.3566584750766
Q944I4_GLYK,47.9101682455913
Q944K2_OST48,34.6928820634661
Q944L7_SLP2,46.9837766106363
Q944P7_LAP2,52.7360979098572
Q944R7_PRMT16,40.9911705543108
Q94511_ND-75,50.4376410282503
Q94516_ATPsynB,46.5398307230648
Q94517_Rpd3,40.2687713985051
Q94518_Nacalpha,53.5013831191002
Q94522_Scsalpha,38.923585201943
Q94523_SdhA,46.3898274662021
Q94524_Dlc90F,40.0987671728163
Q94527_Rel,37.1789290298417
Q94529_Gs1l,44.5875855208207
Q94535_U2af38,38.2577272309567
Q94545_ash2,41.2513852736668
Q94546_Atu,45.5064574678598
Q94547_Rga,45.9828145760264
Q945K7_IDH5,43.5534098394122
Q945Q1_CYS1,46.04202968123
Q94887_Nrx-IV,46.8796410628826
Q94899_alien,40.4716797960882
Q948K8_RABG3A,45.2251239547728
Q94901_lark,41.1465929673594
Q94913_Reg-5,46.3411105526232
Q94915_Reg-2,38.137437913721
Q94920_porin,40.1844001595266
Q94981_ari-1,44.3387171965136
Q949P2_CYOP,45.3060398492794
Q949P3_At2g17340,46.6486258432212
Q949R9_MPC1,40.5563809385909
Q949X9_LPR2,53.38558372027
Q949Y0_UBP6,44.7786440601042
Q949Y3_PAP26,48.674774725404
Q94A08_RFS2,36.9477559424886
Q94A28_ACO2,46.0688647299518
Q94A38_LARP6A,54.3718682298262
Q94A41_AMY3,40.7903402356849
Q94A52_RH2,42.9513446504506
Q94A68_At1g06690,47.5642688798693
Q94A82_NUDT19,46.2761621430356
Q94A94_LYSA2,44.8798676973534
Q94AF2_At5g19150,43.6749130337582
Q94AH6_CUL1,41.4873041527476
Q94AI6_SEC6,45.3310000687321
Q94AI7_TPL,46.1966953352385
Q94AM1_OOP,47.6058336672273
Q94AQ8_PNSB2,40.8408387333535
Q94AR8_IIL1,50.2883060635023
Q94AT1_At5g53140,47.5904141370606
Q94AU2_SEC22,41.9717197268016
Q94AW8_ATJ3,43.8904951723302
Q94AX2_PTST,42.9687418679624
Q94AX4_DLD,50.2430071007236
Q94B08_GCP1,48.9154662175605
Q94B35_ISPH,46.5074545338404
Q94B52_IF3-4,49.6815541165418
Q94B60_CLPP4,44.4292025509053
Q94B74_NUDT2,47.4144724696592
Q94B78_GLDP1,49.5181404813136
Q94BN2_SPMS,49.7130445229349
Q94BR4_PRP19A,50.4213990801582
Q94BS8_EFL2,50.854087689836
Q94BT0_SPS1,43.1720767393912
Q94BT9_ATX1,44.5108122011581
Q94BU1_At1g71810,35.1134779340796
Q94BV7_NDB2,48.2368800430404
Q94C59_PATL4,45.8126985265134
Q94C74_SHM2,49.8659102071016
Q94C77_At4g34220,57.9122497534462
Q94CD1_HHT1,40.5149546284768
Q94CD8_At3g13560,50.9373525409884
Q94CE3_BCA5,49.2961066961518
Q94CE4_BCA4,44.6038789636492
Q94CE5_POP2,48.7805386693889
Q94CL6_NAR1,47.7659852516143
Q94EG6_At5g02240,50.3552001710077
Q94EH2_TIM22-2,51.3747513225277
Q94EJ6_At4g18030,38.6549015925327
Q94F00_IMPL1,47.7818710852374
Q94F09_PDIL5-2,44.1636360971864
Q94F40_At1g28600,44.9553325375976
Q94FN2_MOR1,44.4823271509659
Q94FY7_VTE1,47.1317717369671
Q94IB8_LCB1,34.7473243624877
Q94IB9_ACER,41.2719016020321
Q94II3_ERD3,41.3512641934938
Q94JQ3_SHM3,55.0623202257642
Q94JS4_SMT3,35.7624527724084
Q94JU3_CSN7,54.1772902977483
Q94JV4_At1g54290,46.5726644686559
Q94JV5_NLP2,51.3760286420072
Q94JW0_At3g58180,43.0713002056347
Q94K05_CCT8,42.4398895784207
Q94K07_,57.5165376077275
Q94K71_CBBY,49.4039843076047
Q94K73_At3g58140,43.6969450416924
Q94K85_CATHB3,41.828522326471
Q94KE2_TIC,50.4525506641534
Q94KT8_COB,45.880093674491
Q95005_pas-4,49.3249398252058
Q95008_pas-5,49.1005671020815
Q95017_ubc-9,43.534215965819
Q95028_ImpL3,43.0416312258851
Q95029_Cp1,40.238157623746
Q95NM6_cps-6,41.3794811080996
Q95NU5_ooc-5,36.8469904310921
Q95PV7_tftc-3,41.7735687997998
Q95PW5_tag-307,38.857113854659
Q95PW9_nck-1,53.3904981593297
Q95PX8_tcer-1,42.7261283586498
Q95PY4_mrps-18a,35.8120461022414
Q95PY8_cpsf-3,41.6261911666715
Q95PY9_CELE_Y67H2A.7,43.5795734715029
Q95PZ4_xpb-1,35.4136934361388
Q95PZ8_nars-2,38.8792229584524
Q95Q05_CELE_Y66D12A.10,34.4809281147556
Q95Q11_mrps-7,54.5883496507621
Q95Q17_let-49,37.6910647966537
Q95Q32_CELE_Y105E8B.9,53.3543519578535
Q95Q35_exoc-8,37.999484324926
Q95Q51_unc-73,40.216997430682
Q95Q57_CELE_F29B9.5,47.3584191408186
Q95Q68_C37H5.13,49.009136800131
Q95Q95_let-363,42.3324260205991
Q95QA3_tag-232,43.0963170502564
Q95QB6_CELE_R151.2,54.5489219602034
Q95QD6_CELE_JC8.4,41.1595528726886
Q95QG1_CELE_F44E2.10,42.3756628036
Q95QG7_exos-8,45.0333147516534
Q95QG8_fcp-1,41.8639868300966
Q95QH4_CELE_F32A5.8,36.8244950533265
Q95QH5_skpo-3,39.1289921572292
Q95QI6_CELE_F26F4.12,38.6717773766441
Q95QL2_mrpl-13,36.7845610509074
Q95QL3_CELE_F11A10.7,41.8944838783822
Q95QM8_gfat-1,34.6460101284469
Q95QN2_ddx-23,37.7715281231335
Q95QQ2_C56C10.7,43.7411758003155
Q95QQ4_atic-1,38.9156677986725
Q95QR3_nhr-46,45.4321116320144
Q95QS2_C35C5.8,44.0257635760314
Q95QS4_C34E10.10,42.5650389464343
Q95QS6_tag-321,43.5087427582536
Q95QU0_C27F2.10,39.2917837058165
Q95QU1_C27F2.9,39.8945585451617
Q95QV8_tiar-1,44.3015761997513
Q95QW0_eif-3.L,41.335641332633
Q95QZ3_ntl-2,38.5748749420553
Q95QZ6_C44B11.4,53.1159152612122
Q95QZ7_npl-4.1,39.8489609310704
Q95R07_mex-3,47.2333161139029
Q95RA8_mats,41.1619727328564
Q95RA9_GILT1,44.6610307429043
Q95RC0_CG11412,37.633547274246
Q95RI5_fax,41.2967272532919
Q95RJ9_ebi,44.584661985735
Q95RN0_CG10038,42.3027082481889
Q95RR8_CG11486,35.8937808055469
Q95RU0_cue,45.5644710448255
Q95SK3_CG30291,49.1502309015298
Q95SS8_CG7506,39.7104805767401
Q95T19_Slimp,44.5851624757879
Q95T64_PGRP-LA,39.7943520126679
Q95TN4_CG7456,41.4848238900873
Q95TS5_IntS9,39.1452353830554
Q95TU8_unc-5,41.8219532202777
Q95UF8_gop-1,37.3145476546775
Q95UN8_slpr,43.4674984681212
Q95X39_mrpl-9,33.9774695263184
Q95X41_C05D2.10,54.4120798617295
Q95X44_vha-8,51.56796829999
Q95X61_CELE_K11D12.11,45.3039527559939
Q95X83_rpoa-49,39.9633698083866
Q95XD0_exos-2,37.8305963735958
Q95XG9_daao-1,36.6093944684002
Q95XI6_CELE_Y69A2AR.22,38.8312197784994
Q95XK4_CELE_Y54F10BM.1,34.6460313823663
Q95XK5_CELE_Y54F10BM.13,38.7032823732754
Q95XL9_chaf-2,42.4215421478889
Q95XM5_CELE_Y71G12B.6,43.9249116529256
Q95XM9_ddx-27,41.3641685867808
Q95XN1_CELE_Y71G12B.10,46.2115160597527
Q95XN2_mppa-1,38.8691121081564
Q95XP4_mab-20,41.009707911119
Q95XP9_zwl-1,38.221455724008
Q95XQ8_mcm-4,35.2205437477922
Q95XR0_CELE_Y39G10AR.8,36.4418493139275
Q95XR6_CELE_Y39G10AR.11,47.6057195531949
Q95XS2_CELE_Y38F2AR.9,44.758570444244
Q95XT1_supr-1,35.4533475831766
Q95XU3_wwp-1,39.9158238397859
Q95XX0_ubc-13,43.7813708779929
Q95XX1_nprt-1,46.5379508058084
Q95XX7_CELE_Y54G2A.10,42.6963716421655
Q95XY4_nol-6,42.1405466352949
Q95XY8_CELE_Y51H7C.9,42.3328600251477
Q95XZ0_cogc-4,36.3455211584871
Q95XZ5_pqn-85,43.2972378467472
Q95Y13_npp-8,40.726298635457
Q95Y15_npp-8,39.0239471242281
Q95Y25_CELE_Y41D4A.6,32.1840911275173
Q95Y26_CELE_Y41D4A.5,40.2314098138636
Q95Y35_CELE_Y108G3AL.2,38.8971126348457
Q95Y58_CELE_Y50D4A.4,38.408541916582
Q95Y67_pes-4,43.1146682360105
Q95Y71_mrpl-45,33.4784079315103
Q95Y73_fusm-2,36.138623975741
Q95Y79_zig-9,44.637323990544
Q95Y80_bet-1,41.3844254735105
Q95Y83_mrpl-19,31.6830308594554
Q95Y96_CELE_M04F3.4,51.4751716860945
Q95Y97_rpa-2,43.2719090437864
Q95YA4_CELE_F41G4.8,47.861170555391
Q95YA9_cas-1,45.9629157313233
Q95YB2_acdh-9,44.3430115772492
Q95YC3_C52A10.2,40.9332396540609
Q95YC4_C52A10.1,41.0616855082745
Q95YD1_gln-1,46.721886865484
Q95YD2_C45B2.6,42.5881088652547
Q95YD5_vha-16,41.6487382042553
Q95YD8_idhg-2,33.0679804607038
Q95YF0_cls-1,42.6994571795783
Q95YF3_cgh-1,43.4110621616891
Q95ZE8_RpL14,44.9222184831472
Q95ZI6_ZK353.9,52.3411631557876
Q95ZJ1_gly-5,40.8505367654637
Q95ZJ9_CELE_Y10G11A.1,38.2038726937769
Q95ZM2_CELE_F19F10.12,37.6840951977516
Q95ZN7_nmt-1,35.138037055226
Q95ZQ3_kars-1,36.9936507896114
Q95ZQ4_aak-2,41.3066596677531
Q95ZS2_tdc-1,46.7097784055089
Q95ZS5_CELE_F56A8.3,40.9470655500215
Q95ZT8_CELE_F42A9.7,50.5766262988562
Q95ZW9_C50F4.16,41.5998366126956
Q960E8_Tfb1,42.8602241239
Q960V3_milt,43.2874110114522
Q960W6_CG8306,39.8450132565939
Q960X8_Hrs,43.9908666674731
Q960Z0_Klp10A,35.9074878862842
Q961C9_Tango11,43.7767259133107
Q961D9_lgs,43.5967517659191
Q961G1_Cog3,42.650975061716
Q96242_CYP74A,43.4141644316243
Q96250_ATPC,41.9586746309991
Q96251_At5g13450,45.9347332201365
Q96254_GDI1,48.4456126583141
Q96255_PSAT1,44.3870419876063
Q96262_PCAP1,48.0128663388537
Q96266_GSTF8,53.4032910817927
Q96293_ACT8,42.2679733925316
Q96299_GRF9,49.0248643950708
Q96300_GRF7,50.2195174937946
Q96321_IMPA1,46.7311795252583
Q96327_EBP1,50.846334406995
Q96328_SAC8,39.5595031437578
Q96329_ACX4,46.8909946464806
Q96330_FLS1,50.2661577965017
Q96509_PER55,45.0134653114837
Q96511_PER69,56.4104823928027
Q96514_CYP71B7,45.3627795683832
Q96518_PER16,44.7520812261299
Q96520_PER12,55.381257668335
Q96522_PER45,43.3135349940192
Q96524_CRY2,41.8456356755515
Q96528_CAT1,59.4887192254661
Q96529_PURA,50.1571967824157
Q96533_ADH2,45.5395004942009
Q965G5_mak-2,40.2086249412522
Q965I8_CELE_T25D3.3,45.120089023727
Q965J1_CELE_T24A6.20,44.4370156600205
Q965K3_dpf-3,48.3991361607866
Q965K6_CELE_T24E12.5,49.0792322996144
Q965N3_BE0003N10.1,41.6883741856457
Q965N4_chin-1,38.0144504300669
Q965S8_eif-3.I,33.2298354858875
Q965T2_CELE_Y54F10AR.1,47.5746916244411
Q965T4_taco-1,38.7408911383341
Q965V4_xpo-2,41.2889943175513
Q965V9_ubh-3,42.4187779604618
Q965W1_lbp-9,44.2877907900842
Q965W8_CELE_Y39H10A.6,33.7523247934952
Q965W9_mtm-9,37.9643918514957
Q965X1_CELE_Y39A3CL.7,36.9525728460727
Q965Y1_map-1,43.0997530634367
Q965Z3_CELE_ZK105.6,39.3292005481344
Q966C7_tald-1,45.5289586374662
Q966F6_CELE_T13G4.4,38.630543117265
Q966G0_rmd-6,41.2820140096892
Q966I8_pbs-1,48.4780162225284
Q966L2_CELE_E01A2.1,47.2351551281761
Q966L4_CELE_E01A2.5,44.4915598055419
Q966L5_E01A2.2,40.2320463947356
Q966L9_glh-2,54.9989159948595
Q966M2_C55B7.3,37.8576480070066
Q966M5_mdt-18,41.5350655152851
Q966M6_dbr-1,37.2272306882134
Q967F1_eif-1,45.712010626138
Q96VH4_HBN1,50.3120556732401
Q96VH5_MIC10,42.4211383030614
Q98TS3_hspbp1,51.5022037668834
Q99210_YOR111W,52.1600846298192
Q99216_PNO1,45.1952050366079
Q99220_YOS9,50.6194662570091
Q99231_TY1B-DR3,48.1136892344729
Q99258_RIB3,50.5541199774153
Q99271_NHA1,53.5861427545347
Q99278_MED11,52.7381491099642
Q99288_DET1,48.8143388445326
Q99312_ISN1,50.2518169546444
Q99316_MPD2,42.2683709789924
Q99321_DDP1,47.0880059328044
Q99369_FSH3,44.5428970437659
Q99J08_Sec14l2,53.7360316122829
Q99J09_Wdr77,52.7987195418263
Q99J10_Ctu1,49.1243944183387
Q99J19_Smim11a,42.2669081412439
Q99J21_Mcoln1,47.56575439543635
Q99J23_Ghdc,45.858798219046
Q99J25_Mrm1,49.777871239254154
Q99J27_Slc33a1,51.14726518691835
Q99J36_Thumpd1,56.544161476555
Q99J39_Mlycd,50.2792745844529
Q99J56_Derl1,52.2677174028688
Q99J57_Mat2a,50.2289909302433
Q99J77_Nans,50.0979088337537
Q99J83_Atg5,48.7700320590697
Q99J87_Dhx58,45.7453208881188
Q99J95_Cdk9,50.2725422373995
Q99J99_Mpst,48.0713093510816
Q99JB2_Stoml2,55.523770025925955
Q99JB8_Pacsin3,43.1717090000969
Q99JF5_Mvd,47.8232030680507
Q99JF8_Psip1,50.919800677983545
Q99JH1_Rpp25l,53.7459741147699
Q99JI4_Psmd6,49.1006708772101
Q99JI6_Rap1b,53.1038762247075
Q99JP6_Homer3,50.97890999372795
Q99JR1_Sfxn1,50.9167986013948
Q99JR5_Tinagl1,56.3045855212209
Q99JR8_Smarcd2,47.400820870295746
Q99JT1_Gatb,44.2125100915243
Q99JT9_Adi1,47.4545930178047
Q99JV5_Stard4,44.8621176259934
Q99JW1_Abhd17a,53.4485248776662
Q99JW4_Lims1,52.148200398497
Q99JX1_Taf11,48.9874621898631
Q99JX3_Gorasp2,41.8336492413892
Q99JX4_Eif3m,49.937318169021154
Q99JX7_Nxf1,48.3299972285891
Q99JY0_Hadhb,45.4891588734802
Q99JY4_Trabd,49.4730703543876
Q99JY9_Actr3,59.162975517706
Q99JZ4_Sar1a,43.9314803647347
Q99K01_Pdxdc1,47.247586448452
Q99K23_Ufsp2,47.7296828432001
Q99K28_Arfgap2,49.77147531526225
Q99K30_Eps8l2,54.4626045785871
Q99K46_Usp11,44.1951088799705
Q99K48_Nono,47.8951416563983
Q99K51_Pls3,50.4466023836825
Q99K67_Aass,43.5113573069248
Q99K70_Rragc,47.9413115005286
Q99K74_Med24,50.80002583440455
Q99K94_Stat1,43.657102978812304
Q99K95_Rtfdc1,54.9362455013572
Q99KC8_Vwa5a,48.6977332642249
Q99KD5_Unc45a,47.8188637893894
Q99KE1_Me2,51.2631491431334
Q99KF1_Tmed9,59.9590861081356
Q99KG3_Rbm10,53.63583309981585
Q99KH2_Cyth2,48.1643001297619
Q99KH8_Stk24,48.4164483324667
Q99KI0_Aco2,49.0878863914233
Q99KI3_Emc3,51.3246538551278
Q99KK1_Reep3,53.4513907386855
Q99KK2_Cmas,49.8923270011682
Q99KK7_Dpp3,48.2110125127149
Q99KK9_Hars2,45.5945606837002
Q99KN2_Ciao1,53.9358387910872
Q99KP3_Cryl1,59.1110060383591
Q99KP6_Prpf19,58.4706540846955
Q99KQ4_Nampt,55.6402220099113
Q99KR3_Lactb2,53.25973622470515
Q99KR7_Ppif,52.0235984389607
Q99KS2_Ngrn,51.2902758406832
Q99KU0_Vmp1,53.768655590931104
Q99KU1_Dhdds,53.4629470481679
Q99KU6_,51.592446987993796
Q99KV1_Dnajb11,54.3414615453204
Q99KW3_Triobp,50.1142216749385
Q99KW9_Itfg1,55.1118835385328
Q99L04_Dhrs1,47.9053981852363
Q99L13_Hibadh,55.6961719923679
Q99L20_Gstt3,50.0786107983507
Q99L27_Gmpr2,54.5327612975109
Q99L45_Eif2s2,54.9221409700075
Q99L47_St13,49.0204719566128
Q99L48_Nmd3,47.50632292895715
Q99L85_Elp5,54.101220198862
Q99L88_Sntb1,43.4554943909865
Q99LB2_Dhrs4,50.1880483154309
Q99LB4_Capg,49.4334685489266
Q99LB6_Mat2b,50.6433248225378
Q99LB7_Sardh,49.9911335463182
Q99LC2_Cstf1,54.1904036562102
Q99LC3_Ndufa10,45.1672177353443
Q99LC5_Etfa,48.4142156581415
Q99LC8_Eif2b1,48.4893528282416
Q99LC9_Pex6,56.555140814443455
Q99LD4_Gps1,54.0689159057019
Q99LD8_Ddah2,57.5337229626088
Q99LD9_Eif2b2,50.4776573656152
Q99LE1_Rilpl2,46.96980653762665
Q99LE3_Lysmd3,48.3611120404443
Q99LE6_Abcf2,45.0672641578227
Q99LF4_Rtcb,49.7589016916545
Q99LG0_Usp16,60.3070981962466
Q99LG2_Tnpo2,44.9516467059625
Q99LG4_Ttc5,45.525518673136304
Q99LH1_Gnl2,48.18266799323965
Q99LH9_Sh3bp5l,51.9145100573031
Q99LI2_Clcc1,52.0237461413888
Q99LI7_Cstf3,51.6783683800689
Q99LI8_Hgs,54.2524372262878
Q99LI9_Clp1,47.3579600943381
Q99LJ0_Cttnbp2nl,51.0591982218355
Q99LJ1_Fuca1,49.9176287841966
Q99LJ8_Nus1,56.9824479315355
Q99LL3_Chst12,52.6527579559278
Q99LM2_Cdk5rap3,44.9618998340942
Q99LM3_Smtnl1,56.7417616236943
Q99LN9_Dohh,50.2393537556901
Q99LP6_Grpel1,52.0779313094351
Q99LQ1_Mbip,54.561644909997696
Q99LQ7_Tmem189,50.300639316293754
Q99LR1_Abhd12,48.1568472941756
Q99LS3_Psph,55.2026561231497
Q99LU0_Chmp1b1,50.0903573917688
Q99LW6_Yaf2,51.27808790528
Q99LX0_Park7,51.5510491560741
Q99LY9_Ndufs5,59.3941827295651
Q99LZ3_Gins4,49.8706373491819
Q99M01_Fars2,44.0931609422627
Q99M04_Lias,50.7357029178245
Q99M07_Coa5,54.477810987429095
Q99M08_,53.5352503476319
Q99M15_Pstpip2,47.1478286698293
Q99M28_Rnps1,51.9295687003366
Q99M31_Hspa14,43.89196411544365
Q99M46_Polr2c,51.8266776006534
Q99M51_Nck1,46.4518193524134
Q99M87_Dnaja3,47.2693530461997
Q99MB1_Tlr3,49.2358762074171
Q99MD6_Txnrd3,59.3229606396441
Q99MD9_Nasp,58.7103982209425
Q99ME2_Wdr6,46.29100038915515
Q99ME9_Gtpbp4,48.018976580883646
Q99MI1_Erc1,57.3375787877017
Q99MN1_Kars,49.1535809580291
Q99MN9_Pccb,54.2432514159639
Q99MP8_Brap,48.7676911094861
Q99MR1_Gigyf1,64.0072576993027
Q99MR3_Slc12a9,50.2711437321275
Q99MR6_Srrt,46.9592296014179
Q99MR8_Mccc1,45.7603859999063
Q99MS7_Ehbp1l1,45.25471481770835
Q99MU1_Tpra1,54.5905931067996
Q99MU3_Adar,48.29281959728005
Q99MZ3_Mlxipl,57.0619727104654
Q99MZ7_Pecr,53.8699572900641
Q99N11_Dusp22,48.77378147460985
Q99N15_Hsd17b10,52.292383208868
Q99N16_Cyp4f3,50.1103950701602
Q99N17_Cyp4f16,51.1766382876754
Q99N19_Cyp4f13,53.0416695339864
Q99N42_Tymp,53.7033911907097
Q99N57_Raf1,47.9035891391664
Q99N69_Lpxn,46.05360200068835
Q99N84_Mrps18b,53.1935255676877
Q99N91_Mrpl34,56.22882356081175
Q99N92_Mrpl27,49.5525372845169
Q99N93_Mrpl16,43.5787615290862
Q99N96_Mrpl1,46.7586289402531
Q99NB1_Acss1,56.9421132968083
Q99NB8_Ubqln4,55.6296971798517
Q99NF1_Bco2,57.6745303637032
Q99NF3_Cep41,48.7988822326377
Q99NF7_Ppm1b,48.36938032441731
Q99NH2_Pard3,51.5600823317346
Q99NH8_Trem2,51.618173573277
Q99P30_Nudt7,51.1907616262464
Q99P31_Hspbp1,49.9077271545758
Q99P51_Rassf3,43.2173363987945
Q99P65_Slc29a3,52.70236333102115
Q99P69_Nuf2,48.87212336258385
Q99P72_Rtn4,53.53271510419885
Q99P88_Nup155,46.56877603909855
Q99PG0_Aadac,51.6160402073389
Q99PG2_Ogfr,44.241561239243154
Q99PI5_Lpin2,58.6756299196498
Q99PL6_Ubxn6,51.54568107556575
Q99PL7_Scd3,44.4088292248401
Q99PM3_Gtf2a1,51.68146203731625
Q99PT1_Arhgdia,54.319765194328
Q99PU8_Dhx30,56.2834548797944
Q99PV0_Prpf8,51.1797622012523
Q9ASR0_TUBB3,41.4290546169672
Q9ASR1_LOS1,49.9814932387666
Q9ASS2_FREE1,43.4593521858004
Q9ASS6_PNSL5,45.8952127071845
Q9ASX5_At5g05200,40.7840609020407
Q9ASY8_TOM7-1,49.5926612227598
Q9ASZ9_At1g60730,45.5165128564708
Q9AT00_TGD3,46.7195505706056
Q9AV97_KDSA1,45.7770766384769
Q9BCZ4_Vimp,61.5964517766674
Q9BDB7_Ifi44l,51.6984584778109
Q9BHK7_xrn-1,37.0839584467778
Q9BHL6_aakg-1,35.2491303697126
Q9BI82_CELE_K01G5.10,44.9692235189997
Q9BI88_F46B6.12,39.471920894763
Q9BI89_sand-1,44.2254951009336
Q9BIB3_B0464.9,42.6689439841873
Q9BIB4_B0336.13,53.4206984719276
Q9BIB8_imb-1,40.4427484655952
Q9BIC3_ech-1.2,40.6433640376996
Q9BJL5_,32.6258865530439
Q9BKP7_C49A9.9,36.3689276288186
Q9BKQ5_rep-1,41.3556587036356
Q9BKR0_Y67D2.5,40.5136947312857
Q9BKR2_CELE_Y47A7.1,38.5147800771058
Q9BKR5_CELE_Y82E9BR.18,39.879997640227
Q9BKS1_elc-1,37.3452769096843
Q9BKS2_CELE_Y82E9BR.14,45.0320111371068
Q9BKT9_npp-13,41.3993436658544
Q9BKU3_CELE_Y37E3.10,37.1629080892334
Q9BKZ9_feh-1,43.6205640147165
Q9BL05_rbc-2,41.5025347264081
Q9BL07_Y54F10AM.8,42.9967493675138
Q9BL11_herc-1,41.2483328648781
Q9BL15_CELE_Y48G8AL.5,43.1927024038264
Q9BL18_CELE_Y48G8AL.7,54.560582583913
Q9BL28_CELE_Y71H2AM.1,44.7185004536746
Q9BL34_CELE_Y71H2AM.5,43.6503005923608
Q9BL35_CELE_Y71H2AM.20,42.5620628568584
Q9BL36_CELE_Y71H2AM.6,35.4307599352657
Q9BL43_CELE_Y71H2AM.13,37.5746556851769
Q9BL46_CELE_Y71H2AM.11,44.9998445722441
Q9BL48_set-27,35.3473223968079
Q9BL56_CELE_Y65B4A.8,32.6414254756668
Q9BL60_vps-20,52.1069744152554
Q9BL61_CELE_Y65B4A.6,45.5577449868856
Q9BL64_CELE_Y54H5A.2,36.983793014563
Q9BL72_frl-1,37.3585833505587
Q9BL73_ppk-2,42.127662758574
Q9BL79_pgs-1,42.8465271098556
Q9BL81_CELE_Y47G6A.21,39.8515894968087
Q9BL83_vps-4,33.3624502819641
Q9BL86_mrpl-38,31.3813646726871
Q9BL92_hgap-1,41.1363930010284
Q9BL94_CELE_Y18H1A.4,34.2805435978652
Q9BL96_hasp-2,41.2062006447583
Q9BL99_C36E6.2,37.2579816771715
Q9BLA0_C36E6.1,47.0161942134578
Q9BLB6_mog-2,37.0195286500538
Q9BPN8_Y92H12BR.3,44.9787946142456
Q9BPP1_set-29,39.287099620197
Q9C512_MNS1,49.3383693551156
Q9C514_RPS7A,35.8183023472314
Q9C518_TCP8,45.1608439356899
Q9C522_ACLB-1,45.8818041186655
Q9C524_At1g66430,48.6749513609066
Q9C525_BGLU21,45.8022287669566
Q9C550_IPMS2,42.7079885111961
Q9C551_RH5,44.1909277486437
Q9C560_INVF,48.1005173457729
Q9C566_CYP40,47.3914608405357
Q9C5C2_TGG2,59.5359007726835
Q9C5C4_At4g17830,48.1585974548618
Q9C5C5_At1g07700,50.0548255519318
Q9C5D0_CBSX2,51.8882143167504
Q9C5E8_SDH7A,43.3419246462354
Q9C5G5_SAC7,38.0073944508301
Q9C5H4_At3g16270,47.1604959430294
Q9C5H9_GCP2,38.776260813174
Q9C5I1_USP,44.4011681371267
Q9C5J6_IPT9,39.9811736090884
Q9C5J7_PFK7,52.8603016918873
Q9C5J8_OEP80,42.7538033607733
Q9C5M0_DTC,34.8654898475769
Q9C5M8_At4g24780,51.0409271337163
Q9C5N2_TMN9,36.1519320631335
Q9C5U3_RPT6A,45.1183478407328
Q9C5U8_HISN8,47.5872924868605
Q9C5X3_KEU,41.6586361794228
Q9C5X9_HAC1,50.0421783701345
Q9C5Y0_PLDDELTA,46.6325058567688
Q9C5Z1_TIF3B1,43.760165849787
Q9C5Z2_TIF3H1,43.1022500854385
Q9C5Z3_TIF3E1,44.188521191388
Q9C667_CPN60B4,40.7768577064783
Q9C698_FPP6,42.9163153290384
Q9C6B3_GAMMACA2,44.5300343136618
Q9C6B9_NMT3,42.019691708224
Q9C6I6_ETFA,43.5150338095996
Q9C6I8_At1g50920,51.6389607262629
Q9C6K5_LSM3B,52.3709963677883
Q9C6Z3_PDH-E1,49.8634193314637
Q9C713_At1g66530,40.3444581548108
Q9C718_RH20,39.4784847362815
Q9C720_TMN6,38.6950195083367
Q9C7A8_GINS2,50.1166446327738
Q9C7C3_At3g12130,57.3954588008634
Q9C7F5_NTF2,39.9804094031105
Q9C7F7_LTPG1,50.9078129378944
Q9C7F9_At1g27930,42.0921620418785
Q9C7N4_At1g29670,49.2646872915777
Q9C7N5_At1g29660,52.7240975202404
Q9C7U5_At1g66250,48.5452221174009
Q9C7X5_NAS4,43.9593452191847
Q9C826_ABA2,48.7018046081632
Q9C829_NUP50A,48.2114568068967
Q9C835_CYP21-4,48.4644458323623
Q9C865_SH3P1,48.3954112136273
Q9C882_GTL1,40.9479567462051
Q9C884_At1g33170,41.8941816322588
Q9C8F1_At1g36730,48.3047106454152
Q9C8G5_ERD4,39.7387276388475
Q9C8L2_FAP3,53.6402063710998
Q9C8L4_GLY3,46.7341192459166
Q9C8M9_SRF6,44.1729424704821
Q9C8P0_EMB3003,51.9159225143498
Q9C942_CSE,39.2663323117064
Q9C950_VIP5,43.1091219020418
Q9C952_CPSF73-I,45.7292390696692
Q9C958_SRK2B,41.2749144194506
Q9C991_At1g71170,49.016750878235
Q9C9C4_ENO1,47.2771668643392
Q9C9C6_RPL6B,44.9426331058886
Q9C9C9_SOT18,51.9016114759961
Q9C9D0_SOT16,53.0100780368983
Q9C9K3_PFP-ALPHA2,44.2107629287506
Q9C9P4_KAS2,42.3279178852964
Q9C9Q4_JAC1,68.4361955253832
Q9C9W5_HPR,44.7375300187754
Q9C9Z2_RER3,39.3292217234673
Q9CA23_At1g77710,49.5481724411331
Q9CA40_NUDT1,41.5613843728165
Q9CA67_CHLP,39.4350061066011
Q9CA68_At1g74460,44.8463614760891
Q9CA83_NADP-ME4,51.766167509131
Q9CA90_HPR2,45.0608490971298
Q9CAA0_At1g79990,43.6932579253911
Q9CAF5_ABCI6,43.2429316334467
Q9CAF6_GYRA,43.1101684513926
Q9CAI3_CAD1,43.6985188949452
Q9CAI5_CKL2,38.2208529032408
Q9CAK8_ISPF,49.8000112386378
Q9CAP8_LACS9,41.0022778383785
Q9CAP9_FPP1,67.4685173238228
Q9CB01_RABF1,38.4362180034796
Q9CPN9_2210010C04Rik,49.50655603698705
Q9CPP0_Npm3,62.5748871424299
Q9CPP6_Ndufa5,51.0530789494134
Q9CPQ1_Cox6c,57.2404986453932
Q9CPQ3_Tomm22,55.01095905320305
Q9CPQ8_Atp5l,54.356090968968346
Q9CPR1_Rwdd4,43.8719316789187
Q9CPR5_Mrpl15,46.5869930092277
Q9CPR8_Nsmce3,53.1067733133883
Q9CPS5_Psmd8,49.38368391426905
Q9CPS6_Hint3,51.323820226850856
Q9CPS7_Pno1,47.830700715918454
Q9CPT3_Nanp,48.7306717638834
Q9CPT4_Mydgf,54.404117385416
Q9CPU4_Mgst3,49.48341284350215
Q9CPV4_Glod4,48.4862477624123
Q9CPV5_Pmf1,55.872409805225
Q9CPV7_Zdhhc6,44.413616792116954
Q9CPW4_Arpc5,56.5754352575529
Q9CPW9_Metap1d,48.4571377299724
Q9CPX6_Atg3,52.2046427852399
Q9CPX7_Mrps16,50.121914143483
Q9CPY0_Mrm2,45.1788398764681
Q9CPY3_Cdca5,53.6515534802903
Q9CPY6_Gid4,49.9919780433516
Q9CPY7_Lap3,48.4284450547528
Q9CPZ6_Ormdl3,53.192901803261
Q9CQ00_Tmem261,51.2070593414564
Q9CQ02_Commd4,47.4837130911729
Q9CQ06_Mrpl24,42.5835651565198
Q9CQ10_Chmp3,54.40341437297275
Q9CQ18_Rnaseh2c,48.8891548323556
Q9CQ19_Myl9,55.0120537992866
Q9CQ20_Mid1ip1,43.3435362334344
Q9CQ22_Lamtor1,53.505378737145
Q9CQ25_Mzt2,52.44411851847845
Q9CQ26_Stambp,47.5807781766447
Q9CQ28_Dph6,47.2411073610971
Q9CQ40_Mrpl49,50.887144587992694
Q9CQ43_Dut,47.517420419192504
Q9CQ48_Nudcd2,45.6803996242657
Q9CQ49_Ncbp2,50.459336723096996
Q9CQ52_Cela3b,57.6613618611635
Q9CQ54_Ndufc2,52.7249132726117
Q9CQ60_Pgls,57.8171166782911
Q9CQ62_Decr1,60.9167043896004
Q9CQ65_Mtap,58.472390857547154
Q9CQ69_Uqcrq,51.8856813873271
Q9CQ71_Rpa3,47.5394934678836
Q9CQ73_Pkp2,49.7173411960607
Q9CQ75_Ndufa2,50.4220994934834
Q9CQ79_Txndc9,57.4472542391502
Q9CQ80_Vps25,47.1177377171021
Q9CQ85_Timm22,53.1943564393888
Q9CQ86_Mien1,46.6950204412121
Q9CQ88_Tspan31,60.2340481596392
Q9CQ91_Ndufa3,48.7745343772365
Q9CQ92_Fis1,58.8480110980397
Q9CQA1_Trappc5,50.4792010574817
Q9CQA3_Sdhb,53.2102131318619
Q9CQA5_Med4,53.60518667768885
Q9CQA6_Chchd1,53.28144336378115
Q9CQB2_Fam195a,50.2718511517896
Q9CQB4_Uqcrb,55.1196756057266
Q9CQB5_Cisd2,50.856251126772605
Q9CQB7_Lyrm1,43.9362753485987
Q9CQC6_Bzw1,49.5882012516514
Q9CQC7_Ndufb4,48.9100001159784
Q9CQC8_Spg21,48.7146557863022
Q9CQC9_Sar1b,42.9360672168671
Q9CQD1_Rab5a,45.1223338465611
Q9CQD4_Chmp1b2,46.9589936092484
Q9CQE3_Mrps17,49.5832215169126
Q9CQE6_Asf1a,50.9255945388429
Q9CQE7_Ergic3,53.2638696946739
Q9CQE8_,59.1465091508822
Q9CQF0_Mrpl11,43.7886138581001
Q9CQF3_Nudt21,54.6832324275749
Q9CQF4_,50.46589943186815
Q9CQF6_Aasdhppt,50.4037571312943
Q9CQF7_Pfdn1,53.85820431491485
Q9CQF8_Mrpl57,49.940936354292
Q9CQF9_Pcyox1,54.7151278112047
Q9CQG1_Chac2,50.61490710693489
Q9CQG2_Mettl16,50.9278780676734
Q9CQH3_Ndufb5,50.2130081185982
Q9CQH8_Rpp14,66.5538467209029
Q9CQI3_Gmfb,57.7060996924447
Q9CQI6_Cotl1,49.2606795104492
Q9CQI7_Snrpb2,55.3596671666792
Q9CQI9_Med30,50.7812754164941
Q9CQJ1_Higd2a,52.4172993111038
Q9CQJ2_Pih1d1,47.0154045766596
Q9CQJ4_Rnf2,53.7080825366395
Q9CQJ6_Denr,57.0619247509853
Q9CQJ8_Ndufb9,51.1339499138924
Q9CQK7_Rwdd1,48.7039522662875
Q9CQL0_Mettl21A,48.1776016021197
Q9CQL5_Mrpl18,47.5617808469449
Q9CQM5_Txndc17,52.0618344037155
Q9CQM8_Rpl21,48.5844440193503
Q9CQM9_Glrx3,49.9976442774718
Q9CQN1_Trap1,47.3073803087202
Q9CQN3_Tomm6,55.9290120743669
Q9CQN6_Tmem14c,60.8493861123433
Q9CQQ7_Atp5f1,45.3909709149864
Q9CQQ8_Lsm7,62.3260004737325
Q9CQR2_Rps21,52.3014864918432
Q9CQR4_Acot13,49.346888403182
Q9CQR6_Ppp6c,51.492640063878156
Q9CQS4_Slc25a46,50.004739491923445
Q9CQS5_Riok2,46.2202991122832
Q9CQS8_Sec61b,55.3226932582113
Q9CQT1_Mri1,54.2599843177731
Q9CQU0_Txndc12,49.4434418355183
Q9CQU3_Rer1,50.59881260873005
Q9CQU5_Zwint,47.4665110433839
Q9CQV1_Pam16,53.541025472983605
Q9CQV4_Fam134c,51.7277136725227
Q9CQV5_Mrps24,47.3568847824066
Q9CQV6_Map1lc3b,53.3339609412542
Q9CQV7_Dnajc19,57.7623638717286
Q9CQV8_Ywhab,48.5629073855762
Q9CQW0_Emc6,52.15480745496425
Q9CQW1_Ykt6,53.4474550939851
Q9CQW3_Proz,60.8277231416509
Q9CQW9_Ifitm3,55.416457316537
Q9CQX0_Otub2,56.4481963816768
Q9CQX2_Cyb5b,51.64003041626185
Q9CQX6_Gm16286,50.51076470492275
Q9CQY5_Magt1,45.4039865473415
Q9CQZ1_Hsbp1,46.8489591734446
Q9CQZ5_Ndufa6,47.197405897916
Q9CQZ6_Ndufb3,55.9833189527033
Q9CQZ7_Polr3k,55.5058915335367
Q9CR00_Psmd9,52.611467355863454
Q9CR02_Tma16,49.3098304383299
Q9CR09_Ufc1,56.0035193749699
Q9CR11_Yeats4,55.1051188082629
Q9CR13_,46.927794200389656
Q9CR13_Fmc1,56.073411374964
Q9CR16_Ppid,48.4866925200581
Q9CR24_Nudt8,49.924503713326
Q9CR25_Dph2,51.0323642787031
Q9CR26_Vta1,52.781750930896
Q9CR29_Ccdc43,53.17105565179505
Q9CR39_Wdr45b,55.9574488674193
Q9CR41_Hypk,54.6701660671706
Q9CR50_Rchy1,48.1034232879178
Q9CR57_Rpl14,49.9931636700042
Q9CR58_Slc25a30,54.2655095379655
Q9CR59_Gadd45gip1,52.7302652916734
Q9CR61_Ndufb7,49.4548740799715
Q9CR62_Slc25a11,43.5136810596218
Q9CR68_Uqcrfs1,53.12220586815975
Q9CR80_Fam32a,54.6313737814383
Q9CR89_Ergic2,51.7415351039099
Q9CR95_Necap1,57.7031223785801
Q9CRA4_Msmo1,57.2904173673344
Q9CRA5_Golph3,50.8774897096307
Q9CRA7_Atp5s,51.5723803824536
Q9CRA8_Exosc5,53.9407623314737
Q9CRB8_Mtfp1,51.8326663302388
Q9CRC0_Vkorc1,53.986439156764206
Q9CRC6_,60.082268050106
Q9CRC8_Lrrc40,47.1618351300832
Q9CRD2_Emc2,46.2733792041943
Q9CRT8_Xpot,44.5609896862588
Q9CRY7_Gdpd1,47.406890348406094
Q9CS42_Prps2,54.4277085277769
Q9CS74_Ecd,48.1446600097265
Q9CS84_Nrxn1,60.802860288077
Q9CSH3_Dis3,49.0278827303943
Q9CSU0_Rprd1b,50.9439477234546
Q9CT10_Ranbp3,48.48603080957475
Q9CTG6_Atp13a2,51.8236788474765
Q9CU62_Smc1a,51.6341722140149
Q9CU65_Zmym2,48.568633730282
Q9CV28_MINDY3,48.9652446716324
Q9CVB6_Arpc2,56.0299301722766
Q9CW03_Smc3,50.7351688577046
Q9CW42_Marc1,52.0495610582724
Q9CW46_Raver1,46.6252053784092
Q9CW79_Golga1,49.7549127959571
Q9CWB7_,53.193181468420704
Q9CWD8_Nubpl,46.5614482018956
Q9CWE0_Mtfr1l,48.3266837408134
Q9CWG8_Ndufaf7,48.1707814363061
Q9CWG9_Bloc1s2,50.8235428204254
Q9CWH5_Trmt11,55.3382999407356
Q9CWH6_Psma8,54.7750597831201
Q9CWI3_Bccip,47.8819252356494
Q9CWJ9_Atic,48.4929759109405
Q9CWK8_Snx2,47.8170980589929
Q9CWL8_Ctnnbl1,46.38701038505085
Q9CWN7_Cnot11,46.3413790663614
Q9CWP6_Mospd2,53.8491202415525
Q9CWQ0_Dph5,50.8149519494877
Q9CWR1_Wdr73,55.0886323107159
Q9CWS0_Ddah1,54.4251638973732
Q9CWS1_Rnf135,43.6788890689313
Q9CWT6_Ddx28,42.3745288188596
Q9CWU2_Zdhhc13,48.0786417085629
Q9CWU6_Uqcc1,48.6429555705123
Q9CWU9_Nup37,60.910145781848655
Q9CWW6_Pin4,52.78939938336715
Q9CWX4_Rpusd4,50.41976029221895
Q9CWY3_Setd6,47.278430734372
Q9CWY8_Rnaseh2a,53.7348134019576
Q9CWZ3_Rbm8a,55.0943357250823
Q9CWZ7_Napg,53.5119630927778
Q9CX00_Ist1,50.8487493344158
Q9CX25_9430038I01Rik,48.88902412012065
Q9CX30_Yif1b,48.5143999974079
Q9CX34_Sugt1,50.8162840889789
Q9CX56_Psmd8,46.4693971283835
Q9CX66_D10Wsu102e,47.7790920298594
Q9CX86_Hnrnpa0,46.2215072766683
Q9CX97_Wdr55,53.444134598033
Q9CX98_Cyp2u1,57.3458391276041
Q9CX99_Grap,46.8033607487372
Q9CXA2_L3hypdh,50.5307101675919
Q9CXC3_Mgme1,47.3152365600623
Q9CXD6_Mcur1,55.1674599499656
Q9CXE7_Tmed5,47.3717217525741
Q9CXF0_Kynu,61.1672960519495
Q9CXF4_Tbc1d15,48.2310770913818
Q9CXG3_Ppil4,49.0635292737042
Q9CXI0_Coq5,50.8428656330681
Q9CXJ1_Ears2,47.9690013698526
Q9CXJ4_Abcb8,47.4482828922282
Q9CXK8_Nip7,55.16190406380525
Q9CXL3_,54.14014361657015
Q9CXP8_Gng10,53.82500746513015
Q9CXR1_Dhrs7,48.3367472596412
Q9CXS4_Cenpv,47.10695326502755
Q9CXT7_Tmem192,53.3364941392159
Q9CXT8_Pmpcb,47.9829973381919
Q9CXU4_Gm10273,54.1843435159297
Q9CXV9_Dcun1d5,43.5444512298193
Q9CXW2_Mrps22,49.9037322538654
Q9CXW3_Cacybp,52.986999912514
Q9CXW4_Rpl11,53.4708573224207
Q9CXX9_Cuedc2,50.1690984641104
Q9CXY6_Ilf2,55.9257938842864
Q9CXY9_Pigk,49.8541695872049
Q9CY16_Mrps28,48.98207569527105
Q9CY18_Snx7,43.5536073716109
Q9CY25_Mis12,50.490415921247646
Q9CY27_Tecr,48.0261461134017
Q9CY34_Ube2f,50.713342871620654
Q9CY45_Eef1akmt1,50.020191697035
Q9CY50_Ssr1,56.182743043040404
Q9CY52_Thg1l,53.50363227117495
Q9CY62_Rnf181,51.4124900610741
Q9CY64_Blvra,47.7566555897642
Q9CY73_Mrpl44,48.1371909383924
Q9CY94_Gins3,51.487381591177595
Q9CY97_Ssu72,46.0379265673233
Q9CYA6_Zcchc8,59.7801073465757
Q9CYC5_Dsn1,49.9897502791124
Q9CYD3_Crtap,48.5892066938609
Q9CYG7_Tomm34,46.4616767758179
Q9CYH6_Rrs1,54.5609933134003
Q9CYI4_Luc7l,49.157932504686
Q9CYK1_Wars2,50.09620383251365
Q9CYL5_Glipr2,45.5909473267141
Q9CYR6_Pgm3,51.6030586353697
Q9CYS6_,50.9353549796727
Q9CYU6_Dph7,55.01110513173645
Q9CYV5_Tmem135,53.8692861670277
Q9CYW4_Hdhd3,51.7777604276672
Q9CYZ6_,47.935003874045
Q9CZ04_Cops7a,53.3845156660661
Q9CZ13_Uqcrc1,52.9254986667627
Q9CZ15_Gins1,50.329635557765
Q9CZ28_Snf8,49.6871097781937
Q9CZ30_Ola1,48.0083688805405
Q9CZ44_Nsfl1c,52.1435557381321
Q9CZ57_Nsun4,45.901301072207
Q9CZ69_Cmtm6,57.7844994852137
Q9CZ82_Med18,53.6296618145005
Q9CZ83_Mrpl55,49.98728067933105
Q9CZ91_Srfbp1,54.11803602826945
Q9CZ96_Zcrb1,57.0441994604873
Q9CZA6_Nde1,53.899149947201
Q9CZB0_Sdhc,50.0394587618296
Q9CZB3_Thumpd2,54.1327379750362
Q9CZB9_Tmem128,52.368500565284904
Q9CZD3_Gars,49.8977280588121
Q9CZE3_Rab32,47.5747505656465
Q9CZG3_Commd8,48.457270518245
Q9CZG9_Pdzd11,54.2001494708731
Q9CZH3_Psmg3,49.9859004749682
Q9CZI9_Aen,42.8195337319709
Q9CZL2_,47.3976601750626
Q9CZN7_Shmt2,56.077964655701095
Q9CZN8_Qrsl1,48.5258773148116
Q9CZP0_Ufsp1,55.7249653941835
Q9CZP5_Bcs1l,52.6799021356224
Q9CZP7_Cdc37l1,48.8564112513364
Q9CZR2_Naalad2,58.8816332801808
Q9CZR8_Tsfm,45.6053017635146
Q9CZS1_Aldh1b1,45.8913389194437
Q9CZT4_Polr3e,49.7523810618239
Q9CZT5_Vasn,55.7768149149334
Q9CZT6_Cmss1,54.6933769640971
Q9CZU3_Skiv2l2,53.4013853674166
Q9CZU4_Eral1,43.7482903734215
Q9CZU6_Cs,48.6286011405545
Q9CZV8_Fbxl20,49.44054945457645
Q9CZW4_Acsl3,42.57782311586715
Q9CZW5_Tomm70,43.5368833127792
Q9CZX0_Elp3,48.5726267707555
Q9CZX7_Tmem55a,47.248455765566845
Q9CZX8_Rps19,51.744510745045304
Q9CZX9_Emc4,51.8524400115116
Q9CZY3_Ube2v1,45.4105940415961
Q9D009_Lipt2,50.5824394208616
Q9D020_Nt5c3a,45.642928949233
Q9D023_Mpc2,49.6344784358476
Q9D024_Ccdc47,51.9852129517651
Q9D031_Rsu1,49.2652265550082
Q9D051_Pdhb,47.0348554833639
Q9D061_Acbd6,47.85248222362035
Q9D074_Mgrn1,56.6827759675908
Q9D083_Spc24,44.966788866567796
Q9D084_Apitd1,52.4894611109723
Q9D0A3_Arpin,51.42647233824755
Q9D0B5_Tstd3,51.4336568633372
Q9D0B6_Pbdc1,49.558387650786
Q9D0C4_Trmt5,46.4720049407524
Q9D0D3_Mtpap,48.407170110652046
Q9D0D4_Dimt1,53.9430454073288
Q9D0D5_Gtf2e1,49.2782533099561
Q9D0E1_Hnrnpm,48.1257187034338
Q9D0F1_Ndc80,47.39312917689425
Q9D0F3_Lman1,46.0752636772265
Q9D0F4_Nkap,55.1777359787934
Q9D0F9_Pgm1,53.4698834362527
Q9D0G0_Mrps30,47.6177160430562
Q9D0I4_Stx17,50.67327782409505
Q9D0I6_Wdsub1,53.6385987403757
Q9D0I9_Rars,45.9985037283382
Q9D0J4_Arl2,49.3364427025537
Q9D0K1_Pex13,52.5451096955651
Q9D0K2_Oxct1,48.5838083785397
Q9D0L1_Zbed3,48.954227382273146
Q9D0L4_Adck1,49.4382402846065
Q9D0L7_Armc10,45.5375543631386
Q9D0L8_Rnmt,52.5837379562397
Q9D0M0_Exosc7,60.71607835500145
Q9D0M1_Prpsap1,58.9803875765209
Q9D0M3_Cyc1,53.2620603673106
Q9D0M5_Dynll2,51.14852623889665
Q9D0N7_Chaf1b,50.57060634737045
Q9D0P0_Ebpl,47.7223842212752
Q9D0Q7_Mrpl45,46.178167739166355
Q9D0R2_Tars,47.8370249719572
Q9D0R8_Lsm12,51.21648186465835
Q9D0R9_Wdr89,54.0942027993304
Q9D0S9_Hint2,55.5765980845217
Q9D0T1_Snu13,57.3070778731929
Q9D0V7_Ebag9,46.9577319041269
Q9D0W5_Ppil1,52.2420422929596
Q9D104_Srp19,47.407683070590195
Q9D110_Mthfs,49.1088884417911
Q9D113_Dnlz,50.9355581582214
Q9D114_Hddc3,50.1617176415836
Q9D125_Mrps25,50.1332248162793
Q9D136_Ogfod3,52.462493042342
Q9D142_Nudt14,53.926949737023
Q9D154_Serpinb1a,53.6789812191553
Q9D162_Ccdc167,50.605358934048
Q9D172_D10Jhu81e,53.941369842963
Q9D187_Fam96b,47.7966675827429
Q9D1A2_Cndp2,49.961557960402445
Q9D1B9_Mrpl28,45.9346657428486
Q9D1C3_Pyurf,47.4935606113604
Q9D1C8_Vps28,49.8526392718207
Q9D1C9_Rrp7a,53.8966904288042
Q9D1D4_Tmed10,52.7280172585743
Q9D1E6_Tbcb,48.229789246397
Q9D1E8_Agpat5,46.86927177439965
Q9D1F9_Slc37a4,47.1252048350903
Q9D1G1_Rab1b,48.8732184526857
Q9D1G2_Pmvk,40.9181094500534
Q9D1G5_Lrrc57,57.4845308841607
Q9D1H6_Ndufaf4,52.2637967737223
Q9D1H7_Get4,49.0921448636854
Q9D1H8_Mrpl53,45.4369961703337
Q9D1I5_Mcee,54.65086244672845
Q9D1I6_Mrpl14,46.496563407357
Q9D1J1_Necap2,49.7145803761076
Q9D1K7_,60.4586244219027
Q9D1L9_Lamtor5,54.85478582183125
Q9D1M0_Sec13,53.0232508588827
Q9D1M4_Eef1e1,49.1607040502366
Q9D1M7_Fkbp11,55.811483432794404
Q9D1N9_Mrpl21,49.0965089877668
Q9D1P0_Mrpl13,46.8548727283365
Q9D1P4_Chordc1,51.0858478029474
Q9D1Q4_Dpm3,50.53913598106725
Q9D1Q6_Erp44,52.1306974528722
Q9D1R1_Tmem126b,53.10310924714805
Q9D1R2_Kti12,42.48080120451115
Q9D1R9_Rpl34,49.9598285027991
Q9D1Z3_Fam173b,49.4591076234927
Q9D211_Cdkn2aipnl,62.4292861664743
Q9D270_Zdhhc21,47.6746539669206
Q9D281_Fam114a1,52.6949901322438
Q9D287_Bcas2,55.4118768583401
Q9D289_Trappc6b,54.430752352887
Q9D2C2_Saal1,49.4263981081635
Q9D2E2_Toe1,53.14270069314545
Q9D2M8_Ube2v2,50.0428758141973
Q9D2N9_Vps33a,48.541139483851
Q9D2Q3_,45.02114813520135
Q9D2R0_Aacs,43.8624563382841
Q9D2R6_Coa3,54.250101857945
Q9D2U5_Naa38,49.2851380675725
Q9D2V5_Aar2,48.879353173941
Q9D2V7_Coro7,48.5193579138708
Q9D2V8_Mfsd10,49.363751734372656
Q9D2Y4_Mlkl,46.90208481082615
Q9D2Y5_Snx20,48.8093166382746
Q9D304_Rnf128,50.4080331740665
Q9D338_Mrpl19,44.990879405686
Q9D358_Acp1,45.2925735162351
Q9D379_Ephx1,54.2750871940397
Q9D3B1_Hacd2,50.143697676687154
Q9D3D0_Ttpal,51.205932783928
Q9D3L0_Fam174a,51.33379428505255
Q9D3P8_Plgrkt,61.1346895813231
Q9D3R1_Klra2,54.5369417778971
Q9D3S3_Snx29,47.10994833596245
Q9D3U0_Pus10,49.13422705095855
Q9D404_Oxsm,55.8321638870979
Q9D428_GOLGA7B,52.5126741506848
Q9D483_Polr3c,52.9001730845257
Q9D486_Cmip,46.418223255683245
Q9D4C5_Eaf1,50.86020300205005
Q9D4G5_Pop1,51.26697117035775
Q9D4H1_Exoc2,46.6978280116761
Q9D4H2_Gcc1,45.9332187089732
Q9D4H8_Cul2,43.7689818277545
Q9D4I9_Rab23,44.4863929771568
Q9D4L6_Rnf220,49.986516886910806
Q9D4V7_Rabl3,50.3329516890529
Q9D517_Agpat3,49.2978252864253
Q9D524_Slc31a2,51.0002975892371
Q9D554_Sf3a3,49.162458338161
Q9D5J6_Shpk,48.370541799201945
Q9D5T0_Atad1,47.8796285995384
Q9D5V5_Cul5,49.7368154552869
Q9D5V6_Syap1,50.4079866686437
Q9D600_Gins2,52.8087697620403
Q9D662_Sec23b,50.3017203981702
Q9D666_Sun1,50.73953938365075
Q9D684_Rin2,64.5537113066459
Q9D6F9_Tubb4a,50.6932076332304
Q9D6H2_Hspb11,51.0473784925043
Q9D6H5_Zdhhc4,51.1073518987978
Q9D6J3_Ccdc94,54.34635412933995
Q9D6J5_Ndufb8,48.0627471473434
Q9D6J6_Ndufv2,56.4869769758267
Q9D6K7_Ttc33,60.3190076957316
Q9D6K8_Fundc2,52.4340203641879
Q9D6K9_Cers5,51.4081810837355
Q9D6L8_Ppil3,48.556632962611346
Q9D6M3_Slc25a22,52.0472827399415
Q9D6N1_Ca13,50.2720715544499
Q9D6R2_Idh3a,52.0518866072904
Q9D6S7_Mrrf,51.5453714846512
Q9D6T0_Nosip,47.6865242925674
Q9D6U8_Fam162a,52.0361786300072
Q9D6W8_,53.274492756310806
Q9D6Y7_Msra,45.3982811273609
Q9D6Y9_Gbe1,45.6955240935733
Q9D6Z0_Alkbh7,50.1248413066986
Q9D6Z1_Nop56,54.07885072483355
Q9D706_Rpap3,49.2319240070576
Q9D710_Tmx2,57.0230990494592
Q9D711_Pir,51.0530537623263
Q9D727_,56.9853312729689
Q9D753_Exosc8,60.5571769664294
Q9D771_Tmem206,50.780659605405205
Q9D787_Ppil2,46.96611400450195
Q9D799_Mtfmt,47.86719160646475
Q9D7A6_Srp19,43.7064445995292
Q9D7A8_Armc1,50.5027470272726
Q9D7B6_Acad8,54.7623972912426
Q9D7E3_Ovca2,50.31427483316825
Q9D7H3_RtcA,46.413041154446645
Q9D7I5_Lhpp,51.2320963018117
Q9D7J4_Cox20,56.73628193132615
Q9D7J6_Dnase1l1,51.0339206961868
Q9D7J9_Echdc3,54.492910121397
Q9D7K2_Ten1,49.7586413773516
Q9D7N3_Mrps9,45.2259593089651
Q9D7N9_Apmap,52.1596067640916
Q9D7P6_Iscu,50.2512967286702
Q9D7S7_Rpl22l1,49.12502269388175
Q9D7V9_Naaa,52.66223153509025
Q9D7X3_Dusp3,44.7246813674352
Q9D7X8_Ggct,52.9390823814961
Q9D816_Cyp2c55,64.6075713322366
Q9D819_Ppa1,54.1450412693279
Q9D820_Prorsd1,49.059614352002
Q9D826_Pipox,57.5590280138086
Q9D832_Dnajb4,49.4119118513721
Q9D842_Aplf,48.977993853029645
Q9D850_Tmem68,53.3651766437114
Q9D880_Timm50,50.481412261916
Q9D881_Cox5b,55.9979821750885
Q9D898_Arpc5l,45.4351539787961
Q9D8B6_Fam210b,53.49273378333155
Q9D8C2_Tspan13,66.4090310654438
Q9D8C4_Ifi35,53.658494449258896
Q9D8C9_Pnp2,42.3256378845022
Q9D8H7_Oma1,54.4109530126068
Q9D8L5_Ccdc91,50.194024174869995
Q9D8N0_Eef1g,45.50138850744
Q9D8P4_Mrpl17,48.9164025740915
Q9D8S4_Rexo2,57.99208769828975
Q9D8S9_Bola1,53.04183612181875
Q9D8T0_Fam3a,49.8316130761641
Q9D8T2_Gsdmdc1,51.9800666704047
Q9D8T4_Tvp23b,53.2081182538563
Q9D8T7_Slirp,48.15041454598865
Q9D8U8_Snx5,48.1496684235461
Q9D8V0_Hm13,50.6916600330133
Q9D8V7_Sec11c,49.17991394582205
Q9D8W5_Psmd12,48.7245718092355
Q9D8X1_Cutc,54.0347992111539
Q9D8X2_Ccdc124,57.0358866769331
Q9D8X5_Cnot8,52.8088499916504
Q9D8Y1_Tmem126a,51.42936069630905
Q9D8Y7_Tnfaip8l2,49.494399533290846
Q9D8Y8_Ing5,47.54335077669565
Q9D8Z6_Atg101,54.4240710780262
Q9D902_Gtf2e2,49.28799938475595
Q9D906_Atg7,44.9373474674451
Q9D924_Isca1,44.9008343903186
Q9D938_Tmem160,52.3471942356385
Q9D964_Gatm,50.8846062215513
Q9D967_Mdp1,55.7120458323521
Q9D9G3_Chic2,54.645024389967
Q9D9H8_,59.5292852606492
Q9D9K3_Aven,52.126011985642
Q9D9M2_Usp12,57.8501279916562
Q9D9M5_Phospho2,42.5475416268271
Q9D9Z5_Dda1,54.0105004766845
Q9DA03_Lyrm7,54.4885711027692
Q9DAA6_Exosc1,51.559841246603554
Q9DAC7_Ttc32,51.2801984505735
Q9DAJ4_Wdr83,57.0992643682257
Q9DAK9_Phpt1,53.8630960764884
Q9DAM5_Slc25a19,46.6547500345262
Q9DAM7_Tmem263,50.5124736033312
Q9DAP7_Asf1b,50.3080075824931
Q9DAR7_Dcps,57.4888783545535
Q9DAS9_Gng12,54.6753989676278
Q9DAT5_Trmu,47.3982410910602
Q9DAV6_Serpinb9b,51.1507829960145
Q9DAV9_Tmem38b,49.864672576279304
Q9DAY6_Yae1d1,50.96855669607585
Q9DAZ9_Zfyve19,54.4796034489398
Q9DB05_Napa,54.9246075998622
Q9DB15_Mrpl12,48.0522029222557
Q9DB16_Cab39l,52.0914568795736
Q9DB20_Atp5o,53.6929220069482
Q9DB25_Alg5,51.3710931306475
Q9DB26_Phyhd1,47.0196625801405
Q9DB27_Mcts1,52.986592076247
Q9DB28_Pop5,48.8186269797964
Q9DB29_Iah1,51.9992825201751
Q9DB30_Phkg2,48.7684274236568
Q9DB34_Chmp2a,53.6337452040623
Q9DB40_Med27,51.4887898463752
Q9DB42_Znf593,57.6496189074788
Q9DB43_Zfpl1,51.0009566776496
Q9DB52_Fam122a,56.9479788800355
Q9DB60_Fam213b,44.6497952737727
Q9DB73_Cyb5r1,48.7010310029065
Q9DB77_Uqcrc2,53.7783609112426
Q9DB82_Naa20,48.836234209904504
Q9DB90_Smg9,46.53068032316945
Q9DB91_Med29,53.21205865286125
Q9DB96_Ngdn,48.6135570837871
Q9DBA6_Tysnd1,51.1803508106758
Q9DBA8_Amdhd1,61.0169023953665
Q9DBB4_Naa16,48.4244020283781
Q9DBB5_Eif4e3,52.1564618111451
Q9DBB9_Cpn2,55.0399558390614
Q9DBC0_Selenoo,45.9540418284793
Q9DBC0_Selo,43.35164868510835
Q9DBC3_Cmtr1,46.3954182413678
Q9DBC7_Prkar1a,46.3760932006972
Q9DBD0_Ica,60.5755761589255
Q9DBD5_Pelp1,52.8290510820406
Q9DBE0_Csad,61.0593050886799
Q9DBE8_Alg2,47.43058029761255
Q9DBE9_Ftsj3,51.1371789238708
Q9DBF1_Aldh7a1,62.5927132356097
Q9DBF7_Cwc25,59.1034542711024
Q9DBG1_Cyp27a1,49.4624576538473
Q9DBG3_Ap2b1,52.6885232614972
Q9DBG5_Plin3,49.6859302398945
Q9DBG6_Rpn2,45.1463817473804
Q9DBG7_Srpra,45.9453626783409
Q9DBG9_Tax1bp3,45.2979243433111
Q9DBH5_Lman2,48.2215170877376
Q9DBI0_Tmprss6,55.4357522673634
Q9DBJ1_Pgam1,66.8827154132547
Q9DBK0_Acot12,46.0851676409208
Q9DBK7_Uba7,47.4648588892389
Q9DBL1_Acadsb,50.088430580715
Q9DBL2_Gdap2,44.9696748288887
Q9DBL7_Coasy,42.8908019420718
Q9DBL9_Abhd5,47.3666475367245
Q9DBM2_Ehhadh,46.9609550416951
Q9DBN5_Lonp2,46.7937909890022
Q9DBN9_Ddx59,49.787468364671355
Q9DBP5_Cmpk1,50.9002070037395
Q9DBQ6_Nfatc1,45.9947430191682
Q9DBR1_Xrn2,55.5942284117008
Q9DBR3_Armc8,53.7942142892624
Q9DBR7_Ppp1r12a,47.75964822486435
Q9DBS1_Tmem43,50.7542055836869
Q9DBS2_Tprg1l,47.884011999138295
Q9DBS5_Klc4,46.8390529538304
Q9DBT3_Ccdc97,55.072996224362
Q9DBT5_Ampd2,60.5235728627961
Q9DBT9_Dmgdh,56.8196909613147
Q9DBU3_Riok3,48.63887155582225
Q9DBW0_Cyp4v2,55.3356131219348
Q9DBX1_Rgcc,49.2608665093258
Q9DBX2_Pdcl,48.1846930128681
Q9DBY1_Syvn1,49.0460684650511
Q9DBY8_Nvl,44.93691908979355
Q9DBZ5_Eif3k,51.9371550547193
Q9DC04_Rgs3,46.154122320459805
Q9DC16_Ergic1,44.2286310788056
Q9DC22_Dcaf6,57.5367534045764
Q9DC23_Dnajc10,50.8641739434331
Q9DC28_Csnk1d,51.166158741828
Q9DC29_Abcb6,47.1136052833961
Q9DC37_Mfsd1,48.7382182872673
Q9DC40_Telo2,45.38479311500855
Q9DC48_Cdc40,55.8324190964459
Q9DC50_Crot,47.2412693284369
Q9DC51_Gnai3,48.1861021289884
Q9DC53_Cpne8,47.08624428206355
Q9DC61_Pmpca,48.7581245714547
Q9DC63_Fbxo3,51.8605623765697
Q9DC69_Ndufa9,40.7782017543451
Q9DC70_Ndufs7,49.3372251272576
Q9DC71_Mrps15,45.6899853720131
Q9DCB8_Isca2,52.3056482832301
Q9DCC8_Tomm20,49.8055514599485
Q9DCD0_Pgd,53.7805352749734
Q9DCD2_Xab2,47.763449139458004
Q9DCD5_Tjap1,50.446666235496295
Q9DCD6_Gabarap,59.1598223554299
Q9DCE5_Pak1ip1,51.37174531318995
Q9DCE9_Igtp,42.963014264276396
Q9DCF9_Ssr3,52.12374487345935
Q9DCG2_Cd302,53.349980095357
Q9DCG9_Trmt112,51.8545362676765
Q9DCH2_Pop7,52.4741254653714
Q9DCH4_Eif3f,49.9150871170172
Q9DCH6_Zfand6,60.5997354960992
Q9DCI9_Mrpl32,55.8009725183955
Q9DCJ5_Ndufa8,48.5922349400731
Q9DCJ9_Npl,54.2078007896302
Q9DCL2_Fam96a,52.120518463412395
Q9DCL4_Mettl15,45.8195196241849
Q9DCL9_Paics,52.232685399589656
Q9DCM0_Ethe1,54.0783491739236
Q9DCM2_Gstk1,45.8989930005103
Q9DCN1_Nudt12,52.6505268545282
Q9DCN2_Cyb5r3,48.2782928359304
Q9DCP2_Slc38a3,54.1107296568927
Q9DCR2_Ap3s1,43.9930685789495
Q9DCS2_Mettl26,45.026452607796
Q9DCS3_Mecr,51.4488984567869
Q9DCS9_Ndufb10,49.8161530145239
Q9DCT1_Akr1e2,48.317963049234
Q9DCT2_Ndufs3,48.0634179893151
Q9DCT5_Sdf2,54.8337623359085
Q9DCT6_Bap18,53.8524912426237
Q9DCU2_Pllp,39.561498013195
Q9DCU6_Mrpl4,50.25758533018535
Q9DCU9_Hoga1,51.4568209304823
Q9DCV3_Dgat2,42.9342017030397
Q9DCV4_Rmdn1,48.1175300780389
Q9DCW2_Plscr2,58.981767182355
Q9DCW4_Etfb,49.4314827925018
Q9DCW5_Cox6a1,51.6115282986839
Q9DCX1_Mad2l1bp,50.0414333831457
Q9DCX2_Atp5h,52.3630560943031
Q9DCX8_Iyd,50.1951478310511
Q9DCY0_Keg1,45.5856061131124
Q9DCY1_Ppib,48.9174812288974
Q9DCZ1_Gmpr,66.0449740614019
Q9DCZ4_Apoo,54.0134357268064
Q9DD03_Rab13,46.6270165086694
Q9DD06_Rarres2,52.3858162145252
Q9DD20_Mettl7b,42.0330707624134
Q9DDU5_gstp1,45.6828675622172
Q9DEG7_ctbp1,53.0620766119794
Q9EP52_Twsg1,62.2475029825668
Q9EP69_Sacm1l,48.8059241608166
Q9EP71_Rai14,48.6363155552748
Q9EP75_Cyp4f14,54.0685231723926
Q9EP82_Wdr4,57.3227068320067
Q9EP84_Grk6,45.3847849865408
Q9EP89_Lactb,55.024903024999
Q9EP97_Senp3,46.198314846447346
Q9EPB4_Pycard,57.216335090529
Q9EPB5_Serhl,48.6800958626227
Q9EPC1_Parva,46.1087191613239
Q9EPE9_Atp13a1,45.269178092594
Q9EPJ9_Arfgap1,50.3951465387767
Q9EPK2_Rp2,47.37407715421775
Q9EPK6_Sil1,50.0601813026012
Q9EPK7_Xpo7,44.3071606232036
Q9EPL0_Xylt2,49.0612823877116
Q9EPL2_Clstn1,50.0894174379227
Q9EPL4_Mettl9,45.1114628934902
Q9EPL8_Ipo7,48.5148149342274
Q9EPL9_Acox3,49.0787924155145
Q9EPQ7_Stard5,52.3084324027186
Q9EPQ8_Tcf20,54.1271027443746
Q9EPR4_Slc23a2,55.0572735473963
Q9EPS3_Glce,50.0155870929331
Q9EPT5_Slco2a1,59.8717822441552
Q9EPU0_Upf1,46.8349644009931
Q9EPU4_Cpsf1,51.68943991051745
Q9EPW0_Inpp4a,48.5010147054082
Q9EQ06_Hsd17b11,50.7650665343325
Q9EQ20_Aldh6a1,44.7705933230622
Q9EQ21_Hamp,51.9410287128867
Q9EQ32_Pik3ap1,45.8047673014505
Q9EQ80_Nif3l1,53.5604974751366
Q9EQC1_Hsd3b7,42.1630144274525
Q9EQC5_Scyl1,45.8776778849019
Q9EQF5_Dpys,60.9861183821907
Q9EQG9_Col4a3bp,48.8553597315903
Q9EQH2_Erap1,52.7610730123483
Q9EQH3_Vps35,47.9036779517155
Q9EQH4_Taf8,53.7271981040989
Q9EQI8_Mrpl46,49.250625633731
Q9EQJ0_Tpcn1,55.2063083012387
Q9EQJ9_Magi3,62.6886544722935
Q9EQK5_Mvp,60.0543882555634
Q9EQM6_Dgcr8,53.6772214504653
Q9EQN3_Tsc22d4,49.4051852530467
Q9EQP2_Ehd4,42.7368701162882
Q9EQQ2_Yipf5,55.89093266120655
Q9EQQ9_Mgea5,50.11687504307095
Q9EQS3_Mycbp,56.472541479401
Q9EQU3_Tlr9,45.2573704177923
Q9EQW7_Kif13a,44.5137812016207
Q9ER35_Fn3k,59.2652524255844
Q9ER38_Tor3a,48.878455529491106
Q9ER41_Tor1b,46.2186586571559
Q9ER72_Cars,49.4620378805821
Q9ER73_Elp4,55.9552575152055
Q9ER74_Sall1,40.5236210396225
Q9ER81_Tor1aip2,48.1796647559778
Q9ER88_Dap3,50.1830902459254
Q9ERA0_Tfcp2,48.34315030016895
Q9ERB0_Snap29,51.43492212832235
Q9ERD7_Tubb3,51.0858600373408
Q9ERE7_Mesdc2,52.6113036645808
Q9ERF3_Wdr61,55.7396129107595
Q9ERG2_Strn3,52.3918271210719
Q9ERH4_Nusap1,54.0310798533979
Q9ERI5_Jmjd6,48.8854561877573
Q9ERI6_Rdh14,47.1938907011263
Q9ERK4_Cse1l,44.3094824983763
Q9ERL0_Mllt1,52.916369903539646
Q9ERL7_Gmfg,60.9415648304719
Q9ERR1_Ndel1,51.3456287117853
Q9ERR7_Selenof,49.0989114818804
Q9ERS2_Ndufa13,50.619463597583
Q9ERU9_Ranbp2,48.5840244885842
Q9ERY9_ORF11,53.13676268573885
Q9ES00_Ube4b,49.4186440547297
Q9ES28_Arhgef7,47.4801145429679
Q9ES46_Parvb,45.6138794489196
Q9ES52_Inpp5d,47.8863117844915
Q9ES56_Trappc4,56.0431231804129
Q9ES57_Cd200r1,55.708373936784795
Q9ES74_Nek7,48.3820253100203
Q9ES97_Rtn3,50.6723868313789
Q9ESC8_Aff4,54.4217677552667
Q9ESD6_Cmtm7,47.1424619044539
Q9ESD7_Dysf,47.3301960623896
Q9ESE1_Lrba,44.8779519087242
Q9ESJ4_Nckipsd,46.4976280357493
Q9ESL4_Map3k20,52.8382469358765
Q9ESL4_Zak,50.4889050776866
Q9ESP1_Sdf2l1,50.9193383281682
Q9EST3_Eif4enif1,43.0233317876214
Q9EST4_Psmg2,53.3858269722027
Q9EST5_Anp32b,46.3832869268646
Q9EST8_Nfkbiz,56.0912374446228
Q9ESW4_Agk,48.4299181973698
Q9ESY9_Ifi30,53.8149585523781
Q9ESZ8_Gtf2i,60.2749154050231
Q9ET01_Pygl,57.5095161255141
Q9ET22_Dpp7,59.5137228894273
Q9ET26_Rnf114,48.8570396481621
Q9ET30_Tm9sf3,46.7936121044894
Q9ET54_Palld,50.0937817481209
Q9EYM4_comEC,83.8479446524486
Q9F0S9_tmpR,87.77271446163655
Q9FDZ9_RPL21E,35.4139038391722
Q9FE06_EXL2,51.8521164151269
Q9FE38_POT3,44.5303714316725
Q9FE46_GSTF12,41.5052233299461
Q9FE58_RPL22C,40.3442240240541
Q9FE65_RPL34B,48.2247687028913
Q9FE78_EIF2A,45.9185190684011
Q9FEA2_OVA3,44.0713882269617
Q9FEC1_OHP2,42.0273267484946
Q9FEF8_MED36B,39.8509192512722
Q9FF53_PIP2-4,41.8465874318895
Q9FF75_SUN1,46.2490060307313
Q9FF86_DCR,55.5681177947281
Q9FF90_RPL13D,40.6276751527051
Q9FFC7_EMB86,41.3916382410974
Q9FFD2_RGP5,50.433153022126
Q9FFE0_At5g16450,47.713174003341
Q9FFE6_AAE5,43.2942492467833
Q9FFF4_VAT1,45.4828167266237
Q9FFF5_AL1,44.0944311365336
Q9FFN4_BGAL6,44.0022030406811
Q9FFQ4_FLS5,42.7693700617078
Q9FFR3_At5g41670,45.9912544625209
Q9FFS8_RPS10B,47.8389094890721
Q9FFT4_PDC2,46.3531517854254
Q9FFX0_RBL9,48.5029788038852
Q9FFZ6_S-RBP11,42.79219416172
Q9FG01_ATO,46.6544852910711
Q9FG23_At5g06830,46.2612120356884
Q9FG30_At5g06770,44.6832535722747
Q9FG38_SNX1,45.9496829347968
Q9FG67_MAM1,44.6300810422096
Q9FGC7_ZEP,41.3582405851432
Q9FGI6_EMB1467,45.1202691950894
Q9FGK3_At5g47540,48.5321669674862
Q9FGK9_MAG5,39.463162551563
Q9FGM0_FTSH11,40.9539377989753
Q9FGS0_CP31B,45.4762683717316
Q9FGS4_QS,45.0399886028285
Q9FGY1_BXL1,42.6617290896402
Q9FGY4_At5g49610,48.9032243465195
Q9FGZ9_UBL5,46.1868379014399
Q9FH02_FTSH5,38.7105880129801
Q9FH05_SCPL42,41.0112848704385
Q9FH77_DCP5-L,45.3212502703674
Q9FH82_PAE11,46.9666823173109
Q9FHD7_At5g41260,41.2833946566968
Q9FHI7_At5g45490,44.4322393557492
Q9FHM0_YLS7,46.1667222207763
Q9FHM7_HIR4,49.1127145092126
Q9FHX2_MFL1,39.0731912890472
Q9FHX5_At5g42100,45.8575327164662
Q9FHY8_HLB1,42.559749087815
Q9FI13_RPI4,46.0668074607051
Q9FI39_CYP705A5,36.7052542409251
Q9FI40_BAHD1,44.5576560729714
Q9FI53_FUM2,48.3944767971784
Q9FI56_CLPC1,43.2827042245491
Q9FI78_HST,44.6070297907969
Q9FI94_DHS,49.1032934309775
Q9FI97_UGT76C5,47.3415617425184
Q9FIA0_UGT76C2,45.3303227670679
Q9FIA1_At5g55050,60.873860438917
Q9FIB6_RPN5A,41.9975597384417
Q9FIE8_UXS3,40.3389667832041
Q9FIG9_ARC6,41.3200234057335
Q9FIH8_SPP,42.7843778320906
Q9FIJ7_At5g47840,45.7101577200843
Q9FIK8_CAR11,52.7361999910416
Q9FIM2_FTSH9,49.6059748250727
Q9FIW4_BGLU42,49.9469233324843
Q9FIX1_AIG2LB,50.2109061522143
Q9FIZ7_OXP1,49.7607920814924
Q9FJ41_At5g45950,35.7775048582048
Q9FJ62_GDPDL4,50.1511058911347
Q9FJ82_DAPB3,50.7622305188534
Q9FJ95_SDH,45.8966213822674
Q9FJD0_VPS26A,45.3304788904903
Q9FJD4_KPNB1,49.3805870421048
Q9FJH6_ABCF1,37.8092587040578
Q9FJI1_AAK6,41.1358884298255
Q9FJI5_ACG12,42.6162520294016
Q9FJK8_RPP8L4,39.0864870679554
Q9FJL0_SMC4,43.4675603402761
Q9FJR5_PMEI12,48.4115662953361
Q9FJS2_HDG5,49.2029885416738
Q9FJT8_HAG2,49.5014050473246
Q9FJU9_At5g56590,45.1905976050201
Q9FJX0_CYP65,40.4800435770203
Q9FJX3_VDAC2,42.160829043701
Q9FK07_CLPX1,37.1037553042601
Q9FK23_MTERF8,37.4332652456788
Q9FK25_OMT1,46.9468637911019
Q9FK51_At5g18200,44.2372449751396
Q9FK60_CSD3,56.2935834027404
Q9FK68_RABA1C,39.8780825085128
Q9FK81_At5g22580,49.0542500189987
Q9FKA0_NAC92,64.4157574594669
Q9FKE6_CYCT1-5,42.297267308133
Q9FKG3_PFK4,55.2926007177382
Q9FKK7_XYLA,43.570961463883
Q9FKM2_VDAC4,52.23108776176
Q9FKN7_DAR4,42.9576883822174
Q9FKP4_KIN14B,36.4743060386238
Q9FKS0_UKL1,45.6009448416869
Q9FKS5_CYC12,40.6954194062991
Q9FKT5_THO3,43.8367218255288
Q9FKV0_At5g44380,47.4078612273571
Q9FKW6_LFNR1,57.5913215884723
Q9FKW8_STR18,39.716447254551
Q9FL12_DEGP9,51.3237830115868
Q9FL33_MCM3,41.7075806129399
Q9FL40_At5g07060,48.4396484751411
Q9FLG1_BXL4,57.106240361249
Q9FLH0_CRWN4,44.620759351152
Q9FLH8_At5g51830,48.6300436392592
Q9FLI4_SBT1.3,44.7398509123108
Q9FLP0_MAP65-1,47.5911825959175
Q9FLQ4_At5g55070,56.3312496688995
Q9FLT0_TSN2,38.524727422577
Q9FLW9_PKP2,43.8171571974166
Q9FLX7_At5g52840,45.3885550317899
Q9FM01_UGD4,42.119847199503
Q9FM04_At5g62930,45.5542387422045
Q9FM65_FLA1,53.0139228214206
Q9FMD7_At5g16590,45.6384917224571
Q9FME4_PNM1,46.8208106587251
Q9FMF7_DIT2-1,37.1469524334205
Q9FMR9_RIN1,51.077963208881
Q9FMT1_IMDH3,54.4839297065839
Q9FMU6_MPT3,35.2621460381502
Q9FMV1_GAMMACAL1,47.4515104892432
Q9FMX0_FSD3,50.1783669690055
Q9FMY5_U2AF35B,41.587003336111
Q9FN03_UVR8,49.2637467720227
Q9FN05_PSL5,46.4151421529621
Q9FN41_At5g53850,48.3787123078192
Q9FN48_CAS,36.1962298617565
Q9FN50_CPP1,48.006275024107
Q9FN52_MAM3,44.5862527709128
Q9FN89_RIBA3,44.2766067350275
Q9FNA9_PDAT1,49.1220550362026
Q9FNB0_CHLH,41.7724066982163
Q9FNC9_TOM9-2,55.0369433962547
Q9FNE2_GRXC2,46.6341517191173
Q9FNF2_SS1,40.2763973671001
Q9FNJ5_At5g22660,49.6378471765038
Q9FNJ9_At5g22620,49.5742147928077
Q9FNK4_DELTA-OAT,45.8564200026952
Q9FNM5_At5g08650,42.2773306960714
Q9FNN3_ILP1,41.6926980093694
Q9FNN5_At5g08530,50.0387469504001
Q9FNP1_PEX1,39.315917081422
Q9FNP8_RPS19C,41.0725789125838
Q9FNR1_RBG3,65.2318271911061
Q9FPF0_DJ1A,47.1803483661879
Q9FPH3_THA2,53.5158797909949
Q9FPS3_UBP24,39.0466242183581
Q9FPT1_UBP12,47.0811619344623
Q9FPW4_VIP2,38.3782123399745
Q9FQ02_XRN2,39.647668463512
Q9FQ08_KU70,40.4102215057476
Q9FQ09_KU80,47.3893838241966
Q9FQ24_TON1B,51.1231106217106
Q9FQ25_TON1A,60.6503940319006
Q9FR37_AMI1,49.0347799304322
Q9FR44_NMT1,41.6670876871201
Q9FRL8_DHAR2,47.4341257806179
Q9FT72_RECQL3,31.474519201959
Q9FT97_AGAL1,53.3522732195542
Q9FUP0_OPR3,43.8059583704283
Q9FUS6_GSTU13,52.5209152092167
Q9FUS9_GSTU18,55.098061391996
Q9FUT1_GSTU14,49.5492918209166
Q9FUZ2_PDF1B,39.0558042937073
Q9FV50_MAP1D,49.8474814137453
Q9FV52_MAP1B,44.7398448075204
Q9FV81_GATB,49.1012581298462
Q9FVC8_DHDPS2,52.8009166120576
Q9FVR6_At1g32220,37.9789023263855
Q9FVT2_At1g57720,41.8662465969052
Q9FVX2_At1g77360,45.6199728726635
Q9FWA3_At3g02360,41.5786107183464
Q9FWA4_GAUT9,39.9500046900197
Q9FWR2_AVPL2,60.5394266878069
Q9FWR4_DHAR1,46.1794743667223
Q9FWS6_BBD1,46.5407892597801
Q9FWX8_ABCB12,38.8715941493986
Q9FWY7_IMPA6,44.6740947524419
Q9FX54_GAPC2,35.5648828756341
Q9FX56_SOT8,49.293810054489
Q9FX94_CXE5,44.4896360430321
Q9FXA2_PAB8,46.4020800380985
Q9FXJ1_At1g28570,58.6700604654326
Q9FY49_LKHA4,48.6754157676028
Q9FY50_RPL10,46.8970346248188
Q9FY64_RPS15D,37.6846938907904
Q9FY99_At5g13110,37.0786872391426
Q9FYA6_BCAT5,50.1088841735146
Q9FYB7_RS2Z32,43.3184680521679
Q9FYC2_PAO,42.5851768728129
Q9FYQ8_TMN11,39.9427667327096
Q9FYR6_OVA6,37.9555719803172
Q9FZ06_KINUA,47.8890359558005
Q9FZ45_At1g16860,44.1263634377098
Q9FZ47_ACR11,46.1508402458251
Q9FZ48_UBC36,46.6795060217011
Q9FZ76_RPL6A,41.1862259162088
Q9FZA2_AGP31,52.0272145238036
Q9FZD1_At1g26460,38.7818850868757
Q9FZP1_At5g34940,49.3580571886343
Q9GNK5_PGRP-LC,44.7059527445919
Q9GNP5_lec-4,53.8035521015846
Q9GPA0_uggt-1,40.8780660931234
Q9GQF1_syd,41.0334371476739
Q9GQN0_Ranbp16,39.8676404261643
Q9GQN5_XNP,35.7406100683938
Q9GR61_rpb-10,42.953574556768
Q9GRE9_,48.0248809622874
Q9GRV1_CELE_Y71A12B.10,35.5096909243876
Q9GRV2_usp-3,47.8010481485285
Q9GRZ1_ebp-1,40.07205527657
Q9GS00_csn-1,38.319631674715
Q9GU68_eIF-5A,46.034175421348
Q9GUC9_F14F9.5,48.6182278101199
Q9GUF2_acp-6,39.7650835626589
Q9GUI8_CELE_Y45G5AM.3,37.006316394074
Q9GUP2_eel-1,40.9802966671211
Q9GYH7_rme-6,39.9316912721238
Q9GYH9_CELE_F29B9.1,41.0482528736183
Q9GYI2_mrps-21,34.4191922884272
Q9GYJ1_C46H11.2,31.2368056002054
Q9GYJ9_snx-1,40.0553192441074
Q9GYK4_vps-24,38.7402045420393
Q9GYL7_CELE_R03H10.1,42.8150939351992
Q9GYL8_CELE_R03H10.7,51.7149907678534
Q9GYM9_endu-2,38.6516313222871
Q9GYN6_CELE_F47G3.1,53.3394270071099
Q9GYP1_CELE_F46C8.8,43.6596417870593
Q9GYQ7_xpo-3,37.8725593182793
Q9GYQ8_C49H3.4,51.3402668084874
Q9GYR2_arp-11,43.4233976038763
Q9GYT2_CELE_F35F10.13,42.1308854816656
Q9GYT3_CELE_F35F10.1,41.1662337907403
Q9GYU1_CELE_F35F10.6,40.0571915410863
Q9GYU7_MED10,50.3293864545971
Q9GYU8_mbo,42.9006882280102
Q9GYV5_key,44.5656996932855
Q9GZD0_C04F5.8,31.5637543249517
Q9GZE9_ldp-1,39.0287263340394
Q9GZF3_ckb-4,42.0392041399487
Q9GZG0_C18H7.7,48.0903498136209
Q9GZG9_CELE_T22D1.11,39.878665543652
Q9GZH2_ruvb-2,42.2433335884607
Q9GZH3_T22D1.3,39.0507436835162
Q9GZH5_rpn-1,37.1548888547709
Q9GZI3_pod-2,35.9090828067001
Q9I7D3_Capr,46.6754325298936
Q9I7F7_PR2,41.2590259540354
Q9I7H9_sud1,44.9844239229449
Q9I7I0_CycB3,42.0614615491239
Q9I7I7_Sirt2,40.8119538058144
Q9I7K0_Jupiter,45.7345096071211
Q9I7K6_CG8223,46.4662669066035
Q9I7S8_ade5,49.8182169716093
Q9I7T7_CG11505,44.5504097958566
Q9I7U4_sls,43.8596564488527
Q9I7W5_Sas10,49.3320489436921
Q9I7X6_CG11596,42.3817370027084
Q9IB40_mylz3,50.6757368062111
Q9JHF5_Tcirg1,58.2094605648575
Q9JHF7_Hpgds,48.1429818168678
Q9JHG7_Pik3cg,45.69426954795655
Q9JHH6_Cpb2,56.5757222744346
Q9JHH9_Copz2,49.6115146351138
Q9JHI5_Ivd,51.7226215822423
Q9JHI7_Exosc9,59.8092557387038
Q9JHJ0_Tmod3,47.83092832218
Q9JHJ3_Glmp,54.3164333006584
Q9JHK4_Rabggta,50.7673322619465
Q9JHK5_Plek,46.0586043246681
Q9JHP7_Kdelc1,48.854550678002596
Q9JHQ5_Lztfl1,53.2230899730655
Q9JHR7_Ide,57.2300010263508
Q9JHS4_Clpx,43.5089236814701
Q9JHU4_Dync1h1,43.9401027667054
Q9JHU9_Isyna1,58.4228540078007
Q9JHW2_Nit2,54.5294375213229
Q9JHW4_Eefsec,45.7644406786393
Q9JI08_Bin3,50.5783463461848
Q9JI10_Stk3,49.2280336724359
Q9JI11_Stk4,47.6402942620745
Q9JI13_Utp3,53.86971709417135
Q9JI38_Pus3,52.816895809615204
Q9JI39_Abcb10,47.728742152811
Q9JI44_Dmap1,48.06456352135815
Q9JI46_Nudt3,54.2628766476071
Q9JI75_Nqo2,58.06752725359895
Q9JI78_Ngly1,45.249853121603
Q9JI90_Rnf14,49.0869541454061
Q9JIA0_Stat5a,48.2440315182056
Q9JIA7_Sphk2,45.0751010005753
Q9JIB0_Rangrf,52.83321225485845
Q9JID9_Sh2b2,44.718940599842696
Q9JIF0_Prmt1,54.2883057780613
Q9JIF3_Slc2a8,51.6910921378813
Q9JIF7_Copb1,51.354191212717
Q9JIG7_Ccdc22,47.2053110639215
Q9JIG8_Praf2,52.4533752577605
Q9JIH2_Nup50,54.5905043042231
Q9JII5_Dazap1,59.2062142454256
Q9JII6_Akr1a1,49.1080553504015
Q9JIK5_Ddx21,46.8912448164266
Q9JIK9_Mrps34,52.2346713060409
Q9JIM1_Slc29a1,50.2724754160527
Q9JIQ3_Diablo,61.9111036206924
Q9JIS3_Smco4,50.3870830320172
Q9JIW9_Ralb,44.8173856421398
Q9JIY5_Htra2,48.7981567641933
Q9JIY7_Nat8,44.2161674138839
Q9JIZ5_Tfap4,52.705079317699145
Q9JJ00_Plscr1,52.2434132488842
Q9JJ06_C1galt1,44.8593523779304
Q9JJ28_Flii,45.2287772267456
Q9JJ78_Pbk,47.1426320374602
Q9JJ94_Ssna1,48.9270896492554
Q9JJA2_Cog8,46.425806422964854
Q9JJB1_Tmem191c,63.2523786332376
Q9JJC9_Herpud2,61.0286296124014
Q9JJF3_No66,49.6537169946965
Q9JJG9_Noa1,45.84732126640205
Q9JJK2_Lancl2,50.0939498957065
Q9JJL3_Slco1b2,48.9278359705056
Q9JJL8_Sars2,47.4719330545182
Q9JJN5_Cpn1,51.2237919235707
Q9JJN6_Ctnnbip1,50.5489826476514
Q9JJQ0_Pigb,51.5200200855475
Q9JJQ6_F8a,47.9929685839347
Q9JJR8_Tmem9b,45.5657790675639
Q9JJT0_Rcl1,50.001959828509456
Q9JJU8_Sh3bgrl,51.2556471789525
Q9JJV2_Pfn2,53.4345377859598
Q9JJX6_P2rx4,57.8047492957587
Q9JJX7_Tdp2,46.04646437281855
Q9JJY4_Ddx20,47.8600177101029
Q9JJZ4_Ube2j1,49.57388787096335
Q9JK23_Psmg1,53.4644918328727
Q9JK30_Orc3,46.33930691475565
Q9JK38_Gnpnat1,49.8707579578874
Q9JK42_Pdk2,43.4218533916468
Q9JK48_Sh3glb1,44.0637016239891
Q9JK53_Prelp,41.7814023368137
Q9JK81_Myg1,49.4558245305265
Q9JKB1_Uchl3,51.5461509831397
Q9JKB3_Ybx3,65.7709567311195
Q9JKC7_Ap4m1,50.394424389280005
Q9JKC8_Ap3m1,47.4997523461864
Q9JKD3_Scamp5,56.7499211810486
Q9JKF1_Iqgap1,46.9930692920051
Q9JKF7_Mrpl39,50.2616727361106
Q9JKJ9_Cyp39a1,45.6479772366419
Q9JKK0_Rcan3,50.6120234508443
Q9JKK1_Stx6,53.3237930624431
Q9JKL4_Ndufaf3,53.0821913774228
Q9JKN1_Slc30a7,54.8514931723627
Q9JKP5_Mbnl1,45.4028574253518
Q9JKR6_Hyou1,46.3712987474313
Q9JKS4_Ldb3,66.3255582692065
Q9JKV1_Adrm1,48.7484729968052
Q9JKX3_Tfr2,46.0923526778371
Q9JKX4_Aatf,50.5161197166117
Q9JKX6_Nudt5,54.5928862845337
Q9JKY0_Cnot9,49.9616772927508
Q9JKY0_Rqcd1,48.73987009587935
Q9JKY5_Hip1r,43.1141037051599
Q9JL15_Lgals8,47.012255943197
Q9JL25_Rgs1,44.735238266805354
Q9JL26_Fmnl1,42.0118084812685
Q9JL56_Gde1,52.9224836154971
Q9JL60_Gmeb1,48.514134446437495
Q9JL70_Fanca,47.7402511379058
Q9JL99_Clec1b,51.8710492814784
Q9JLB0_Mpp6,47.4808104704666
Q9JLC3_Msrb1,61.0471361088731
Q9JLF6_Tgm1,54.6961744829806
Q9JLG8_Capn15,51.31774624680945
Q9JLI6_Scly,55.4984328184314
Q9JLI8_Sart3,50.1933143237918
Q9JLJ1_Selk,49.995525635326004
Q9JLJ2_Aldh9a1,51.5697626963452
Q9JLM9_Grb14,49.3805951493966
Q9JLN9_Mtor,47.6257532026982
Q9JLQ0_Cd2ap,50.087616305717944
Q9JLT4_Txnrd2,57.5737160236541
Q9JLV1_Bag3,62.7666447013639
Q9JLV5_Cul3,51.5281698282296
Q9JLV6_Pnkp,46.632230635014
Q9JLZ3_Auh,58.7053285571386
Q9JLZ6_Hic2,48.4686806109415
Q9JLZ8_Sigirr,48.7090840258273
Q9JM13_Rabgef1,51.8462460360326
Q9JM14_Nt5c,53.5140751078014
Q9JM52_Mink1,44.7754623125316
Q9JM62_Reep6,60.15560798663854
Q9JM73_Srf,50.0648423752664
Q9JM76_Arpc3,55.9846117975124
Q9JM90_Stap1,48.8582399359226
Q9JM96_Cdc42ep4,47.68975580185895
Q9JMA1_Usp14,47.4828366771037
Q9JMA2_Qtrt1,55.9037788566274
Q9JMD0_Znf207,50.9087850697366
Q9JMD3_Stard10,54.6324439591926
Q9JME7_Trappc2l,53.0367396639426
Q9JMG2_C1galt1c1,45.7587067229193
Q9JMH6_Txnrd1,58.3890519614956
Q9JMH7_Neu3,57.6920638061288
Q9JMK0_B4galt5,46.283371400414
Q9JMQ1_exuR,39.7622161097614
Q9JMQ2_ppaX,41.1916798166499
Q9K2S2_mrpA,38.8003788453683
Q9KWU4_pyc,38.0441640310427
Q9KWZ1_nadA,41.8868323659017
Q9LBU0_kgtP,45.8350960087416
Q9LBU9_murI,49.5099053651084
Q9LBV1_mobB,62.1968517636019
Q9LD43_CAC3,45.2179212198331
Q9LD55_TIF3A1,46.8482952169393
Q9LD57_PGK1,49.4032265976781
Q9LD90_CBF5,48.8720336951605
Q9LDD8_MCCB,44.8633653674841
Q9LDK9_BETAA-AD,40.2132264650878
Q9LDV4_ALAAT2,48.4316555797218
Q9LDY5_FKBP17-2,41.7706580574382
Q9LDZ0_HSP70-10,49.4131859146055
Q9LE06_BCAT4,46.3307788545477
Q9LE59_GAUT1,46.7544319992347
Q9LE82_RANGAP1,46.7343982118624
Q9LES2_UBA2A,45.7459270574373
Q9LEU8_At5g10920,45.4876908424858
Q9LF27_WDR12,43.8795046949947
Q9LF33_UGD3,44.0577843867168
Q9LF37_CLPB3,47.7486621017343
Q9LF46_HACL,47.6228076086414
Q9LF79_ACA8,43.4388101831724
Q9LF97_CBSCBSPB3,40.9472909873415
Q9LF98_FBA8,48.0589299307341
Q9LFA3_MDAR1,51.9478097813069
Q9LFF1_MEE40,40.5457620716175
Q9LFG2_DAPF,43.3281362147664
Q9LFH5_RPL12B,49.6065448312787
Q9LFJ8_UGT78D2,45.3824202741445
Q9LFN6_RH56,45.759720948587
Q9LFP0_APT5,46.687071828794
Q9LFP1_VAMP713,50.8168715551112
Q9LFP7_PIX7,40.8904126769983
Q9LFW1_RGP2,49.6796725566936
Q9LHA7_PER31,35.4618189453928
Q9LHA8_MED37C,49.0700868976445
Q9LHE9_VIII-1,39.9485306848257
Q9LHH7_FOLD2,47.9331773448489
Q9LHI0_At3g12260,42.1125047150905
Q9LHP1_RPL7D,38.8307667749876
Q9LHP2_SCL30A,43.4078742357171
Q9LHT0_At5g06060,52.5398726570597
Q9LI74_CHUP1,41.9542743469653
Q9LI77_GATA,48.4554317514297
Q9LIA8_UGD2,46.0115799297246
Q9LIB2_PHS1,42.0008011314846
Q9LIG0_At3g21360,42.251275942198
Q9LIG6_NIFU4,49.2525892622569
Q9LIK0_PKP1,44.9662271671195
Q9LIK9_APS1,44.1403253964209
Q9LIN3_RZ1A,43.1192086237185
Q9LIR4_DHAD,52.9955783133956
Q9LJ87_CDC73,38.349375679056
Q9LJ98_At3g22480,48.3870696304181
Q9LJE2_OVA5,39.0261612741527
Q9LJG3_ESM1,40.2391901549837
Q9LJI5_VHA-d1,49.0784153721736
Q9LJL3_PREP1,44.9042775024881
Q9LJN8_BUB3.1,45.9023234731683
Q9LJR2_LEC,44.6619873782645
Q9LJX4_APUM5,46.6260372089633
Q9LK22_PUX1,45.6002517248669
Q9LK23_ACG9,41.8418892106033
Q9LK29_CYC11,37.1505241920028
Q9LK34_UKL2,41.2236664472053
Q9LK36_SAHH2,51.3510886611555
Q9LK39_AAE16,40.2403458055902
Q9LK43_TMK4,42.4259156561214
Q9LK57_At3g13160,48.4609409754433
Q9LK72_At3g16530,49.5626511886406
Q9LK73_UGT88A1,45.5362595548905
Q9LK94_MDAR4,45.3295594017438
Q9LKA4_UBA2C,45.127084721909
Q9LKA5_MORF8,52.5359711616646
Q9LKA9_B3GALT13,44.1188182669544
Q9LKF9_CPSF100,37.5434191554306
Q9LKJ1_CHY1,47.6182630280852
Q9LKR3_MED37A,47.8642204132171
Q9LKR8_RAF1.1,45.433845621119
Q9LLC1_BCCP2,50.5562850083199
Q9LM02_SMT1,43.5769054781134
Q9LM25_HRD3A,40.6292855853502
Q9LM71_FKBP18,44.6552880350076
Q9LM92_SMD3B,56.3028809626939
Q9LME4_At1g22280,43.7200202388386
Q9LMG7_PAP2,53.0840384896806
Q9LMI0_TPS7,39.4702388967835
Q9LMM0_GPAT4,37.311233744175
Q9LMR3_TYRAAT2,38.3561961504194
Q9LMU0_GER2,39.0006351296469
Q9LMU2_KTI2,57.669256074778
Q9LN62_RRA3,45.4695707929487
Q9LNE6_UGT89C1,42.5884417339841
Q9LNI1_UGT72B3,46.107521771632
Q9LNJ9_FKGP,38.7616873160591
Q9LNN2_At1g53070,44.5048910265851
Q9LNU6_PCMP-H21,51.6784939330815
Q9LP45_RPN6,43.52249853854
Q9LP77_RKL1,41.143965148752
Q9LPC3_SEC1A,52.4712555061397
Q9LPC4_At1g01970,41.9627187063805
Q9LPC5_BIG3,36.4330857067429
Q9LPC7_CYP18-1,39.3787353263484
Q9LPD9_MCM2,40.8218001935969
Q9LPG6_RHM2,35.4106471968628
Q9LPI5_CID11,52.5155543920269
Q9LPM9_BCAT6,49.3786595512201
Q9LPR4_IPMS1,42.3499881490182
Q9LPU8_IGMT4,41.9333897531267
Q9LPV9_LWD1,47.3553511944703
Q9LPW0_GAPA2,39.3368641969417
Q9LPZ1_MORF9,40.9629783443084
Q9LQ04_NRS/ER,38.6047363976876
Q9LQ55_DRP2B,43.2663192038688
Q9LQC8_ARF2-A,38.351700354088
Q9LQF2_CINV1,61.1343048611074
Q9LQI9_UBP1B,36.4241088644242
Q9LQK0_DRG1,42.3293713875484
Q9LQK7_ABCI7,44.3909357338493
Q9LQR8_RPN3B,47.8391720112984
Q9LR30_GGAT1,44.5807070162193
Q9LR33_RPL27AB,41.1653215644819
Q9LR44_UGT75B1,48.9600720964109
Q9LR75_CPX1,54.8892865753523
Q9LRJ9_CRRSP38,60.3321812344806
Q9LRP6_At3g15590,47.5472408045168
Q9LRQ8_PMAT2,54.6021238831917
Q9LRR9_GLO1,41.9937378171368
Q9LRS0_GLO2,41.2526401384775
Q9LRS2_AXY4L,42.1551168400673
Q9LRZ0_TPR2,44.3363253250216
Q9LRZ3_APUM24,48.9781861697275
Q9LS09_ASF1B,48.8027349294605
Q9LS25_At5g46580,36.7599911249661
Q9LS40_ASPG1,43.813849765129
Q9LSB4_NAI2,49.0661605046273
Q9LSE4_CCB1,43.5413325238689
Q9LSM5_At5g65490,44.342756706037
Q9LSQ5_FQR1,43.5613386996186
Q9LSS5_ICR3,43.7277311186278
Q9LSV0_GLYR1,42.3602863009981
Q9LSW8_ETFB,38.2687510548337
Q9LSX7_PEX22,42.7611220614136
Q9LSY5_UGT71B7,47.6839377217377
Q9LSY9_UGT71B1,46.6031590740144
Q9LT08_RPN11,39.4655789832553
Q9LT10_CXE18,45.3794383490021
Q9LT25_MED35C,43.6198634120054
Q9LT69_PGDH3,42.8732360768969
Q9LT75_PTEN2A,43.3303027341133
Q9LT77_RDL2,43.8612579437146
Q9LT78_RD21C,45.2864420761129
Q9LTB0_EXO84B,41.9402793753939
Q9LTB2_MMT1,44.7908594390296
Q9LTR2_TGD2,49.7940525721973
Q9LTR9_NMT1,42.3585813743479
Q9LTT8_VCS,45.6882885280797
Q9LTT9_VCR,44.8749113660184
Q9LTV6_At3g12800,46.016811240803
Q9LTX2_At5g49980,45.6105091662913
Q9LTX3_PPOX1,50.3527490509925
Q9LTX9_HSP70-7,49.1204213721945
Q9LU01_Y3IP1,45.3912804214837
Q9LU10_DEGP8,41.5960372117588
Q9LU14_APG,45.0038293068841
Q9LU39_GLUTRBP,48.1478249928825
Q9LU60_At5g51140,44.9436168365581
Q9LU64_FSD2,44.3122460776914
Q9LU85_PAP4,49.5475875370717
Q9LUC9_CYP72A11,36.6723848676171
Q9LUG5_At3g23620,41.6401507519211
Q9LUH8_HSFA6b,61.0925179917252
Q9LUL4_SRF7,43.4300969398328
Q9LUT2_METK4,43.1474122149305
Q9LUV2_HS1,51.776438730931
Q9LV03_GLT1,44.2125561550803
Q9LV09_BOB1,51.4725798630739
Q9LV21_CCT4,46.2594929042266
Q9LV28_RACK1C,43.8229239550374
Q9LV33_BGLU44,47.265567966992
Q9LV35_AIP1-2,45.3498554949297
Q9LV77_ASN2,40.0209141837123
Q9LV91_DPE1,44.4470191414512
Q9LV93_ABCF5,39.9441117512489
Q9LVB8_CXE20,44.8422296653255
Q9LVF0_UGT84A2,50.5455313149559
Q9LVH5_OEP64,36.4937597835074
Q9LVI6_RLK902,46.8937789928608
Q9LVI8_GLN1-3,47.2679008057635
Q9LVI9_PYD1,46.5186445388551
Q9LVJ1_SBT1.4,63.9363026656411
Q9LVM1_ABCB25,43.2586671079853
Q9LVM2_ndhN,53.5064149137818
Q9LVN7_POLD1,46.5415054282834
Q9LVQ8_At5g66720,38.8545538739954
Q9LVV5_At5g52970,45.0809562205957
Q9LVW7_CARA,43.8412612334739
Q9LVY0_PRFB1,49.9370538738235
Q9LVY1_TAT,49.8723136894689
Q9LVZ8_At3g15810,50.8842345984056
Q9LW20_SKL1,46.8975223209255
Q9LW57_PAP6,50.287313123815
Q9LW64_At3g23325,48.7893617076901
Q9LW76_RABG3C,42.8805134503282
Q9LX07_ANNAT7,37.7863883524873
Q9LX12_IPS3,48.1274567670561
Q9LX31_GUN4,44.0301103606513
Q9LX65_VHA-H,42.8848024398621
Q9LX66_HERK1,43.2560892578111
Q9LX99_KIN14A,42.5427121933585
Q9LXA8_BXL6,60.5384851942133
Q9LXC9_PPA6,45.4442967493734
Q9LXG1_RPS9B,33.2221172995127
Q9LXG3_PER56,47.906067196364
Q9LXJ0_FTSZ2-2,43.0224136842048
Q9LXK1_RPA3A,43.3319102760981
Q9LXK7_PME32,49.4661914471222
Q9LXR8_PMD1,46.7230590298066
Q9LXT4_PCO5,46.2936196508125
Q9LXX5_PPD6,47.0487761786905
Q9LY03_IRK,46.1185676301291
Q9LY15_MRSA2,42.8990777584716
Q9LY23_IPK2a,43.4423685322207
Q9LY66_RPL1,38.195881702589
Q9LY74_VTE3,38.409520274244
Q9LY84_At5g14450,43.6666774683941
Q9LY87_RGLG2,50.7113052212864
Q9LYA9_CSP41A,51.4958241698674
Q9LYB4_GPX5,40.159272479976
Q9LYG3_NADP-ME2,58.1246169585659
Q9LYK6_APRF1,51.2462774968139
Q9LYK8_MSD2,57.1160362735374
Q9LYK9_RPS26C,40.1672957552201
Q9LYN0_PRA1B1,45.7472206062433
Q9LYT7_IPMI1,47.4336177216971
Q9LYU4_GH3.12,45.0132966670136
Q9LYU8_AK1,36.7330477652214
Q9LYW9_P58IPK,46.8485815102656
Q9LZ06_GSTL3,50.5914471614714
Q9LZ41_RPL35D,35.9241773130694
Q9LZ66_SIR,58.4332466384236
Q9LZ82_BTR1,47.3401571188602
Q9LZ98_ABCI20,41.6869274563522
Q9LZD3_EXO70A1,45.8388536399461
Q9LZD4_RABE1D,38.2017402818586
Q9LZG0_ADK2,40.7975358688754
Q9LZG7_GSTU27,44.0915522379575
Q9LZJ3_XXT1,45.0213809823647
Q9LZK5_ERDJ3B,43.9294545515902
Q9LZM1_ORP3A,36.5704082255326
Q9LZR5_HDT3,44.1007238857938
Q9LZS7_At5g03610,42.8459359856347
Q9LZT0_At3g46030,50.5372419792694
Q9LZT4_EXLA1,45.0723492667501
Q9LZV4_STN8,33.8956418532311
Q9LZX1_At5g01750,47.2218451030341
Q9LZX4_FLA10,49.7117554892432
Q9LZX6_DHDPS1,59.4522492132332
Q9LZX8_BIG2,41.3164820656729
Q9M024_TAAC,38.4131489116722
Q9M047_WLIM2B,45.2856052317825
Q9M065_At4g36680,40.4793485648121
Q9M069_At4g34480,47.1676337853519
Q9M081_At4g32640,40.8999538888374
Q9M084_IBI1,44.8617269237148
Q9M086_DCAF1,44.21588551184
Q9M098_At4g30620,45.7536772417993
Q9M099_SCPL24,43.5721466352241
Q9M0A5_GGP3,46.0480011378443
Q9M0A7_GGP1,44.3508089437203
Q9M0E2_RPL28C,40.5532397468317
Q9M0F9_PFK1,50.6304469045722
Q9M0G0_GGT3,50.7007429918596
Q9M0I2_EXPB3,37.758510469544
Q9M0N1_PUX10,45.0379171926305
Q9M0R0_BHLH81,40.8148529856458
Q9M0V3_DDB1A,51.0732567969731
Q9M0V4_YAO,44.8916244383474
Q9M0V6_RFNR1,56.9204379610968
Q9M0X9_4CLL7,44.9712149503535
Q9M0Y6_At4g05090,47.284777723179
Q9M0Y8_NSF,40.2199833545387
Q9M0Z3_KEA3,35.9448110026388
Q9M156_UGT72B1,40.1481390553881
Q9M158_STR4,51.0463688818599
Q9M1H3_ABCF4,44.0843629600826
Q9M1J6_SSL9,50.7183894339648
Q9M1J7_SSL8,41.2919600995677
Q9M1R1_LCD,48.3185003284646
Q9M1R2_At3g62120,39.9509338758096
Q9M1W4_HMT-2,41.0481581753062
Q9M291_CEF,53.7250193105063
Q9M2E2_SDR1,48.8728626132777
Q9M2L4_ACA11,37.3776097548366
Q9M2N5_HAT,42.9827791313173
Q9M2T9_OVA1,48.7298456778026
Q9M2W2_GSTL2,52.559795917599
Q9M2Y6_At3g49720,47.3041550853266
Q9M336_UPP,47.6379096570683
Q9M338_AKR4C11,40.3758216093808
Q9M339_RPS3B,37.6945697651671
Q9M385_RPL17,34.8757514311646
Q9M3A8_EMB1796,45.0065830662179
Q9M401_BCAT3,50.1243631599887
Q9M4T3_HDT4,43.6503822462925
Q9M591_CRD1,37.6728595115905
Q9M5J9_PGIP1,46.7771693123377
Q9M5P2_SCAMP3,40.5212376862274
Q9M651_RANGAP2,49.0496448755862
Q9M7Q7_PCNA,46.8988968676659
Q9M7X9_CITRX,50.1411193831882
Q9M7Z1_BCE2,47.0144961555989
Q9M876_EMB2768,48.4265487578206
Q9M885_RPS7B,37.0123168573847
Q9M888_CCT6A,40.9714962516595
Q9M8D3_At1g74260,47.248944770482
Q9M8L4_GLPK,39.9126567530238
Q9M8M7_WIN1,47.5044673408046
Q9M8R9_At3g02770,46.6400044347282
Q9M8S8_VTC4,51.3633418715309
Q9M8T0_At3g02880,46.2337119138727
Q9M8Z7_UGT80A2,47.4039393282026
Q9M9F1_GSTU23,53.965344052381
Q9M9K1_At3g08590,51.8771294675294
Q9M9M9_At3g03100,46.3494978217109
Q9M9P0_EXPA13,40.3008823716448
Q9M9P3_UGP2,47.0727762249331
Q9M9Q6_SCPL50,53.1780218706949
Q9M9W1_RPL22B,43.0170759785335
Q9M9Y5_GAUT6,32.1950114719608
Q9M9Y8_CRTISO,42.4791190037739
Q9MA55_ACBP4,44.7652772793697
Q9MA63_At3g05500,45.756600247734
Q9MA74_SDC,42.2868955461502
Q9MA79_CYFBP,52.6027398456822
Q9MAB3_NOP5-2,45.6971560809139
Q9MAH0_PPC1,43.8114221556488
Q9MAH3_DJ1B,46.1656016809243
Q9MAJ7_BGAL5,49.2605653210147
Q9MAK9_RPT4B,45.4103290894621
Q9MAL9_GIF2,48.0419047511142
Q9MAP3_RPL11,45.6231347714264
Q9MAT5_PRMT10,44.7846959456498
Q9MAU6_PDIL2-2,46.5480615841832
Q9MB58_FKFBP,44.019200493243
Q9MBH1_AIG2C,45.3976843916539
Q9MBH2_AIG2B,45.3971152982715
Q9MGM1_mt:ATPase8,50.0860179000083
Q9N2L7_plk-2,49.5146764653232
Q9N2M8_hdc,40.8817672837558
Q9N2U6_lmtr-2,42.9037884539716
Q9N337_mdt-6,36.9582632325609
Q9N341_CELE_Y55F3BR.1,37.5806517318249
Q9N358_cct-8,50.3688791419956
Q9N359_csn-4,38.0855556631218
Q9N361_mrps-25,38.3192389693183
Q9N362_CELE_Y55F3AM.13,40.9885429162595
Q9N363_dcap-1,41.7893538580735
Q9N369_atg-3,49.6876747972369
Q9N370_CELE_Y55F3AM.9,39.1047562773282
Q9N372_CELE_Y55F3AM.5,43.4827187248081
Q9N384_lec-6,48.4629174686192
Q9N392_oxy-4,39.2490477889124
Q9N393_CELE_Y54H5A.1,45.8067457522595
Q9N397_ndnf-1,41.8845408474228
Q9N3B9_clec-83,51.9418913225855
Q9N3C8_CELE_Y54E10BR.2,35.5305599212433
Q9N3C9_rpb-7,39.6444660050802
Q9N3D3_CELE_Y54E10BR.4,50.4782649092573
Q9N3E0_dnj-28,43.2326945064164
Q9N3F0_Y54E10A.10,42.3614569266887
Q9N3F1_dnc-6,44.15205941553
Q9N3F2_CELE_Y54E10A.6,43.1698308002795
Q9N3F3_mrpl-17,39.7008464923492
Q9N3F4_vbh-1,38.2458281866804
Q9N3F7_CELE_Y53G8AR.9,42.7868919581873
Q9N3F8_ral-1,36.2099561975799
Q9N3K5_CELE_Y50D7A.8,30.0758885821116
Q9N3K6_CELE_Y50D7A.1,38.7290636090474
Q9N3L2_xpd-1,39.4191171744399
Q9N3L4_CELE_Y50D7A.3,38.2966160558458
Q9N3Q8_daf-25,40.9174627799467
Q9N3S4_rnp-6,37.1461887704261
Q9N3S8_CELE_Y47G6A.18,39.2848998527583
Q9N3T2_crn-1,41.1176253370291
Q9N3T5_spg-7,42.2360115574691
Q9N3T8_msh-6,37.8180184158126
Q9N3U9_skr-14,46.6296978300632
Q9N3V9_clec-76,43.1200362972141
Q9N3W5_clec-72,49.8538059380057
Q9N3X0_clec-70,52.2310130804816
Q9N3X8_rig-4,45.4894534784788
Q9N3Y1_CELE_Y42H9AR.1,40.4994872788339
Q9N3Y4_rabs-5,39.4698181371055
Q9N3Z3_chk-1,42.3285457232841
Q9N412_CELE_Y39A3CL.1,33.3627517345997
Q9N425_csn-3,38.9121973710713
Q9N430_CELE_Y38C1AA.6,49.4249385866875
Q9N477_CELE_Y23H5B.5,46.505382997746
Q9N489_CELE_Y110A2AR.3,47.0685682138495
Q9N4A5_hxk-3,45.9960726048007
Q9N4A7_npp-20,39.002261430107
Q9N4B1_clp-7,38.7552978763662
Q9N4C2_cpsf-1,41.2762072201284
Q9N4D9_homt-1,36.063695621679
Q9N4E1_CELE_Y73C8B.2,33.1333117720191
Q9N4E2_CELE_Y73C8B.3,33.0444591355671
Q9N4E9_ppfr-4,42.2134056230105
Q9N4F1_CELE_Y71H2B.5,39.2659560291723
Q9N4F3_apb-1,41.759335886188
Q9N4F4_gpa-17,40.4636223126859
Q9N4H6_gst-43,41.292967232946
Q9N4H7_copa-1,46.0931286854577
Q9N4I0_arx-1,43.6135560262901
Q9N4I1_dnc-5,43.6165557235657
Q9N4I5_CELE_Y71F9AL.12,53.1058281260778
Q9N4J7_CELE_F54A3.2,44.6003533921866
Q9N4J8_cct-3,50.5718700666538
Q9N4K2_cbs-2,42.8448892517921
Q9N4L7_cec-10,45.8272441830051
Q9N4M0_pdp-1,37.7685928894453
Q9N4M4_anc-1,44.6577674439028
Q9N4N4_swsn-6,37.1876581416933
Q9N4P2_glrx-21,51.466241686595
Q9N4P3_CELE_ZK121.2,43.370925823562
Q9N4P9_exos-4.2,39.509374161568
Q9N4S0_CELE_Y53G8B.1,39.4448583542473
Q9N4U0_cyh-1,43.9189162953231
Q9N4V3_CELE_Y47D9A.1,40.3969882797189
Q9N4W4_clec-205,44.4104379008826
Q9N4X8_gst-10,42.1376969878458
Q9N4Y8_nuo-5,37.2291227600627
Q9N4Z0_Y45G12B.3,37.2851575907633
Q9N4Z2_CELE_Y42G9A.1,49.4545967540056
Q9N4Z7_mvk-1,42.0758440015843
Q9N538_dhs-9,38.2810969216506
Q9N566_CELE_Y19D10B.6,43.1721397144322
Q9N574_cyp-31a3,39.430462864365
Q9N575_memi-1,46.1637352430864
Q9N580_CELE_Y17G9B.5,35.8391308819218
Q9N584_let-630,39.9360844839765
Q9N588_tyms-1,44.6325744040465
Q9N589_mtm-1,40.7083301525212
Q9N590_pfkb-1.1,35.8318931285165
Q9N592_prp-31,37.6942699702698
Q9N595_elpc-1,36.4641903932713
Q9N599_pas-3,49.2576572128099
Q9N5A0_spe-5,44.1552313263708
Q9N5A1_mdt-20,41.4350355707337
Q9N5A2_CELE_Y104H12D.2,35.9581958042492
Q9N5B3_CELE_W08E12.7,40.8268941389615
Q9N5B7_rme-1,37.9699469532375
Q9N5C4_CELE_W02H5.8,42.5784467394451
Q9N5F6_CELE_R193.2,42.3177319196841
Q9N5G1_dhs-15,38.5863701668754
Q9N5G3_dhs-14,38.7578877263062
Q9N5G4_CELE_R05D8.7,39.8712451083866
Q9N5J3_CELE_K08A2.2,40.6819277421579
Q9N5K1_sacy-1,38.4284941126404
Q9N5K2_rpb-5,41.3908328488409
Q9N5L0_CELE_H24K24.4,37.1061436092845
Q9N5M1_CELE_H20J04.4,38.2074403680503
Q9N5R9_spt-16,39.2849665549536
Q9N5S7_CELE_F49H12.5,45.2101617962753
Q9N5U1_CELE_T22F3.3,45.2885622323763
Q9N5U5_cdc-73,46.3928399049656
Q9N5V3_imb-3,49.2125737974811
Q9N5W9_fbxa-62,39.04593543949
Q9N5X0_fbxa-38,41.6992429273237
Q9N5X8_C15F1.1,43.0235139951021
Q9NA26_vps-28,44.9942418484674
Q9NA30_atg-4.1,45.4086216360403
Q9NA33_CELE_Y73F8A.26,41.6610620226196
Q9NA40_CELE_Y73F8A.5,45.6046456620448
Q9NA52_CELE_Y73F8A.20,40.1679797152978
Q9NA53_cpna-4,44.1609562471193
Q9NA57_CELE_Y73F8A.15,41.7932343977036
Q9NA69_CELE_Y57A10A.13,38.751937128065
Q9NA78_CELE_Y57A10A.23,46.5403298162394
Q9NA81_trpp-5,37.9137451062162
Q9NA98_arp-1,46.1259018870446
Q9NAA5_Y53F4B.13,33.8933341896489
Q9NAA7_nsun-5,38.7842524771369
Q9NAB0_gst-39,37.1963047685137
Q9NAB1_gst-29,37.705751038427
Q9NAB2_gst-28,34.4378626773346
Q9NAB3_gst-27,37.3355154688518
Q9NAB4_gst-26,37.1092929418147
Q9NAB7_CELE_Y53F4B.18,40.6480786291855
Q9NAD6_sta-1,42.186147053715
Q9NAF4_oig-3,43.3234355045521
Q9NAG4_mac-1,35.9996525226146
Q9NAH1_CELE_Y47D3A.29,43.4675848990736
Q9NAH6_rsks-1,33.44799860367
Q9NAI5_CELE_Y39G8B.1,40.5926620980999
Q9NAK4_lips-15,42.0630666157668
Q9NAK5_clec-4,41.1542793600295
Q9NAK6_clec-8,52.1684172555135
Q9NAL4_mdt-17,38.0168738247236
Q9NAM7_Y105C5B.9,39.3857958646151
Q9NAN1_uba-2,36.3215900232402
Q9NAN2_par-6,37.6827326716528
Q9NAN7_CELE_R09D1.14,48.3791463761673
Q9NAP0_clec-190,40.5096412106007
Q9NAP3_pellino,38.240148712237
Q9NAP6_CELE_K09E4.4,48.8156142369361
Q9NAP7_CELE_K09E4.3,33.4921310804526
Q9NAP9_mrps-15,40.7074955586342
Q9NB04_Patj,42.820305177233
Q9NBD7_chb,43.9001010085374
Q9NBK5_trc,37.6987515786329
Q9NDC9_lis-1,53.6834057756477
Q9NDJ2_dom,44.3044876834313
Q9NEI6_mrps-35,39.1106393266061
Q9NEL2_ssl-1,50.4462590126685
Q9NEQ5_CELE_Y59A8B.12,44.4743003554699
Q9NEQ8_CELE_Y59A8B.8,36.1201502208983
Q9NES8_pph-5,44.2678640060128
Q9NES9_CELE_Y39B6A.3,41.7810714092337
Q9NEU3_tgt-2,43.0793555702487
Q9NEW7_elpc-2,36.6782574294595
Q9NEX2_Y111B2A.13,49.9674673098838
Q9NEX6_CELE_Y105E8A.21,36.1070466663437
Q9NF22_CELE_Y105E8A.2,49.7710787898179
Q9NFP5_Sh3beta,46.3519935366422
Q9NFU0_Fmr1,42.8040431938669
Q9NG98_Top3alpha,36.4348333100222
Q9NGC3_CenG1A,41.6684389784824
Q9NGT3_mdf-2,48.7128923852413
Q9NHB0_GNBP1,42.2943491235611
Q9NHC3_ced-2,38.9717332474873
Q9NHD5_san,37.7029668445819
Q9NHP5_Tbp,48.0646925640247
Q9NHP7_TfIIB,41.1664413006751
Q9NHV9_Vav,38.39144887949
Q9NHZ6_oaz-1,43.2338308829068
Q9NIV1_PEK,39.5062683796227
Q9NJH0_Ef1gamma,40.7829352424006
Q9NK57_anon-35F/36A,52.7396613481707
Q9NL51_klp-17,45.8079611825291
Q9NLD1_hrp-2,37.9981081785527
Q9PTF3_nme3,54.5833475427909
Q9PTF4_nme2b.2,52.4094473639375
Q9PTF5_nme2b.1,55.7096953173541
Q9PU58_nipsnap2,50.5533323564994
Q9QUI0_Rhoa,49.0597724023331
Q9QUJ7_Acsl4,43.0816344554239
Q9QUM0_Itga2b,51.500096255609
Q9QUN7_Tlr2,52.022927146497096
Q9QUR6_Prep,46.525833378283
Q9QUR7_Pin1,49.4921258171539
Q9QWF0_Chaf1a,48.921449636834254
Q9QWG7_Sult1b1,42.3546425533049
Q9QWI6_Srcin1,50.4043924552442
Q9QWR8_Naga,50.238654672314
Q9QWT9_Kifc1,48.2685045073581
Q9QWV9_Ccnt1,51.366477817284746
Q9QWY8_Asap1,48.5582242258047
Q9QX11_Cyth1,47.1048058611501
Q9QX60_Dguok,54.635067603914905
Q9QXA1_Cyhr1,54.0248322045119
Q9QXB9_Drg2,45.9170950085299
Q9QXD1_Acox2,53.3593413321478
Q9QXD8_Limd1,49.1137990288543
Q9QXE0_Hacl1,60.8848397520566
Q9QXE7_Tbl1x,54.6278696803072
Q9QXF8_Gnmt,55.2092339403415
Q9QXG2_Chm,53.7555261374037
Q9QXG4_Acss2,48.2356042908098
Q9QXH4_Itgax,53.1021091552523
Q9QXJ2_Stat2,44.3627632855007
Q9QXK2_Rad18,50.70891130669395
Q9QXK3_Copg2,48.5566002920956
Q9QXK7_Cpsf3,51.1444379761051
Q9QXL2_Kif21a,43.096192054393
Q9QXN0_Shroom3,59.0917104730313
Q9QXS1_Plec,49.689064902713454
Q9QXV1_Cbx8,51.155976079331595
Q9QXV3_Ing1,48.9527356287818
Q9QXW9_Slc7a8,52.1639164192434
Q9QXX4_Slc25a13,55.0587608305827
Q9QXX8_Nufip1,44.677881672502096
Q9QXY1_Tjp3,44.7874855815016
Q9QXY6_Ehd3,44.2998824734905
Q9QXY9_Pex3,58.640105180171
Q9QXZ0_Macf1,47.2944051336607
Q9QXZ6_Slco1a1,58.2352637478322
Q9QY06_Myo9b,47.5181575104178
Q9QY30_Abcb11,41.8848576097187
Q9QY36_Naa10,50.3436535781456
Q9QY66_Znhit2,49.3045791240572
Q9QY93_Dctpp1,52.64670576874625
Q9QYA2_Tomm40,57.95484485654225
Q9QYB1_Clic4,52.6659448444957
Q9QYB5_Add3,53.38058434304525
Q9QYC0_Add1,50.058727966247105
Q9QYC7_Ggcx,41.2197955262468
Q9QYE6_Golga5,52.09278259627985
Q9QYF1_Rdh11,40.239548048838
Q9QYG0_Ndrg2,48.9478327171826
Q9QYI3_Dnajc7,44.4517403244959
Q9QYI4_Dnajb12,49.35901724327555
Q9QYI5_Dnajb2,52.3922735413581
Q9QYJ0_Dnaja2,50.9517330528568
Q9QYJ3_Dnajb1,47.5507634925561
Q9QYK5_Hs6st1,49.6302177634519
Q9QYL7_Abt1,46.6468913832961
Q9QYR7_Acot3,54.3796317123581
Q9QYR9_Acot2,50.8552897930831
Q9QYS9_Qki,47.6086712549154
Q9QYY8_Spast,48.3723391930082
Q9QYY9_Adh4,59.6806910092266
Q9QZ06_Tollip,48.72591535183495
Q9QZ08_Nagk,56.5884741958552
Q9QZ15_Clec4a,51.08104189908405
Q9QZ25_Vnn3,50.0532505032019
Q9QZ73_Dcun1d1,46.0082256699569
Q9QZ85_Iigp1,45.1378251164956
Q9QZ88_Vps29,60.6584005855691
Q9QZA0_Ca5b,51.1737454528433
Q9QZB7_Actr10,56.3445552749594
Q9QZB9_Dctn5,52.816970477999
Q9QZC2_Plxnc1,50.2872810036395
Q9QZC7_Plekhb2,48.9035651259218
Q9QZC8_Abhd1,46.9432336968991
Q9QZD4_Ercc4,49.857119394564904
Q9QZD8_Slc25a10,47.9630752181625
Q9QZD9_Eif3i,49.6361707817772
Q9QZE5_Copg1,52.1355839624024
Q9QZE7_Tsnax,53.715419762891244
Q9QZK2_Bcar3,53.6826555437621
Q9QZK7_Dok3,47.1872519121717
Q9QZM0_Ubqln2,51.1829553577574
Q9QZN1_Fbxl17,51.24590415224995
Q9QZN4_Fbxo6,51.5088032840617
Q9QZQ8_H2afy,54.904451788459255
Q9QZR0_Rnf25,49.1754733124246
Q9QZS3_Numb,51.7207451723173
Q9QZS5_Sgk2,43.6366725859055
Q9QZV9_Nxt1,49.730087130683
Q9QZW0_Atp11c,43.6831561226885
Q9QZX7_Srr,54.5170272093452
Q9R002_Ifi202,57.7767477704376
Q9R007_Clec5a,55.8698136614215
Q9R008_Mvk,55.1010845377854
Q9R013_Ctsf,49.0134906671605
Q9R045_Angptl2,50.2259381800496
Q9R049_Amfr,45.17157549696995
Q9R059_Fhl3,53.8694883675551
Q9R060_Nubp1,51.520861738141704
Q9R061_Nubp2,48.2262980679112
Q9R062_Gyg1,44.9467816116321
Q9R078_Prkab1,47.6078745829032
Q9R088_Tk2,51.8985231107297
Q9R092_Hsd17b6,51.4560341461083
Q9R097_Spint1,58.1725979136316
Q9R098_Hgfac,59.7826549217423
Q9R099_Tbl2,53.7636672013414
Q9R0A0_Pex14,53.86557893215905
Q9R0C0_Bloc1s6,53.8687723518435
Q9R0C8_Vav3,43.57962237809425
Q9R0E1_Plod3,50.093208792009804
Q9R0E2_Plod1,48.9085959201051
Q9R0H0_Acox1,52.1392332846742
Q9R0L6_Pcm1,61.3902498073827
Q9R0M3_Srpx,57.2570007792751
Q9R0M5_Tpk1,53.842944243084546
Q9R0M6_Rab9a,43.6244358558369
Q9R0N0_Galk1,49.9531192972281
Q9R0P3_Esd,57.2881649345581
Q9R0P5_Dstn,46.8742272716412
Q9R0P6_Sec11a,40.3635809568741
Q9R0Q3_Tmed2,45.3905685313588
Q9R0Q6_Arpc1a,53.8403608229257
Q9R0Q7_Ptges3,43.5206335482648
Q9R0X0_Med20,53.2425646230091
Q9R0X4_Acot9,52.6881425780264
Q9R0Y5_Ak1,48.3736626674303
Q9R112_Sqrdl,49.5516394050028
Q9R190_Mta2,48.5803486461656
Q9R1C7_Prpf40a,49.63277440240985
Q9R1J0_Nsdhl,40.9384932396768
Q9R1Q6_Tmem176b,50.7757882099682
Q9R1R8_Rdh11,44.5709773971283
Q9R1S8_Capn7,49.06371288537665
Q9R1T2_Sae1,49.4065661338161
Q9R1T4_Sept6,52.1486003734039
Q9R1V7_Adam23,58.7215451756113
Q9R1X4_Timeless,46.52162826284595
Q9R1Z8_Sorbs3,57.6470136465673
Q9R207_Nbn,51.085494508170655
Q9R233_Tapbp,46.8039112287507
Q9R257_Hebp1,54.2153796299319
Q9R9I1_htrB,47.5864335221826
Q9RA61_bglT,91.15813880087546
Q9S6Z7_CYSD1,50.1856236488711
Q9S713_STN7,32.4177675798124
Q9S714_PSAE2,42.6431514925338
Q9S720_PPD3,40.9385889701054
Q9S725_4CL2,45.2386343505535
Q9S726_RPI3,44.5151621307936
Q9S746_HTH,40.6284812598396
Q9S757_CYSC1,55.8998223351973
Q9S762_HISN1A,45.8722125728442
Q9S795_ALDH10A8,46.0137274032529
Q9S7A3_At4g10100,43.2895633185393
Q9S7B5_TS1,59.8009660836036
Q9S7C0_HSP70-14,48.1148276745436
Q9S7D8_APS4,39.4400361211819
Q9S7E4_FDH1,55.2811283643179
Q9S7E9_GGAT2,47.1455761365925
Q9S7G6_PNP2,46.7275513156203
Q9S7H1_psaD1,45.269048709063
Q9S7H4_CM2,54.8629780623173
Q9S7M0_LHCB3,37.8180174577167
Q9S7N7_PSAG,35.7681506579618
Q9S7Q2_PTAC2,44.5597486509063
Q9S7T8_At1g47710,47.4807597542639
Q9S7Y7_XYL1,44.7524726756971
Q9S7Z3_PCS1,42.2233790219034
Q9S814_EIN2,41.8414591480013
Q9S818_F3H,47.4994643670053
Q9S834_CLPP5,44.1614800133581
Q9S850_SOX,52.5702753323807
Q9S9N1_HSP70-5,55.5688570808405
Q9S9N6_PNSB1,35.540545352396
Q9S9N9_CCR1,42.7847738594369
Q9S9P6_UGT78D1,42.852182144957
Q9S9P8_RFNR2,51.7398638249285
Q9S9W2_SDRA,46.5084388930744
Q9SA14_IMDH1,51.2199484314797
Q9SA23_SYP51,49.0317216369788
Q9SA34_At1g16350,53.6537325380304
Q9SA52_CSP41B,53.7283726285049
Q9SA56_PSAD2,44.8120354335768
Q9SA72_At1g30570,53.5490951231872
Q9SA73_YchF1,40.1534741437786
Q9SA78_At1g30630,53.4547347709531
Q9SAA2_CLPP6,43.315814665468
Q9SAB1_HSP70-16,46.700743405049
Q9SAB3_RBP45B,42.2174620015847
Q9SAC6_GWD1,42.2318214014708
Q9SAI5_RPL7A,40.7987326440613
Q9SAJ4_PGK3,50.5034944650224
Q9SAJ6_GAPCP1,39.7601013039514
Q9SAK4_ALDH5F1,55.7766101510148
Q9SAL0_RGLG4,48.5432035979548
Q9SB48_ATR1,44.6781224665189
Q9SB50_AP4M,40.2542074634825
Q9SB81_PER42,50.2134349619807
Q9SBA5_ITPK1,47.6649869695241
Q9SBB2_ABC1,43.419405290683
Q9SCK0_ATG13A,53.8996752872082
Q9SCU1_PATL6,39.25791190242
Q9SCV3_BGAL9,49.5251988294471
Q9SCV9_BGAL3,46.6591575405602
Q9SCX3_At5g19510,43.2166189488487
Q9SCX9_DHAPRD,44.7542981801706
Q9SCY0_PGMP,46.3466927087137
Q9SCY3_PNSL4,43.9632634764318
Q9SCZ4_FER,42.7552336572049
Q9SD04_SSL7,50.3950809661974
Q9SD07_SSL4,37.7775371730289
Q9SD76_PHS2,46.9707057755929
Q9SDM9_NSP1,49.1927419532547
Q9SDS7_VHA-C,55.2153821778074
Q9SDY5_RCE1,46.6155227907214
Q9SE50_BGLU18,51.1498287679014
Q9SE60_MTHFR1,42.6070090013166
Q9SE83_DRP2A,41.6297039381802
Q9SE96_FIP1,45.1707152956665
Q9SEE5_GAL1,41.5841149263079
Q9SEH3_RABD2C,39.3763405956806
Q9SEI4_RPT3,45.5808967800454
Q9SEL7_DEGP5,43.7151554446185
Q9SEX2_AAA1,43.1846586324536
Q9SF16_CCT7,42.7611380557851
Q9SF40_RPL4A,37.5629402269844
Q9SF47_PAH1,46.2365824362115
Q9SF85_ADK1,38.0273725962408
Q9SFH9_HEMB1,48.5959636174064
Q9SFU0_At3g07100,38.9874872984036
Q9SFU1_RPL13AA,35.4617265141137
Q9SFU6_CALS9,38.2888164491877
Q9SFX3_OST1A,35.1275394175642
Q9SG79_SUN2,46.4711103444177
Q9SG80_ASD1,49.6589397050065
Q9SGC1_At1g70730,46.6769506671547
Q9SGD6_ADT6,45.1820538778592
Q9SGE0_AXS2,49.0403655925423
Q9SGE9_At1g72550,47.0282908675609
Q9SGH4_PNSL3,44.1315726411423
Q9SGH6_DOX1,50.8898559773418
Q9SGN6_NSL1,37.3803842275412
Q9SGS4_CDSP32,47.5272869212093
Q9SGW3_RPN12A,48.4212475393909
Q9SGY2_ACLA-1,44.0512182932753
Q9SGZ5_BXL7,47.0394229445866
Q9SH69_At1g64190,43.8907322104921
Q9SHC8_PVA12,49.7102059113002
Q9SHE8_PSAF,37.1101983938197
Q9SHH6_GSTU24,48.9217915943034
Q9SHH7_GSTU25,50.5398410582346
Q9SHH8_GSTU26,48.1135713499382
Q9SHI1_At1g17220,47.6582883803424
Q9SHJ8_At1g06550,46.9184569769281
Q9SHP0_PSAT2,45.7948542143126
Q9SHR7_LHCB2.1,39.0545979719786
Q9SHS7_BSL3,50.0797812640668
Q9SHS8_LSG1-1,46.9159188420476
Q9SI20_At2g18110,41.8808654133683
Q9SI61_ASE1,49.9769955647431
Q9SI75_CPEFG,43.9191742244562
Q9SIB9_ACO3,47.0277359124768
Q9SID0_At2g31390,48.4415436969307
Q9SIE1_PAT,41.1143133819661
Q9SIE7_PLAT2,54.2342054896388
Q9SIF2_HSP90-5,44.7420853596866
Q9SIH0_RPS14A,44.7192057729757
Q9SIH1_CYP18-2,44.3933426041477
Q9SIH4_CASP1,52.0308853525451
Q9SII9_DSK2A,50.3881435018652
Q9SIK1_At2g21590,48.3259413855762
Q9SIK2_RPS25B,56.4015848636088
Q9SIM4_RPL14A,37.0266043606114
Q9SIP1_UP3,49.0339324327332
Q9SIT1_TMK3,46.5038655012051
Q9SIU0_NAD-ME1,41.1785974890327
Q9SIU8_PPC3-1.2,44.102695180164
Q9SIV0_SUR1,45.8878361178811
Q9SIV2_RPN1A,53.5242887903559
Q9SIV5_NERD,45.5285005154006
Q9SIY5_RER5,38.432811790732
Q9SIZ2_At2g40290,48.1927900463665
Q9SIZ3_At2g40280,46.4827557581852
Q9SJ40_VPS11,40.7135830744117
Q9SJ44_UEV1C,45.3016277693393
Q9SJ66_SPP2,44.9341514617301
Q9SJ81_FLA7,49.1546909750382
Q9SJA7_At2g24580,44.0151922419798
Q9SJD4_LACS8,43.2192496159123
Q9SJE1_CHLD,41.4316943004891
Q9SJF1_LSG1-2,40.5951102733102
Q9SJH7_CSY3,42.3260455687355
Q9SJI9_PCO4,54.8538562352395
Q9SJL8_METK3,42.2567059538246
Q9SJQ9_FBA6,49.6812427415995
Q9SJT7_VHA-a2,49.070656172611
Q9SJT9_At2g21390,36.6408881492895
Q9SJU4_FBA1,50.7120248298411
Q9SJU9_GC1,44.809323272865
Q9SJV5_TATC,37.5081097165654
Q9SK50_TIC55,59.4516131119552
Q9SK66_At2g20360,40.6362950886912
Q9SK82_UGT85A1,46.1751260710762
Q9SK87_At1g22440,45.5902436123922
Q9SKC1_UGT74C1,44.7244659399538
Q9SKC5_UGT74D1,43.8492677745095
Q9SKE2_JAR1,39.2205523085181
Q9SKK4_GSL-OH,44.2515478469579
Q9SKP6_TIM,50.7723448925205
Q9SKQ0_CYP19-2,45.4930218035579
Q9SKR2_SYT1,45.9645579388432
Q9SKT0_THF1,45.1128991812241
Q9SKX4_RPL3A,37.2474220813597
Q9SKY8_HSP70-8,46.8781211780524
Q9SKZ1_PURA1,50.3303315475855
Q9SL05_PGR5,41.9383216944108
Q9SL48_SLY1,46.3558204773944
Q9SLA8_MOD1,45.1976992115144
Q9SLK0_ICDH,46.7037177325608
Q9SMM9_CXE13,51.7366171682663
Q9SMN0_CXE12,44.6600332699644
Q9SMN1_GAMMACAL2,50.6298779403472
Q9SMP0_NFYC1,48.6647060415445
Q9SMQ6_RABA4B,40.4423889488789
Q9SMR2_TFCC,44.2587028277882
Q9SMT7_AAE3,40.7135366304679
Q9SMX3_VDAC3,40.5945452713806
Q9SMY7_PME44,49.3913550274838
Q9SN58_UGE5,50.9904203541606
Q9SN86_At3g47520,43.075517957616
Q9SNB8_SCL30,50.9902746454235
Q9SNC3_FLA4,49.4874994792883
Q9SP02_CYP20-1,43.6667890557181
Q9SP08_RRP41,45.9624330749182
Q9SPE5_GSNAP,44.8927910632111
Q9SPE6_ASNAP2,48.3108593025899
Q9SPK5_THFS,45.1921814572433
Q9SQG2_APY1,44.9087368039688
Q9SQI8_LTA2,50.632113246848
Q9SQR2_ChlADR2,45.9687755613255
Q9SQR3_D14,39.927087122685
Q9SQR4_At3g03980,45.8214801483504
Q9SQT8_EMB3004,48.789770874091
Q9SQU4_At3g06410,44.5791407016098
Q9SQZ1_RPS17C,38.0376708254586
Q9SR06_CLPS3,40.3050653929578
Q9SR15_At3g04600,46.2530874395922
Q9SR19_RAF1.2,42.9032992687375
Q9SR36_GSTU8,52.8711110591223
Q9SR37_BGLU23,49.5600408093807
Q9SR70_FKBP16-4,52.8926058915482
Q9SR92_STR10,38.8049167690859
Q9SRD4_IGMT5,40.8233026341511
Q9SRE0_COG0212,44.0086302910089
Q9SRH5_VDAC1,41.5941126835756
Q9SRK6_RPL37AB,51.5594035239086
Q9SRM5_CPRD49,45.6590939403987
Q9SRS5_RABA5B,42.1146706249705
Q9SRT9_RGP1,48.1479264982547
Q9SRU7_At3g02320,41.8926051341414
Q9SRV5_MS2,46.4964279732308
Q9SRY4_LPA1,42.9529777410959
Q9SRZ6_CICDH,49.3949097440225
Q9SS17_RPS24A,37.8464871500665
Q9SS38_GYRBC,39.7653521376967
Q9SS44_TFIIB2,47.4768847754406
Q9SS48_SDP6,48.7508447107502
Q9SSA5_CYP38,44.0136921318632
Q9SSB4_RPT1B,41.0818440292488
Q9SSB5_RPT1A,45.5706211018704
Q9SSE7_ADT2,42.0971612025849
Q9SSK7_MLP34,48.8974807894395
Q9SSK9_MLP28,40.8618295825576
Q9SSL9_PEPR1,65.8972987643569
Q9SSM4_CHMP1B,43.5689431298176
Q9SSN3_TIR,39.4135591163463
Q9SSP5_TS2,46.6807378238542
Q9SSQ9_PLDALPHA2,58.729068751891
Q9SSS9_ATPD,43.8247518887033
Q9ST43_PH1,47.5383347751598
Q9STE8_TOC75-3,41.4658842295683
Q9STF2_PTAC16,40.684329867408
Q9STF7_SBT4.6,47.9651680852834
Q9STG9_ASE2,47.2978016563548
Q9STH1_HOP3,45.3042436740347
Q9STN3_At4g08350,45.6008909242767
Q9STS1_ALDH10A9,46.4939011298581
Q9STU3_MAG2,38.2460226713157
Q9STV0_GWD2,50.0140534131425
Q9STW6_HSP70-6,49.4192223674912
Q9STX2_VEP1,46.5674884154389
Q9STX5_HSP90-7,45.4312498340958
Q9STY6_RPS20B,48.8396527679946
Q9STY8_HSD2,50.1552382448544
Q9SU08_AUXI1,46.7225358217434
Q9SU13_FLA2,57.7625108171379
Q9SU40_SKU5,46.0513938200233
Q9SU56_GLDH,45.9343009415489
Q9SU63_ALDH2B4,53.6264186129274
Q9SU79_PAO5,42.9254335701052
Q9SU94_PRMT11,43.4291610600462
Q9SUC6_FAD-OXR,51.4017417498135
Q9SUI4_PSAL,39.8075407430925
Q9SUI7_PSAH1,55.6195837455284
Q9SUM3_ATR2,44.0605099793006
Q9SUR3_RTNLB1,44.6075738738602
Q9SUR6_CORI3,49.6375381071625
Q9SUS9_RDL5,46.0762780379431
Q9SUT2_PER39,45.3079553190723
Q9SUT5_SGT1B,48.4824059664016
Q9SUT9_RTNLB2,43.8991018734421
Q9SUU5_QCR7-1,46.6563745783192
Q9SUV1_BT1,35.3429332227309
Q9SUW2_APT3,39.2566771461522
Q9SV21_At4g31480,39.0855710705681
Q9SV64_FATA2,50.6210393877872
Q9SV68_CEQORH,47.3969558512626
Q9SVA6_DRG3,41.2847171826196
Q9SVC2_SYP122,45.0583005365013
Q9SVD7_UEV1D,44.5472732903474
Q9SVG3_At4g20840,47.5028490554167
Q9SVG4_At4g20830,53.8246069293969
Q9SVN5_At4g13780,42.7609907119355
Q9SVP6_PRR2,42.5537390466631
Q9SVU5_At4g28780,41.288374318648
Q9SVW8_PIRL4,51.4552260529757
Q9SVZ6_RPP3A,45.3980610992537
Q9SW09_RPS10A,48.2426945074241
Q9SW18_CHLM,37.1954168979476
Q9SW33_At4g24930,41.5092441305036
Q9SW95_SYNC2,43.9708163746847
Q9SW96_SYNC1,46.6282757942351
Q9SWG0_IVD,46.5328427588596
Q9SX52_FYPP1,43.7361777310484
Q9SX65_DHNAT1,53.8525929056959
Q9SX68_RPL18,42.0410635053591
Q9SX79_RBP47C,43.7101331536177
Q9SXA5_SCAMP5,43.5178902273764
Q9SXJ7_CLPC2,42.8224100318323
Q9SXP7_LIP2,44.6606503481601
Q9SY55_ECA3,39.2974918488792
Q9SY97_LHCA3,36.1208819045904
Q9SYD8_DABB1,43.4694752455271
Q9SYG7_ALDH7B4,46.8410477126018
Q9SYI0_SECA1,41.350839473746
Q9SYM4_TPS1,40.6495779056937
Q9SYM5_RHM1,35.3975114345313
Q9SYP2_PFP-ALPHA1,42.2689659410537
Q9SYT0_ANN1,50.4523151539187
Q9SZ11_GDPDL3,53.0033131565015
Q9SZ15_LIP5,40.2612998753407
Q9SZ30_HISN4,46.5791218365503
Q9SZ58_BAT1,46.1158067455151
Q9SZ63_NUDT14,59.6553504010704
Q9SZ83_At4g09670,53.3302664861258
Q9SZA3_TIF3K1,52.2169706801456
Q9SZB2_TIC22,46.4721507937924
Q9SZB9_PER47,45.3688855787141
Q9SZD4_RPT2A,47.4280024878204
Q9SZE1_At4g29120,53.2547867262292
Q9SZH4_PEP,46.6596738780259
Q9SZI2_,51.6963106927816
Q9SZJ5_SHM1,50.7718181653998
Q9SZN1_VHA-B2,47.024612327111
Q9SZN7_HIPP26,40.5302745205101
Q9SZQ5_VIP3,50.6733310573786
Q9SZU7_KAI2,49.2783338691867
Q9SZV3_MitHPPK/DHPS,44.6790889675179
Q9SZV5_SBT2.6,48.5624148692813
Q9SZW7_At4g30140,37.8908889538852
Q9SZX3_At4g24830,50.6134305879931
Q9SZX9_RPL9D,36.2981161293157
Q9SZY1_At4g10480,49.4804184712649
Q9T017_DIR13,45.4613067242199
Q9T019_DIR14,46.2231212041096
Q9T029_RPS25E,40.04558468169
Q9T034_At4g39280,45.6404583303053
Q9T041_TOR1,47.9620319668093
Q9T043_RPL14B,38.4829480279555
Q9T053_PLDGAMMA1,38.4812689434356
Q9T074_PCKA,51.2304465907446
Q9T091_VPS26B,44.2690518488835
Q9T0A0_LACS4,39.9476908801673
Q9T0A7_UGE2,44.0750873318009
Q9T0G2_CYTC-2,41.5411333326885
Q9T0I8_MTN1,47.114467723434
Q9T0J6_At4g38890,39.2149617603833
Q9T0K7_At4g13360,50.1664991391255
Q9T0P4_GLU2,50.3027290166784
Q9TVL3_cdk-9,37.8483218205092
Q9TVM2_emb,41.5220281791293
Q9TVP3_jdp,45.3093202067159
Q9TVQ5_spt4,41.4765417074314
Q9TW45_par-1,42.1021231981455
Q9TW67_png-1,34.781752935162
Q9TXJ0_cmk-1,35.7078168165119
Q9TXK1_CELE_F54E2.1,45.1842447558464
Q9TXQ8_CELE_D1007.8,47.4885948520991
Q9TXR4_msh-2,39.2044017933096
Q9TXT9_bcmo-2,40.480020291388
Q9TXV5_tsen-54,41.9485975183987
Q9TXV7_F52C12.1,37.3628014053832
Q9TY03_frh-1,43.9254041656702
Q9TYL9_copb-1,46.9437587698085
Q9TYM6_Y48A5A.1,43.9325497428134
Q9TYN2_CELE_Y37E11B.5,42.1577253752495
Q9TYP3_CELE_H14E04.4,44.457838065595
Q9TYS4_smp-2,40.3044994949249
Q9TYT3_shc-1,40.6191452863711
Q9TYT4_cutl-20,49.0654112280151
Q9TYU4_CELE_VC5.2,48.4339913709804
Q9TYV3_CELE_W07E6.2,48.820008810025
Q9TYW7_grd-3,43.9758268265811
Q9TYX1_dpf-5,44.8757004002666
Q9TYY0_CELE_M57.2,45.5865004269437
Q9TYY8_CELE_H34C03.2,37.0909798526526
Q9TYZ0_CELE_H20E11.2,40.9805272485813
Q9TYZ1_CELE_H20E11.3,41.8504626729524
Q9TYZ4_CELE_H35B03.1,36.9051522690026
Q9TZ21_fbxa-54,46.1132604342894
Q9TZ47_cbn-1,43.7076181001751
Q9TZ58_CELE_K01A2.5,44.8750184321861
Q9TZ63_CELE_F56F11.2,39.6094052686428
Q9TZ65_CELE_F56F11.4,36.0138615077569
Q9TZ69_ubc-20,45.9717510045126
Q9TZ88_CELE_F54D10.5,47.8027530189448
Q9TZ93_spt-4,40.4230438787993
Q9TZA0_klo-2,41.7127565956871
Q9TZB0_C40A11.4,41.090806685288
Q9TZC4_pat-4,34.8563213624431
Q9TZC6_CELE_Y59C2A.1,45.705581356272
Q9TZC8_CELE_Y71H10B.1,44.6678856993591
Q9TZF2_chil-24,40.9622822365106
Q9TZI2_ztf-4,41.1755812594255
Q9TZI7_acs-16,32.6735348372618
Q9TZL8_pfk-1,48.5450987789031
Q9TZM9_tag-343,42.459737184947
Q9TZN1_arch-1,44.298843942753
Q9TZS5_cct-7,48.8973728565325
Q9U1H9_sbr,41.8588071584608
Q9U1M2_CG32795,40.9334590404374
Q9U1Q1_ubc-14,38.7846869229145
Q9U1Q2_gpi-1,40.7681626400108
Q9U1Q3_cyn-15,38.0004020016513
Q9U1Q4_vrs-2,34.7936499906951
Q9U1Q5_CELE_Y87G2A.2,42.5918798967451
Q9U1Q7_emb-4,39.5947346979066
Q9U1Q8_CELE_Y80D3A.9,35.4159920533664
Q9U1R7_arx-3,40.4793921199125
Q9U1U3_CELE_Y69H2.7,37.7740332103941
Q9U1U4_ubc-19,42.3321503910577
Q9U1V9_dnj-29,41.7989100462228
Q9U1W1_tfg-1,50.8845623152332
Q9U1X0_CELE_Y62E10A.6,36.4660614697138
Q9U1X7_mau-8,53.4415967584766
Q9U1X8_CELE_Y62E10A.2,50.5671544899199
Q9U1Y9_skr-4,51.2878798515142
Q9U1Z4_CELE_Y60A3A.9,39.22483344769
Q9U203_CELE_Y57G11C.9,37.8759121744427
Q9U210_CELE_Y57A10A.27,46.2193912211772
Q9U221_ung-1,32.8517949876498
Q9U235_CELE_Y56A3A.28,46.5870386736238
Q9U238_trap-4,40.585135075578
Q9U266_hda-10,43.4739129648037
Q9U283_CELE_Y48G10A.3,41.5015420189723
Q9U287_CELE_Y48C3A.20,37.5061380954797
Q9U294_CELE_Y48B6A.13,37.4099776938494
Q9U296_men-1,36.9725406359844
Q9U299_xrn-2,38.3467208849187
Q9U2C3_rab-35,37.4206829128474
Q9U2D2_cku-70,43.3690564343189
Q9U2D5_CELE_Y46G5A.29,42.7051330210784
Q9U2D9_gsy-1,42.45293942647
Q9U2E4_bcmo-1,42.3852556490025
Q9U2F5_tiar-2,42.4344516719147
Q9U2F6_vps-2,46.7273942749724
Q9U2G0_snrp-200,41.3796357932705
Q9U2G6_CELE_Y43F8A.2,53.4523961097939
Q9U2H9_eef-1B.2,45.4925798563762
Q9U2I4_CELE_Y41C4A.9,37.4703055694993
Q9U2K8_abce-1,47.0173792450127
Q9U2L2_mlt-3,37.1605887698765
Q9U2M7_ndx-4,50.5916851181752
Q9U2M8_Y37H9A.3,40.7746339764154
Q9U2P3_pap-1,37.1142743329784
Q9U2Q8_fkb-2,51.8858716138729
Q9U2Q9_gsk-3,41.7764904443987
Q9U2R0_Y17G7B.18,36.7968151316592
Q9U2S4_arf-6,35.3967760046588
Q9U2S6_cyn-13,37.9947248436306
Q9U2U0_uaf-2,33.6522906354399
Q9U2U3_CELE_Y116A8C.27,39.1875334812146
Q9U2V9_map-2,47.9779718309265
Q9U2W9_sld-5,44.6147369087874
Q9U2X0_prmt-1,39.9349823469921
Q9U2Y2_cdkr-3,34.0408915516597
Q9U2Z1_sec-23,39.9428527452306
Q9U300_CELE_Y106G6H.5,40.4383762072811
Q9U302_pab-1,38.2903134952548
Q9U325_mef-2,42.1921562311351
Q9U334_unc-59,34.0124985928848
Q9U354_vps-25,38.5332863375149
Q9U367_CELE_T16G1.9,37.788947290414
Q9U368_CELE_T16G1.7,36.5242824070277
Q9U370_pis-1,33.489717893216
Q9U384_CELE_R10E8.6,43.7443756272418
Q9U388_CELE_R102.8,40.7342523756491
Q9U3B4_mam-3,44.3807087829209
Q9U3C8_dcn-1,37.649793729136
Q9U3F2_dna-2,41.908767326934
Q9U3F8_aagr-3,46.9322010248194
Q9U3K2_CELE_F10B5.8,49.1277505304198
Q9U3K7_dpt-1,46.6787068432737
Q9U3K8_CELE_E01B7.2,39.1036114198598
Q9U3L4_C47B2.9,40.0354120076181
Q9U3L5_C47B2.2,39.894898998
Q9U3M0_C46C2.5,46.8448962893609
Q9U3M2_efn-2,46.0432524813288
Q9U3P9_alkb-8,36.1986032446944
Q9U3Q0_mrps-22,39.3920735693903
Q9U3Q1_pptr-2,35.1939730524965
Q9U3R0_C08F11.12,37.6959773889747
Q9U3S5_mut-16,40.3455938087523
Q9U3V9_xmas-2,40.6778853756086
Q9U3W6_mab-21,39.6912273302293
Q9U3Z7_hoip,48.4731214301968
Q9U489_lin-41,41.4016301337538
Q9U4F3_Surf1,40.1915541684735
Q9U4G1_bdl,44.1557176238465
Q9U4L6_Tom40,41.2929628830984
Q9U5C1_CELE_F43C11.7,53.2191856852197
Q9U5H3_klp-11,38.1128498758682
Q9U5L1_Gtp-bp,40.2800379903534
Q9U5W9_Taf10,51.4348062651637
Q9U6L5_Ebp,43.2164650925303
Q9U6M0_ECSIT,37.4450764071983
Q9U6P6_rnh-2,36.746195389109
Q9U6Y9_csul,40.6566458802918
Q9U7E0_xnp-1,36.1353976376233
Q9U9I9_dyn-1,37.6441705316918
Q9U9P7_rdgBbeta,46.5431197361672
Q9UA63_mrpl-30,37.5970419212823
Q9UAN9_nra-4,45.5351608611982
Q9UAS6_cmtr2,35.884745049852
Q9UAT1_CELE_D2063.1,43.3111077774311
Q9UAV3_ubh-1,43.2005619632545
Q9UAY9_rpac-40,42.943847624178
Q9UB00_gba-4,52.7866099305877
Q9UB38_K06H7.4,37.9379704631057
Q9V333_Kdm4A,43.149352370393
Q9V345_CSN4,40.0416922913955
Q9V359_Vps28,39.9694602115633
Q9V3A4_Catsup,43.8900128914847
Q9V3A6_Ero1L,43.8263323376583
Q9V3B6_c12.1,56.2672932989689
Q9V3C0_abs,41.204848491432
Q9V3C1_Vhl,37.8197068107189
Q9V3C5_Rich,38.2093063391132
Q9V3D2_Coprox,48.0203285455579
Q9V3D4_Idgf2,43.2777631991301
Q9V3D6_Cpsf100,45.2740157930037
Q9V3G1_RpL8,37.5526291631789
Q9V3G3_cyp33,43.1501103196055
Q9V3G6_Not10,38.2694154556418
Q9V3G7_Rpn7,42.5021291002282
Q9V3H2_Rpn11,49.097284957784
Q9V3I5_JIL-1,37.5092277844909
Q9V3J1_VhaSFD,44.2751010944355
Q9V3J4_Sec13,44.0497851413095
Q9V3J8_wds,41.5223880530769
Q9V3K3_rept,46.3556326985237
Q9V3N1_Spn27A,46.3316951948272
Q9V3N8_l(2)35Bc,40.8854941078674
Q9V3P6_Rpn2,46.5025177027772
Q9V3Q6_Tak1,39.739596514838
Q9V3S9_bgm,43.8296294599268
Q9V3T9_dare,37.2873549233182
Q9V3U2_NHP2,56.5066120873975
Q9V3U9_slmo,42.0777634909763
Q9V3W0_UK114,42.6989914749751
Q9V3Y2_CIAPIN1,44.8382653221292
Q9V3Z2_Sp7,39.1988242851989
Q9V407_Axn,41.7568376936744
Q9V412_CG16865,40.1198855791214
Q9V429_Trx-2,43.8191011970413
Q9V431_Aac11,40.1916403184709
Q9V438_CaBP1,45.4617085965021
Q9V439_MED22,45.0552547592726
Q9V447_Kr-h2,38.0707457474809
Q9V460_Spt5,40.7898157632062
Q9V461_Mcm6,43.0495701373368
Q9V468_CG9776,42.2060836462351
Q9V498_Cals,43.750701646906
Q9V4A7_PlexB,43.4271798565735
Q9V4C8_Hcf,41.3675772617149
Q9V4F9_MED26,43.0549713302954
Q9V4M2_wech,41.00104068076
Q9V4P1_scra,42.9501730304277
Q9V4Q8_U2A,42.2641926751314
Q9V4S8_CSN7,40.862531495315
Q9V4W1_GLE1,42.6628912690601
Q9V558_Cyp4p1,41.5945102159737
Q9V564_CG1968,42.7731871597797
Q9V576_wun,44.711539848966
Q9V595_Updo,44.8851017455407
Q9V5E1_Pal1,40.4224985546278
Q9V5P6_CG7637,55.0202301049167
Q9V637_PI31,43.4698955774418
Q9V677_CG8858,39.0200866511761
Q9V6B9_Nup54,44.5625779708574
Q9V6G5_Taz,39.4285396927667
Q9V6K1_TppII,52.0425864480316
Q9V6L0_Kdm4B,40.6284028029102
Q9V6U8_Uba3,43.672959194849
Q9V6U9_CG16935,38.2670392082006
Q9V6X7_O-fut1,45.0105517458613
Q9V6Y3_mRpS16,46.9321293464852
Q9V719_Sin1,43.6439261289246
Q9V726_Cpsf160,49.2997345984459
Q9V727_Asx,46.132710440331
Q9V751_AttB,43.0981315917408
Q9V770_Cyp6a17,43.9149492621
Q9V773_Cyp6a20,46.1627028178208
Q9V774_Cyp6a21,42.4472495161023
Q9V784_CG7639,40.7341453665479
Q9V785_pcs,45.7913980088447
Q9V7D2_Vha36-1,40.9663792558602
Q9V7H4_CG8370,44.3527575520103
Q9V7N5_Vha44,46.5882114633985
Q9V7Y2_Sply,48.8856121784616
Q9V813_Mtap,41.5011839072451
Q9V831_APC10,47.3692489680093
Q9V853_lack,38.5308974032177
Q9V877_sub,35.5378063797693
Q9V895_Anp32a,44.8061752036839
Q9V8I2_CG5189,41.1555237420211
Q9V8K2_Sec6,34.9662811152314
Q9V8M2_Cyp12b2,38.642541691439
Q9V8M5_CG15093,44.2796668216858
Q9V8P9_Topors,41.7592465398966
Q9V8R9_cora,41.8726284587074
Q9V8W3_Rep,44.1120680389526
Q9V968_CG30152,40.9557899960517
Q9V979_Cyp6u1,39.3432937319569
Q9V998_ubl,45.4637543655884
Q9V9E3_CG3107,47.4485846816636
Q9V9J3_Src42A,44.1306863130937
Q9V9S8_FeCh,40.2902525092001
Q9V9U4_nero,44.2844077224532
Q9V9V9_CG11539,38.7362876586527
Q9V9W8_pygo,45.1834799789371
Q9V9X4_CG11334,43.6888458682786
Q9V9Y9_spn-F,55.0084069233476
Q9V9Z9_CG1542,56.9726916993202
Q9VA00_Zwilch,39.9084657427261
Q9VA02_CG1544,46.9136861499357
Q9VA37_dj-1beta,45.0000976600331
Q9VA70_CDase,47.9365326016402
Q9VA73_aralar1,37.5619486899835
Q9VAC8_Sas-6,41.1064226540206
Q9VAD6_Cog7,43.8151433758613
Q9VAF0_Zip99C,40.9349369275599
Q9VAG4_Vps16B,36.8099834247132
Q9VAH9_IntS11,42.0797263392039
Q9VAI0_CG1969,40.2487439143313
Q9VAJ4_Obp99a,51.2626185868481
Q9VAL0_Spase12,46.064202377119
Q9VAM9_Mesh1,46.5277020216169
Q9VAN0_CG11899,41.2321361595396
Q9VAN6_Slbp,46.0357128172501
Q9VAP2_dgt6,43.5883009891025
Q9VAP3_CG11880,44.3355659292589
Q9VAQ5_CG11837,42.8139557794975
Q9VAQ7_Slu7,44.3065496673394
Q9VAT2_CG1523,39.1088835946389
Q9VAU9_Noa36,39.8019837413785
Q9VAW5_larp,43.4625562009742
Q9VAY3_mfrn,41.5835715192493
Q9VAY7_CG12259,45.2529023044369
Q9VB08_Sce,43.3939650734592
Q9VB14_RpS10a,45.6586002177674
Q9VB25_Klp98A,38.8964899613546
Q9VB62_DNApol-alpha73,47.7383405716893
Q9VB98_CG5521,44.3121457830179
Q9VBB3_IntS12,46.0218579628294
Q9VBG6_CG6073,38.7526207686338
Q9VBP9_Npl4,41.8663587099676
Q9VBQ9_MED28,42.9907012718752
Q9VBV5_CG10420,46.1702608589412
Q9VBX1_Clbn,39.6613973928075
Q9VBX2_Mocs2,41.7725188633785
Q9VBY8_stac,39.2163614501592
Q9VC27_nct,46.7787716337079
Q9VC45_asp,42.5279038939787
Q9VC49_Rpb10,53.1518876669248
Q9VC57_atl,38.5624557176637
Q9VC61_CG13624,42.1642479367185
Q9VC99_CG6364,41.0428369957946
Q9VCA5_beta-PheRS,44.9110152418727
Q9VCA8_mask,41.6595726985228
Q9VCC0_CHORD,42.6724526420286
Q9VCD0_GatB,35.2724288102827
Q9VCE6_Ime4,44.249737890853
Q9VCE8_CG33108,40.9889795698841
Q9VCG3_CG13601,39.5896463444108
Q9VCG4_Ndc1,42.7818150702971
Q9VCI0_CG10214,40.6405256402703
Q9VCI3_Lsd-1,45.7819585188502
Q9VCK2_GILT3,45.5725269614653
Q9VCP0_EloA,44.2568210245303
Q9VCP1_CG4449,39.8124922967696
Q9VCU7_vret,42.9236632265332
Q9VCU9_Dcr-1,40.4777398602524
Q9VCW1_Cyp6d4,41.4098020369694
Q9VCX1_loco,39.6717743117048
Q9VCY3_CSN6,40.085087498013
Q9VCZ8_Pfdn5,45.9564805309908
Q9VD09_pinta,41.0540371127845
Q9VD25_CG5380,40.6711204703904
Q9VD26_CG5382,44.3033473370281
Q9VD51_pit,38.6075977751251
Q9VDD1_CG5862,47.1366937671807
Q9VDD7_meigo,42.0572247978844
Q9VDD9_CG7009,44.8587774512367
Q9VDE6_Sec15,40.1217194138443
Q9VDL1_CG5412,43.3177006067188
Q9VDQ7_psidin,39.8674806008902
Q9VDR1_MED25,42.1472553693808
Q9VDS5_RhoGAP92B,40.3377036322004
Q9VDT6_CG11447,41.0165992914349
Q9VDV3_Nup58,47.1253914272775
Q9VDW6_Dys,40.0905775580518
Q9VE00_Cyp12a4,42.1621766024237
Q9VE09_gatA,36.3976622632905
Q9VE11_CG14286,41.3461849945016
Q9VE34_CG14299,43.0768795623861
Q9VE50_Gos28,42.5961078827186
Q9VE51_Cpsf73,48.0385909163407
Q9VE86_WRNexo,36.1425370519859
Q9VEA5_Rpb4,45.6455833522379
Q9VEC1_MED17,41.0006286291342
Q9VED0_CG7218,47.5725278989445
Q9VEG9_nrm,39.0216703838135
Q9VEJ2_l(3)07882,44.7518831027329
Q9VEN1_cher,46.202094296778
Q9VEP1_CG5220,39.0909704225779
Q9VEX5_Asun,36.7101440891014
Q9VEX6_bor,39.0398479085143
Q9VEX9_Bin1,39.0873517683455
Q9VEZ3_msps,41.5158636501311
Q9VEZ5_ird5,38.109034519092
Q9VF08_blp,45.4476947692671
Q9VF36_Acyp2,43.2958972301592
Q9VF71_CG6136,44.6689088777329
Q9VF78_ldlCp,39.7620896262197
Q9VF87_Sra-1,43.0984080236572
Q9VFB2_mRpS10,48.6424850709647
Q9VFC2_Spn88Ea,43.2496090095879
Q9VFC8_GlyS,39.1360169034009
Q9VFG8_kibra,41.0619342348595
Q9VFJ2_mRpL11,43.5888107158861
Q9VFL5_Aats-met-m,41.4937297180562
Q9VFM9_twf,44.6805569323113
Q9VFP1_Cyp6d5,40.4420375240137
Q9VFR0_CG9286,41.9169935470912
Q9VFS5_flfl,40.0244782620066
Q9VFS8_CG9588,48.2858524714669
Q9VG09_yellow-f,42.5010889811771
Q9VG73_CG5641,44.7646830075055
Q9VG74_NANS,39.9444366131483
Q9VG76_CG17202,52.5093321328314
Q9VG82_Cyp9f2,37.0709409264116
Q9VG96_GstD4,41.543269296012
Q9VG98_GstD2,45.5749882252097
Q9VGC3_CG4848,41.3084581994935
Q9VGG5_Cad87A,43.3463257188047
Q9VGH7_ClC-a,41.0767550735853
Q9VGI8_Blm,45.9189855424643
Q9VGP6_mgr,45.9901856445737
Q9VGR2_CG17726,36.7618437576138
Q9VGS2_Tctp,44.2266504350917
Q9VGW6_Mcm5,41.9182797634276
Q9VGY5_CG14683,45.355907389302
Q9VGZ0_Cyp12e1,37.6819764962624
Q9VGZ1_CG6345,39.0666778350885
Q9VH07_pont,46.4173074054317
Q9VH38_mtTFB2,34.7999398988447
Q9VH39_CG11722,43.9904836468884
Q9VH69_RpS29,57.9602287169041
Q9VH89_dmt,43.004043244251
Q9VH95_CG16817,42.672485211246
Q9VHA0_Scm,40.543176935143
Q9VHB3_CG16790,41.071510041491
Q9VHB6_CG9393,40.6766594197539
Q9VHF2_CG18473,45.7399865807879
Q9VHH7_Ada,43.0510806118416
Q9VHH9_Kdm2,38.5018097197355
Q9VHN5_CG9773,39.1237212624599
Q9VHP0_bel,34.1819783413467
Q9VHR6_Atg13,43.3394847328044
Q9VHR8_DppIII,43.0393642522
Q9VHS2_COX7A,41.044972801411
Q9VHS8_eIF4AIII,40.3694616393286
Q9VHU1_CG9630,39.9895545678432
Q9VHV5_Gie,39.4215468084741
Q9VHY5_Taf7,50.9443660817578
Q9VI10_SmD2,48.3075044127787
Q9VI55_Ufl1,36.3381926088951
Q9VI58_Tailor,38.6403663610553
Q9VI75_lap,45.4674384385706
Q9VI82_CG1234,35.4218062934705
Q9VIE6_Mcm10,48.6254550815125
Q9VIF0_CG9246,43.5747441231174
Q9VIF1_Nbr,43.0006435010796
Q9VIK9_CG2614,35.7607325378825
Q9VIL0_brun,39.1722699115126
Q9VIM5_Arpc2,47.7230471313617
Q9VIP0_nesd,40.6229865586189
Q9VIP8_vls,42.6872468630158
Q9VIS1_CdGAPr,43.3626060590857
Q9VIU7_CG10166,40.7914562824762
Q9VIV2_swm,43.781997525002
Q9VIV3_CG10189,38.6083325707813
Q9VIW3_RanGAP,41.6543493600622
Q9VIW7_RtcB,45.9883411018328
Q9VJ26_Swip-1,43.4484389582099
Q9VJ33_Nedd8,48.0001130312954
Q9VJ34_CG10428,36.8162318419233
Q9VJ62_CG10341,42.1459600126377
Q9VJ79_Pde11,38.5505796168103
Q9VJ87_ncm,42.1062335343679
Q9VJC7_CG6412,40.7892610798553
Q9VJD2_CG5110,45.7787577206443
Q9VJD3_fws,44.0157963785282
Q9VJE5_CLIP-190,44.0676963858864
Q9VJG0_ApepP,46.6765244206872
Q9VJQ4_l(2)35Bd,38.5359191070774
Q9VJQ5_NC2beta,52.0090165870205
Q9VJY6_RpL24,38.8118791252603
Q9VJZ7_Nnp-1,45.6981646144591
Q9VK33_Sfmbt,40.7091384534494
Q9VK45_Tor,39.5760832885283
Q9VK68_CG6153,45.5764184628708
Q9VK89_CG6388,49.0701704229566
Q9VKB4_CG6712,42.1173522518681
Q9VKB9_Rab3-GAP,43.4677161727583
Q9VKD3_CG12264,38.4728678213073
Q9VKD6_dgt2,42.7458149447192
Q9VKH0_CG6488,44.7235901720181
Q9VKJ1_CG4751,43.3364506353324
Q9VKJ3_Nup160,43.2681916029522
Q9VKJ9_l(2)gd1,42.6153635186713
Q9VKK1_Ge-1,47.5276482394868
Q9VKN7_ial,41.5400553195546
Q9VKQ6_CG6729,42.6192510261983
Q9VKQ9_Dpy-30L1,45.1131493806428
Q9VKV5_holn1,51.8503106786211
Q9VKX4_mRpS7,41.1236691303111
Q9VKY2_Cand1,40.9300769305144
Q9VL00_CG4968,40.0701057119241
Q9VL18_eEF1delta,46.2368682019022
Q9VL31_Ripalpha,46.3851138184401
Q9VL52_SoYb,45.2779386608654
Q9VL63_CG31712,53.8720483902422
Q9VL72_Etl1,37.7519641364799
Q9VL78_FKBP59,44.1433641209629
Q9VLC0_scat,39.8924792574451
Q9VLF6_CG18661,41.6189146819959
Q9VLJ6_Acer,47.1533517771295
Q9VLJ8_CG13090,37.565818927932
Q9VLK2_CG13096,41.9247167874572
Q9VLM5_l(2)k12914,38.1769124562922
Q9VLM8_Aats-ala,41.2495055484332
Q9VLN1_Wdr82,45.302525343032
Q9VLP3_CG7787,46.7560573955832
Q9VLP7_CG7818,43.4148470760829
Q9VLR5_Ssb-c31a,44.5800265609503
Q9VLT1_mon2,43.0356481500428
Q9VLT5_poe,43.9542823972337
Q9VLU0_baf,57.0485697121312
Q9VLU4_Spn28Dc,40.5445669772068
Q9VLU5_Wwox,37.5852054219301
Q9VLU6_Sirup,43.6486466503762
Q9VLV5_SmE,52.3722508593262
Q9VM60_CG3430,38.0148371653615
Q9VM64_ihog,39.8527571735695
Q9VM65_CG10158,52.841035160155
Q9VM71_Rat1,47.774668576797
Q9VM75_l(2)k09022,39.0993097864798
Q9VM95_Aatf,44.7585239773823
Q9VMA2_Galt,44.8217371064324
Q9VMA3_cup,40.2285151746715
Q9VMA7_Tango1,42.8965235770599
Q9VMC8_CG9548,48.4619598921998
Q9VMD9_Tig,41.7134727870225
Q9VMH7_CG9154,41.7938965225193
Q9VMJ7_lid,39.915150137932
Q9VMP9_Oscillin,44.4862670209938
Q9VMQ5_Coq6,44.6744266886276
Q9VMQ7_CG6907,41.5174416106297
Q9VMU4_RpL37A,42.2172741512338
Q9VMV6_CG3887,39.8930365561125
Q9VMW7_CG8891,44.2835405519473
Q9VMW9_Gmd,47.4605562157524
Q9VMX1_CG14043,36.5514508651192
Q9VMX6_Marcal1,40.9378957329745
Q9VMY1_mRpL24,43.9411240127182
Q9VMY9_DhpD,46.7097347402236
Q9VN03_CG9791,40.4222259349688
Q9VN14_Cont,44.5867128451068
Q9VN25_eIF3-S10,40.0564561082987
Q9VN27_CG9804,43.7452006312835
Q9VN45_spartin,38.7821289198294
Q9VN93_CG12163,44.7151724169621
Q9VN95_CG12173,43.1716133260404
Q9VNA4_CG1161,44.4493529189094
Q9VNA8_hd,38.2581270057581
Q9VND8_Rheb,37.6797720756671
Q9VNE2_kra,43.6500163085092
Q9VNE9_RpL13A,43.2815801910303
Q9VNG0_MED27,43.2363430803149
Q9VNH6_Sec8,43.7918126056988
Q9VNI3_CG1218,42.9531037640884
Q9VNV3_Ddx1,41.1340978277071
Q9VNX8_CG7414,42.0835820852708
Q9VP05_MED1,45.7718561789429
Q9VP22_Cdk12,43.6588137799447
Q9VP47_CG7338,37.8826734274067
Q9VP61_AcCoAS,41.8976904852888
Q9VP65_CG12975,40.788945237335
Q9VPC0_Pitslre,43.3360922447327
Q9VPD5_mTerf3,42.2775984614727
Q9VPH2_DNApol-alpha60,40.0953540359779
Q9VPH7_eRF1,44.136240915903
Q9VPK7_Pus10,43.5513558500018
Q9VPL3_mRpL10,44.2520118532317
Q9VPP5_CG13690,37.922630522713
Q9VPQ2_shv,42.3863642372533
Q9VPQ6_ush,43.5700060670975
Q9VPR4_Nle,48.0867748826822
Q9VPT8_Clp,43.9911745470204
Q9VPW1_ast,38.4106979424828
Q9VPY8_Tgt,46.2094395013145
Q9VQ26_CG31935,45.1203851322982
Q9VQ37_Rim2,43.9433800888427
Q9VQ57_Der-1,41.8515084329752
Q9VQ62_Npc2a,44.4778268261747
Q9VQ79_AIF,43.8208799960234
Q9VQ89_mio,46.477635442725
Q9VQ93_sau,38.6698717977594
Q9VQC4_Glyctk,41.511902858202
Q9VQF7_Bacc,47.1904879075286
Q9VQF9_Snapin,43.1341724742292
Q9VQG4_colt,44.5989225075201
Q9VQI9_lilli,53.7796273978489
Q9VQM4_gkt,43.2356008790176
Q9VQN8_CG3326,40.1624584539274
Q9VQQ9_Sec5,39.9039608760177
Q9VQX4_CG3714,42.1868030032787
Q9VQY9_Psf2,42.6966863495725
Q9VQZ6_Elp3,39.2875827754786
Q9VR07_ine,39.7674781688542
Q9VR35_mxt,42.1082839021373
Q9VR56_trmt10a,37.8515446926946
Q9VR59_l(1)G0196,37.7326470747918
Q9VR99_cactin,41.6322342794242
Q9VRG7_Dd,41.4630900037372
Q9VRH6_waw,37.7672745464682
Q9VRI9_Cyp6t1,35.1666426405064
Q9VRJ1_AlaRS-m,40.1900296241312
Q9VRJ2_CG10671,43.2631359283299
Q9VRJ9_CG4603,39.6635990244538
Q9VRL2_Membrin,42.1641471652389
Q9VRP5_scny,43.1719136282088
Q9VRP9_Bre1,41.5707460532278
Q9VRV7_CG13298,48.400154873299
Q9VS34_RpL18,41.9313478950672
Q9VS46_Rint1,37.6973855924526
Q9VS50_eco,47.0781409006724
Q9VS59_akirin,42.9880475678416
Q9VSA3_CG12262,40.8188489959514
Q9VSA4_CG7457,41.4346578900638
Q9VSC1_Srp9,53.9639757169854
Q9VSD7_ldbr,47.9437718144658
Q9VSF3_Ubc12,37.7209876169136
Q9VSF4_CG8005,44.0359469054798
Q9VSH4_CG7185,47.6875089524472
Q9VSH9_CG7083,42.5265487297717
Q9VSJ8_Exo70,41.4720511806556
Q9VSL7_foi,45.1432451739763
Q9VSR3_orb2,43.8271683199674
Q9VSS2_Srp68,40.0838867042751
Q9VSU7_Use1,44.5480426961355
Q9VSY4_CG3967,36.5755383844023
Q9VSZ6_CG3434,44.1892727683713
Q9VT28_fry,41.9378861921523
Q9VT57_Cdk8,40.836746586693
Q9VT65_CalpB,44.499802098117
Q9VT70_nudE,46.5945328553217
Q9VTC4_CG7949,44.6057165074112
Q9VTE0_Blos2,44.9692953328883
Q9VTE5_l(3)01239,49.5473788462922
Q9VTE9_APP-BP1,44.8804980870745
Q9VTF9_Ufd1-like,47.1775726676587
Q9VTG7_GlcAT-P,43.9447333360863
Q9VTJ4_Fuca,50.2885566527309
Q9VTJ8_Tim14,45.3288381421619
Q9VTL1_PCID2,40.2747747169501
Q9VTM0_Pallidin,46.3926202108934
Q9VTM5_mtTFB1,39.2602540568242
Q9VTP4_RpL10Ab,52.1971323792699
Q9VTT9_CG11534,41.1143356984819
Q9VTU3_RhoGAP68F,42.9496362068866
Q9VTV1_thoc6,44.4996164910315
Q9VTX8_CG10616,40.683560903264
Q9VTY6_vih,44.1265744644853
Q9VTZ6_CG10688,46.1623456358514
Q9VU02_SmD1,46.4442960905418
Q9VU58_Nplp2,43.0878610870307
Q9VU65_Poc1,47.3357285771312
Q9VU68_flr,44.4133732898058
Q9VU84_Abp1,45.7083969424611
Q9VU87_Vps36,37.071428552347
Q9VUA0_CG8833,45.093427701916
Q9VUB4_Nprl3,43.4131298809862
Q9VUC6_CG32138,38.9325113651862
Q9VUJ0_mRpL39,40.9780635159011
Q9VUL1_CTPsyn,39.9898765078981
Q9VUM0_Msh6,39.4035223761702
Q9VUQ5_AGO2,46.4921311697466
Q9VUR0_UFSP2,40.9424018421189
Q9VUR3_AIMP2,40.5535351744591
Q9VUR7_CG7650,42.717035218381
Q9VUV9_l(3)72Ab,41.6084408452209
Q9VUW9_Hip14,38.5693483252136
Q9VUX2_mib1,36.8498374809812
Q9VUY0_CG5235,40.2001055174258
Q9VUY8_Strumpellin,44.2557118461719
Q9VV41_CG4933,42.2578402793618
Q9VV43_CG45057,45.0359425786693
Q9VV74_Smn,39.1866444699678
Q9VVA0_CG9705,47.1964473457432
Q9VVB4_CG9951,44.5787471481314
Q9VVE2_rogdi,50.4253504048407
Q9VVG4_Sec3,43.2459889136213
Q9VVH3_QIL1,44.6338014548063
Q9VVI2_Edc3,42.6447946965846
Q9VVI3_Nedd4,42.102313972202
Q9VVI9_Vps60,44.1577159460454
Q9VVN4_mus304,41.4001926263823
Q9VVR4_GNBP2,41.14764539862
Q9VVR9_Cyp12c1,42.1087026994648
Q9VVU5_CSN1b,38.1646566355969
Q9VVW5_Mkp3,38.7710887722538
Q9VVW8_CG10424,48.9524100919601
Q9VVX0_Gem2,39.62931059572
Q9VVX5_nes,38.7002153723728
Q9VVY3_Gbs-76A,43.2413423707897
Q9VW09_l(3)76BDr,39.558813474214
Q9VW12_CG9231,41.3969024679076
Q9VW14_CG14100,40.302366934195
Q9VW26_Oat,41.9151003737068
Q9VW47_kto,43.8687418917175
Q9VW51_Ell,42.6440886261373
Q9VW56_Pfdn6,47.4622556756354
Q9VW97_Su(var)3-3,38.1657745094689
Q9VWA2_CG6951,42.6952403411996
Q9VWA8_FRG1,41.13911040941
Q9VWB0_Pex23,41.9040757126185
Q9VWD4_CG14230,43.723892762236
Q9VWD6_CG14231,42.5467337826927
Q9VWE0_dome,43.1084593619776
Q9VWE6_CG14215,46.0965164853776
Q9VWF2_e(y)3,45.7836995547361
Q9VWH4_l(1)G0156,37.636226349035
Q9VWN5_mindy3,42.6641348669341
Q9VWP4_CG7280,44.2580635807967
Q9VWS4_wgn,43.0224444743977
Q9VWV8_CG6179,40.9257450649269
Q9VWY6_Taf8,48.807240219004
Q9VX25_CG8188,44.1691121766237
Q9VX32_RhoGAPp190,41.6249333585267
Q9VX88_wcy,41.2429717704055
Q9VX91_Ubr1,38.8988231202041
Q9VX98_DENR,51.6706571341851
Q9VXA8_CG9125,42.0789235088059
Q9VXB0_CG9132,44.5643296755527
Q9VXB3_Sap30,38.0003295268977
Q9VXD9_mthl1,43.6852582840054
Q9VXE0_SNRPG,50.5296445580939
Q9VXE5_mbt,43.8523099261301
Q9VXE6_Nup153,47.2409657349108
Q9VXF1_CanA-14F,45.9308840777503
Q9VXG1_hang,45.2720193709942
Q9VXG4_AnxB11,49.6074712893468
Q9VXJ0_Mfe2,41.0667052402146
Q9VXK0_Nipsnap,36.5248402078811
Q9VXK6_eIF5,40.9009262406597
Q9VXN2_sun,47.2988801603203
Q9VXN4_ArgRS,39.4566955415887
Q9VXP4_Paf-AHalpha,44.3904202313038
Q9VXT2_CG7872,38.5678506896359
Q9VXT5_CG9213,42.5706603156798
Q9VXT7_CG7860,46.4287046413438
Q9VY28_mRpS25,43.1618017724218
Q9VY77_jub,43.7113743892248
Q9VYA0_CG9940,40.6002885910023
Q9VYA7_CG2691,41.8769727409781
Q9VYA8_Tango2,39.658922879747
Q9VYB0_BthD,42.1348689257685
Q9VYB7_Tango13,45.1112792349429
Q9VYD1_Set2,39.6016390715729
Q9VYD7_Tim9a,42.5146538909644
Q9VYF2_CG15743,43.2655511584259
Q9VYF8_Coq5,38.0797525737992
Q9VYG1_CG12096,41.549746289759
Q9VYH3_CG2200,43.6882452248402
Q9VYQ8_Usp7,38.973033089135
Q9VYR0_CG15735,41.4450132390428
Q9VYS3_Upf1,47.6051206394041
Q9VYS5_sicily,38.7094464182896
Q9VYV3_prtp,48.5813189742628
Q9VYY2_Spase25,45.3226279331194
Q9VYY9_Evi5,39.0368838728722
Q9VZ08_CG1657,43.435374495186
Q9VZ23_Ran,42.8315160314632
Q9VZ64_CG17333,46.0691295105521
Q9VZD5_mRpS6,46.1214583409742
Q9VZD8_CG15014,45.644746182077
Q9VZE7_CG1311,46.5625646581107
Q9VZI3_Fit1,41.8457127471187
Q9VZM5_CG12006,37.6173557707186
Q9VZM7_IntS10,45.14949164296
Q9VZS3_CG17737,42.8010277447138
Q9VZS5_RpL28,50.7699841646094
Q9VZV5_CG32486,43.2346331212472
Q9VZZ4_Pxn,45.7613114337022
Q9VZZ9_dos,44.0058334036646
Q9W032_ecd,41.649167978969
Q9W058_SCOT,42.0986245909956
Q9W088_CG12018,43.6739821851549
Q9W0C7_CG13926,39.2872908131301
Q9W0E8_CG12084,39.6927298273405
Q9W0G1_Ptp61F,42.1862005121442
Q9W0G6_msd5,47.2493681909866
Q9W0G7_msd1,45.9664057958262
Q9W0H3_CG9186,42.8267981958628
Q9W0I6_Sac1,37.7064450078731
Q9W0P3_MED30,44.475594640154
Q9W0P5_Gale,34.027002984577
Q9W0S8_wac,43.3276420201229
Q9W0S9_DIP2,39.5067729536192
Q9W0T1_E(bx),42.1791496987645
Q9W0Y1_Tina-1,37.0888981906706
Q9W0Y2_CG2811,43.5245024173477
Q9W0Y6_pain,42.7251809768515
Q9W107_TyrRS-m,36.9173955531533
Q9W123_Pof,43.6677764736847
Q9W130_Cyp9c1,39.4019266501997
Q9W141_CG4692,43.2686046551671
Q9W145_Start1,42.2452607843692
Q9W148_uri,44.0617077709858
Q9W197_cN-IIIB,41.0573693940911
Q9W1A2_CG4065,38.6102080103689
Q9W1B0_gek,36.9045234412544
Q9W1F4_thoc5,35.7687033145591
Q9W1G0_Taldo,46.8500396044352
Q9W1H4_DNA-ligI,38.2828019750238
Q9W1I9_shu,38.7404443228095
Q9W1J3_CG5543,44.9816061650547
Q9W1R5_vir,42.2972230307972
Q9W1V3_Fib,39.9955376212166
Q9W1W9_CG9849,44.3550964916646
Q9W1X4_Nup214,43.7377078511074
Q9W1X8_Gmer,40.8256605558065
Q9W1X9_asrij,45.185705798556
Q9W1Y1_EMC8-9,46.67903735998
Q9W223_Cyp6d2,41.9126973053556
Q9W237_RpS16,42.9399736318901
Q9W252_rad50,38.1279710617286
Q9W265_T3dh,44.9900814839051
Q9W266_wdp,46.9295651139626
Q9W2D6_Tim10,46.1838294400963
Q9W2F2_mahj,40.3618334872771
Q9W2H9_Panx,44.5744301785069
Q9W2M2_Treh,49.2553811412864
Q9W2N0_cpa,42.5730486752239
Q9W2P0_dgt3,38.0699948637077
Q9W2Q7_Ipk1,38.003827120575
Q9W2U4_PPP4R2r,48.9471594499355
Q9W303_Idgf4,46.4279875219869
Q9W328_Lst8,42.9368031063849
Q9W334_RpS28b,53.9452136091606
Q9W352_Cfp1,42.1100517870775
Q9W358_ric8a,43.921222083986
Q9W376_CG12056,41.1056386409224
Q9W385_fh,42.8393676724772
Q9W391_CG7766,44.2085571872746
Q9W3C1_l(1)G0020,42.603505546456
Q9W3C7_Ppt1,45.0775188643907
Q9W3E1_IntS4,42.0384458408217
Q9W3F7_Miga,41.6038663726089
Q9W3J5_alpha-PheRS,43.4583998746061
Q9W3K5_Gclc,42.736089643696
Q9W3N6_p115,38.7914581146329
Q9W3R7_Atg5,43.0910058686078
Q9W3Y0_CG3224,44.7313476885118
Q9W3Y4_pigs,43.0491360698872
Q9W401_kdn,46.2299557095866
Q9W415_wuho,44.3906611506591
Q9W420_Spt6,38.3809411286747
Q9W445_MCTS1,40.0493809656115
Q9W462_Usp30,40.9883195152425
Q9W484_CG4078,38.2600243695206
Q9W485_IntS6,36.7182028036835
Q9W4D2_Rnp4F,45.2848105424736
Q9W4M8_dgt4,44.1602381850867
Q9W4M9_Nsun2,43.8992906629237
Q9W4N2_CG6379,38.7585438040878
Q9W4P5_VhaAC39-1,41.7612498339002
Q9W4V8_ttm50,39.2844625236502
Q9W4X9_Zw10,39.1062632513185
Q9W4Z4_Ilp6,41.8779990445703
Q9W517_wapl,45.2876257884891
Q9W552_Vps26,40.3277715265638
Q9W568_hfw,45.579548929095
Q9W589_O-fut2,40.0635389562919
Q9W590_Ns3,36.0068748694893
Q9W5A5_CG3638,46.4843138489425
Q9W5N0_CG13865,44.9894544798243
Q9W5R8_RpL5,39.6785775987624
Q9WTI7_Myo1c,47.24854394864775
Q9WTK2_Cdyl,55.0474495931792
Q9WTK7_Stk11,47.389690073458354
Q9WTL7_Lypla2,51.4804877274129
Q9WTL8_Arntl,53.967439742889596
Q9WTM5_Ruvbl2,50.4674500556311
Q9WTP6_Ak2,55.8537420084019
Q9WTP7_Ak3,50.811693008306
Q9WTR1_Trpv2,49.39880354148785
Q9WTS2_Fut8,50.120698994133846
Q9WTU0_Phf2,48.963959668616596
Q9WTU6_Mapk9,49.7823070754599
Q9WTV7_Rlim,47.582791657063396
Q9WTX2_Prkra,47.6103812705778
Q9WTX6_Cul1,54.5975688028096
Q9WTX8_Mad1l1,48.8308841205036
Q9WU28_Pfdn5,58.3443511259696
Q9WU56_Pus1,44.2418399886911
Q9WU60_Atrn,55.412570582609945
Q9WU62_Incenp,50.2467068189707
Q9WU78_Pdcd6ip,47.4626025054064
Q9WU79_Prodh,42.0413314854309
Q9WU81_Slc37a2,49.283709939798754
Q9WU84_Ccs,57.3668884998928
Q9WUA2_Farsb,47.9468621078023
Q9WUA5_Epm2a,52.4292567286013
Q9WUB0_Rbck1,47.7923122851261
Q9WUB3_Pygm,57.2594346498718
Q9WUB4_Dctn6,62.3307095193507
Q9WUD1_Stub1,45.2993083379374
Q9WUD8_Faim,51.8400494057992
Q9WUH7_Sema4g,54.9644433468536
Q9WUK2_Eif4h,48.2099050843648
Q9WUL7_Arl3,50.5462308657125
Q9WUM3_Coro1b,51.1098430357455
Q9WUM4_Coro1c,54.6445899121454
Q9WUM5_Suclg1,48.5549709299653
Q9WUP7_Uchl5,48.073502769509
Q9WUQ2_Preb,52.4682125407713
Q9WUR2_Eci2,46.4772292211083
Q9WUR9_Ak4,44.4918696728136
Q9WUU7_Ctsz,57.1948593379878
Q9WUV0_Orc5,46.2456544337946
Q9WUZ9_Entpd5,45.1970153115794
Q9WV02_Rbmx,63.7715028558535
Q9WV03_Fam50a,51.8547042142104
Q9WV27_Atp1a4,56.6738428416895
Q9WV30_Nfat5,48.84666765263515
Q9WV32_Arpc1b,58.0734714608708
Q9WV55_Vapa,54.264729372297
Q9WV60_Gsk3b,52.0300910172861
Q9WV68_Decr2,45.0908792013758
Q9WV70_Noc2l,49.891154644644
Q9WV80_Snx1,50.6445956390362
Q9WV84_Nme4,46.8057397411738
Q9WV85_Nme3,53.0135533955211
Q9WV91_Ptgfrn,60.6399058733985
Q9WV96_Timm10b,51.7245676299572
Q9WVA3_Bub3,57.2872714508948
Q9WVA4_Tagln2,50.00292927775095
Q9WVD5_Slc25a15,42.8900028855112
Q9WVE8_Pacsin2,48.485889837475
Q9WVF7_Pole,46.5333114998758
Q9WVF8_Tusc2,53.9744719259686
Q9WVG6_Carm1,53.0630045095356
Q9WVH4_Foxo3,60.0229186386132
Q9WVJ2_Psmd13,48.1831262185148
Q9WVK4_Ehd1,45.4859953403055
Q9WVL0_Gstz1,47.6804910205337
Q9WVL1_Ap4s1,49.0921015374381
Q9WVL3_Slc12a7,47.4448820826569
Q9WVM1_Racgap1,48.85141559710265
Q9WVM3_Anapc7,51.740840719203845
Q9WVQ5_Apip,57.72382038397955
Q9WVS8_Mapk7,43.1904215315131
Q9WX77_,86.4273532901472
Q9XEA0_EMB2369,44.8897836095993
Q9XEE2_ANN2,40.5095961155606
Q9XES1_ECA4,39.774125866413
Q9XF57_PEX7,51.0928363956167
Q9XF88_LHCB4.2,34.8675010702622
Q9XF89_LHCB5,38.3732935586716
Q9XF91_PSBS,38.5707117652158
Q9XFD1_CBP20,45.9273378399635
Q9XFM6_MSBP1,44.6328711025361
Q9XFS7_LTP5,50.3978157033875
Q9XFS9_DXR,44.0264730323094
Q9XGM1_VHA-D,46.4046831594784
Q9XGN1_TTG1,45.5439174386566
Q9XGR4_BALPHA,44.7275297563082
Q9XI36_MBD10,47.0357112714301
Q9XI73_PNSL2,45.2892371249183
Q9XI84_LSMT-L,36.4741776129022
Q9XI90_WRKY4,40.3560306954082
Q9XI98_RABG3E,45.0660219431539
Q9XIE0_FH7,51.3419824603672
Q9XIE2_ABCG36,33.1325697726007
Q9XIF2_MTR4,43.9505942971971
Q9XIF8_GSTU16,53.7864653807077
Q9XIP8_CDI,41.5927593496199
Q9XJ27_RPS9,51.0824705703558
Q9XJ35_CLPR1,46.9772307172873
Q9XTI0_B0250.5,33.6924750215377
Q9XTL9_GlyP,43.5561593554785
Q9XTM1_Sec10,41.009095639445
Q9XTN2_chico,44.6485129118779
Q9XTQ5_gob-1,42.3858643634683
Q9XTR0_CELE_H06A10.1,34.8309997851097
Q9XTT3_scav-3,47.8833178475383
Q9XTT8_pph-4.2,50.9425959237879
Q9XTT9_rpt-6,36.4123197237747
Q9XTU9_glrx-5,39.1251820596771
Q9XTW2_H03A11.1,37.9236181597249
Q9XTW9_mpst-3,44.4211638814352
Q9XTX0_CELE_H12D21.10,37.5997340085965
Q9XTY7_CELE_T03D8.6,42.8794886561561
Q9XTY9_vha-20,44.2853017616785
Q9XU15_hxk-2,33.7151534825552
Q9XU41_C06A12.3,46.3928626063075
Q9XU67_rbd-1,40.6715456551006
Q9XU81_trpp-6,42.7395713935313
Q9XU84_uda-1,37.3600774100063
Q9XUC0_CELE_T28F3.8,53.5843856333793
Q9XUD6_CELE_F55G11.8,45.3821991116933
Q9XUD8_CELE_F55G11.2,49.3347141443187
Q9XUE6_F52B11.2,43.2252782518428
Q9XUF0_CELE_F52B11.5,45.2687660989808
Q9XUH3_dod-24,47.0283031891545
Q9XUN8_CELE_T20B3.1,35.7136013559076
Q9XUP2_CELE_T16G1.6,34.180213947823
Q9XUP3_eif-3.K,40.3978487615828
Q9XUP4_pqn-68,53.5998959797478
Q9XUP7_CELE_T16G1.4,37.3473862513976
Q9XUR3_CELE_T05F1.9,39.6561599164057
Q9XUR4_CELE_T05F1.2,42.2107814677041
Q9XUT0_dbn-1,33.3063356745931
Q9XUT5_CELE_K08C9.1,40.9802831183593
Q9XUT6_CELE_K08C9.2,35.7853652413633
Q9XUU8_CELE_K05C4.5,41.1052641807847
Q9XUV0_pbs-5,48.6560302938007
Q9XUW5_ddx-17,34.8293736968547
Q9XUY0_CELE_F56G4.6,40.7890888941727
Q9XUY2_aakb-1,42.0615000058962
Q9XUY4_CELE_F55F3.2,48.3434757615888
Q9XV44_set-10,44.6305007829383
Q9XV52_gfm-1,33.6107324406329
Q9XV91_clec-42,52.4016257755878
Q9XVA8_CELE_F01D5.6,46.9484948495693
Q9XVD6_C24H11.2,43.2733996281212
Q9XVE1_clec-48,42.411542426803
Q9XVE8_C04F12.5,38.9292256175548
Q9XVF1_C04F12.1,39.9141222202589
Q9XVH6_rpb-11,40.3324539938065
Q9XVK5_ubc-12,50.1907188563182
Q9XVL8_ccz-1,45.1855122208099
Q9XVM8_CELE_F53F1.6,42.1880763655108
Q9XVN0_CELE_F53B6.7,37.1358032555661
Q9XVN8_CELE_F36A2.2,32.9930197835498
Q9XVQ8_CELE_F11E6.4,39.6689155145988
Q9XVR6_otub-1,42.7364182713172
Q9XVR7_mcm-3,42.580442447494
Q9XVS1_tag-72,47.7844370656015
Q9XVS2_C25A1.4,40.7611978606555
Q9XVS3_clec-87,38.7266628976708
Q9XVS8_nxf-2,37.3276565958726
Q9XVT1_C15C6.4,46.5152536751063
Q9XVT9_clec-196,36.9584714694234
Q9XVU2_gln-5,54.8444988060383
Q9XVU9_CELE_T03F7.7,42.6947471761143
Q9XVV9_CELE_R03G8.6,39.3352565141981
Q9XVX5_vps-29,39.4876878814072
Q9XVZ6_CELE_Y54G11A.3,36.2372857613378
Q9XW01_CELE_Y54G11A.7,41.5839301081663
Q9XW02_CELE_Y54G11A.4,37.7157568682833
Q9XW03_CELE_Y54G11A.2,39.7351231268709
Q9XW10_pad-1,46.9743927433834
Q9XW12_Y18D10A.9,44.6413524322691
Q9XW16_pfn-1,53.6321487104775
Q9XW17_car-1,39.5328462676566
Q9XW37_CELE_Y69E1A.5,49.554294982967
Q9XW38_CELE_Y69E1A.2,46.141365281106
Q9XW41_snx-3,42.6900334210123
Q9XW42_prmt-7,39.725512655283
Q9XW47_CELE_Y53C10A.10,54.1105289073447
Q9XW51_CELE_Y53C10A.6,37.9570832897546
Q9XW68_CELE_Y75B8A.14,35.3548439417947
Q9XW78_Y75B8A.31,34.3523405539107
Q9XW79_pph-4.1,43.7891545442379
Q9XW92_vha-13,40.2044076500568
Q9XW93_CELE_Y49A3A.3,41.4910279047978
Q9XWA4_CELE_Y40H7A.10,39.2197280123237
Q9XWB7_plc-2,42.0318590221297
Q9XWC9_CELE_Y76A2B.5,38.4079204969215
Q9XWD1_acs-5,36.6904004716179
Q9XWD5_CELE_Y47H9C.7,37.2564830141843
Q9XWE1_dnj-27,42.5307518130683
Q9XWE2_CELE_Y47H9C.1,50.3676355333564
Q9XWE6_Y106G6E.4,35.5478021310698
Q9XWF9_CELE_Y54E5B.2,40.0282665963112
Q9XWG3_Y63D3A.4,40.4549599805788
Q9XWH0_bub-3,41.9496556638542
Q9XWH8_btb-14,50.5134052463481
Q9XWI4_CELE_Y54E2A.9,42.555097185606
Q9XWI6_eif-3.B,39.2198771166441
Q9XWJ1_smg-9,36.1045055607204
Q9XWJ8_ing-3,44.5425763718005
Q9XWJ9_CELE_Y54E5A.6,39.7574531482021
Q9XWK2_CELE_Y54E5A.5,39.7937323632732
Q9XWM1_oig-2,51.19563593644
Q9XWM5_CELE_Y38F1A.1,36.9218426654229
Q9XWN1_CELE_Y43F8C.6,41.4046708057467
Q9XWP0_mrps-28,40.5336051899013
Q9XWP1_CELE_Y43F8C.7,44.55918125744
Q9XWP6_spr-5,37.435386044758
Q9XWS2_sec-8,40.5212924877539
Q9XWT5_CELE_Y62H9A.3,42.046610475487
Q9XWU5_CELE_Y41C4A.8,39.4694068372533
Q9XWV2_Y37D8A.2,46.1598334743409
Q9XWV3_arx-5,43.2960083459886
Q9XWV4_CELE_Y37D8A.21,40.5162127227201
Q9XWV5_mrps-10,39.7295784437103
Q9XWZ2_acdh-11,37.3117668077363
Q9XWZ8_CELE_Y47H9B.2,43.805311937556
Q9XWZ9_bed-2,51.7562872751758
Q9XX14_cnt-2,46.5861792036218
Q9XX18_mrpl-22,35.9405080558011
Q9XX35_CELE_Y32B12B.2,37.3261213629769
Q9XX41_CELE_Y38H6C.19,40.8635353538049
Q9XXA2_ebp-2,38.500502114649
Q9XXC8_Y48A6B.9,38.5085200025777
Q9XXD0_CELE_Y48A6B.7,43.8816823990967
Q9XXD2_exos-1,35.401538753906
Q9XXD8_CELE_Y44A6D.5,47.2069794418061
Q9XXE9_CELE_Y43C5A.2,46.8650729854043
Q9XXF9_CELE_Y37A1B.5,44.5048660236854
Q9XXI3_CELE_Y17G7B.12,39.7794390846237
Q9XXI4_arrd-7,42.4120912875039
Q9XXI6_CELE_Y17G7B.10,37.4934608706517
Q9XXI7_cyn-16,39.1634134636518
Q9XXI9_mcm-2,34.8829214904873
Q9XXJ0_dhps-1,43.9441250197332
Q9XXJ1_CELE_Y17G7B.3,48.4194464721028
Q9XXK8_C24F3.2,39.4452965919459
Q9XXM2_nmat-1,42.4504851810597
Q9XXN0_pus-1,39.4387372402479
Q9XXR3_hmit-1.1,35.8199452116113
Q9XXR8_CELE_Y38H8A.1,40.9302042483709
Q9XXT5_lpin-1,39.8581413042105
Q9XXT7_CELE_Y1A5A.1,39.6399102431595
Q9XXU5_amx-2,47.6158455868191
Q9XXU9_vha-11,40.0873823028133
Q9XYD3_hbl-1,46.2009137858816
Q9XYF4_Dronc,37.5919163138813
Q9XYM0_Crk,44.4934140921597
Q9XYP7_Grip84,42.2769452944922
Q9XYP8_l(1)dd4,41.4415497999662
Q9XYQ2_unc-119,44.4129701796704
Q9XYU0_Mcm7,39.1304133840146
Q9XYU1_Mcm3,46.1802845045303
Q9XYZ5_pic,46.1891470767986
Q9XZ58_CSN5,41.8931552667261
Q9XZH6_Vha13,48.9664509027531
Q9XZI6_unc-11,46.8264502355559
Q9XZJ4_Prosalpha1,37.9092632920155
Q9XZL8_sra,42.3825046861913
Q9XZQ2_cnt-1B,38.3303829036486
Q9XZQ7_TLF,35.8937453784721
Q9XZS3_CG13364,44.4498185635523
Q9XZT6_dnk,44.5251210527259
Q9XZU1_Cas,46.6523316931488
Q9Y041_hgo-1,52.0608668441252
Q9Y091_fl(2)d,52.8069845567184
Q9Y0H4_Su(dx),42.9592114090961
Q9Y0V3_Tim9b,40.8789245736122
Q9Y0Y2_AdSS,46.8833771564807
Q9Y0Y6_Madm,41.2963171099127
Q9Y0Y7_CG2061,43.1526293593232
Q9Y103_sip1,45.7141862867169
Q9Y105_Aats-gln,42.3739490879217
Q9Y113_NELF-B,39.0336596931129
Q9Y117_pgant3,46.1114360913421
Q9Y140_CG7601,41.8784968443301
Q9Y149_MED15,48.7349939363596
Q9Y1A3_Tim8,48.2078687903902
Q9Y1B2_Orc6,41.8394824708758
Q9Y1I2_car,40.0577073798713
Q9Z0E0_Ncdn,47.77809300950395
Q9Z0E6_Gbp2,45.2104009288635
Q9Z0F6_Rad9a,52.0059456057625
Q9Z0F8_Adam17,58.1687222731103
Q9Z0G0_Gipc1,48.0888991807431
Q9Z0H1_Wdr46,59.3984388855747
Q9Z0H3_Smarcb1,46.865648267684804
Q9Z0H4_Celf2,49.1887322499788
Q9Z0H8_Clip2,50.570559810443
Q9Z0J1_Reck,51.7958016796453
Q9Z0K8_Vnn1,54.5924638260486
Q9Z0L8_Ggh,43.9993108483284
Q9Z0M5_Lipa,54.1091638564123
Q9Z0N1_Eif2s3x,57.2040751096579
Q9Z0N2_Eif2s3y,53.7306752920058
Q9Z0P5_Twf2,54.32472328455
Q9Z0R6_Itsn2,48.6163985523957
Q9Z0R9_Fads2,46.2983782967189
Q9Z0S1_Bpnt1,50.8539643994579
Q9Z0S9_Rabac1,51.6481902082302
Q9Z0U1_Tjp2,47.60659777739555
Q9Z0V7_Timm17b,42.5841121470669
Q9Z0W3_Nup160,51.3700275352533
Q9Z0X1_Aifm1,58.819512967855
Q9Z0Y1_Dctn3,49.630432202837596
Q9Z103_Adnp,48.48331607749665
Q9Z110_Aldh18a1,51.6175637944097
Q9Z120_Mettl1,50.79392444543775
Q9Z127_Slc7a5,51.48313518625185
Q9Z131_Sh3bp5,52.9815523865155
Q9Z160_Cog1,48.1876464821981
Q9Z179_Shcbp1,45.7662469141881
Q9Z199_Supt4h1b,50.179279443584946
Q9Z1A1_Tfg,53.1932332327034
Q9Z1B3_Plcb1,55.3768713979773
Q9Z1D1_Eif3g,55.0412457444508
Q9Z1E4_Gys1,50.881764037668404
Q9Z1F9_Uba2,45.5153785378506
Q9Z1G3_Atp6v1c1,52.434819275330355
Q9Z1G4_Atp6v0a1,49.7158486968456
Q9Z1J3_Nfs1,48.3509696182775
Q9Z1K5_Arih1,54.1765369484714
Q9Z1K6_Arih2,54.1501087916832
Q9Z1M0_P2rx7,58.3562723694041
Q9Z1M2_Irgm2,49.66134635263535
Q9Z1M8_Ik,53.2248387733364
Q9Z1N2_Orc1,45.4270015026909
Q9Z1N5_Ddx39b,51.8405362343412
Q9Z1P4_Lgr5,43.9598501393078
Q9Z1P6_Ndufa7,50.486289538345304
Q9Z1Q2_Abhd16a,48.4927920472039
Q9Z1Q5_Clic1,46.5007262475562
Q9Z1Q9_Vars,47.2261469926905
Q9Z1R2_Bag6,57.0980882225475
Q9Z1R3_Apom,60.9933611732505
Q9Z1S0_Bub1b,46.2675235591154
Q9Z1T1_Ap3b1,48.5061339168502
Q9Z1W8_Atp12a,56.05332988512665
Q9Z1X4_Ilf3,56.0676473494379
Q9Z1Z0_Uso1,50.1667019942631
Q9Z1Z2_Strap,58.8030950430624
Q9Z204_Hnrnpc,52.7523881217792
Q9Z210_Pex11b,52.4715620336529
Q9Z211_Pex11a,53.4990258558625
Q9Z247_Fkbp9,48.6574921384056
Q9Z266_Snapin,50.840062558418154
Q9Z277_Baz1b,46.92736157742765
Q9Z2A0_Pdpk1,46.8344465598907
Q9Z2A5_Ate1,52.4378710338431
Q9Z2C5_Mtm1,57.5423762088218
Q9Z2D0_Mtmr9,51.679424410203296
Q9Z2D1_Mtmr2,49.85235062910435
Q9Z2D6_Mecp2,52.15110365431375
Q9Z2E1_Mbd2,48.8656931227274
Q9Z2F7_Bnip3l,61.5765203567251
Q9Z2G0_Fem1b,48.3631016162743
Q9Z2G6_Sel1l,44.6498639394482
Q9Z2G9_Htatip2,45.4880784244467
Q9Z2I0_Letm1,48.8195838203445
Q9Z2I8_Suclg2,47.361010259641
Q9Z2I9_Sucla2,46.6924991058468
Q9Z2J0_Slc23a1,45.1553683878561
Q9Z2L6_Minpp1,55.7562213953885
Q9Z2L7_Crlf3,46.29301169136755
Q9Z2M7_Pmm2,50.5844068461925
Q9Z2N8_Actl6a,55.3842486124216
Q9Z2Q5_Mrpl40,63.5490033291454
Q9Z2U0_Psma7,58.0298096607685
Q9Z2V4_Pck1,49.4507196907655
Q9Z2V5_Hdac6,51.1775460061258
Q9Z2W1_Stk25,46.9052915791934
Q9Z2X1_Hnrnpf,50.1148628373516
Q9Z2X2_Psmd10,45.011241269637694
Q9Z2X8_Keap1,49.0319241271621
Q9Z2Y3_Homer1,60.7247893173171
Q9Z2Y8_Prosc,57.5361769583913
Q9Z2Z6_Slc25a20,50.8252099826583
Q9Z329_Itpr2,47.92630770013055
Q9ZND7_orfF,71.757034097917
Q9ZND9_hacB,81.24190378068326
Q9ZNE0_hacA,80.0421607670545
Q9ZNR6_PDX12,51.6517152693975
Q9ZNS2_GH3.10,44.1885173424556
Q9ZNT0_SKD1,43.6080060058709
Q9ZNT1_CBR1,39.9186040261866
Q9ZNT7_PHB2,42.5418393498335
Q9ZNZ7_GLU1,47.5861322466881
Q9ZP05_PMDH2,38.8425392423262
Q9ZP06_At1g53240,48.2510869022089
Q9ZPF5_ARGAH2,55.1458016358416
Q9ZPH2_GRXS17,46.6481836614146
Q9ZPI1_At3g11710,41.4570224236595
Q9ZPI5_MFP2,40.8471263248757
Q9ZPI6_AIM1,44.3827856192674
Q9ZPY7_CAS,38.2375142013496
Q9ZQ18_REIL2,47.7415494586036
Q9ZQ19_RPA2A,46.6942423988342
Q9ZQ47_GRDP1,41.9583381579154
Q9ZQG9_At2g27500,47.9129560556823
Q9ZQP2_ACX1.2,50.2702149532528
Q9ZQX4_VHA-F,44.2904487085005
Q9ZR12_GRH1,45.1709692306817
Q9ZRA2_HGO,41.250364055168
Q9ZRD6_YKT61,44.6130380233897
Q9ZRE2_RABD1,42.7456102893719
Q9ZRT5_GSTT1,49.0338914642453
Q9ZRW8_GSTU19,58.1953122881506
Q9ZS91_MSRB5,48.2667786320837
Q9ZS97_ABCI8,43.1690200634987
Q9ZSA2_CPK21,39.8606040057257
Q9ZSD4_SYP121,47.0993898675715
Q9ZSK4_ADF3,44.9714866503404
Q9ZSP5_AIR3,46.6492401296738
Q9ZSR7_TPT,54.1077378367545
Q9ZSS6_OMR1,40.6704469309613
Q9ZSZ8_FIP37,40.3370974116628
Q9ZT87_PEL1,46.8574668960492
Q9ZT91_TUFA,42.0151904742819
Q9ZT96_MTERF4,44.0511456446194
Q9ZTZ7_KEA1,42.0262610731743
Q9ZU25_At1g51980,39.7660913175357
Q9ZU32_QPT,41.7663037525654
Q9ZU52_FBA3,50.2848082774023
Q9ZU93_PUX2,48.0461210821666
Q9ZU97_VAC14,41.8648662858236
Q9ZUA0_OST1B,39.2387019431457
Q9ZUB3_SPDSYN1,45.8718841344113
Q9ZUC1_AOR,51.1508483116257
Q9ZUC2_BCA3,48.129974620048
Q9ZUF6_SBT1.8,64.6258066974762
Q9ZUG4_At2g05830,40.957501835679
Q9ZUI6_At1g60070,42.215244633581
Q9ZUP4_CKL5,42.9385930960884
Q9ZUR7_At2g37500,53.045250526129
Q9ZUT9_RPS5A,38.2930198068021
Q9ZUU2_At2g37240,48.6187928180114
Q9ZUY6_AXS1,43.4657450199928
Q9ZV06_At2g39020,56.352895371937
Q9ZV24_OEP161,39.8342617770816
Q9ZV56_CCT1,45.9375125216465
Q9ZVD0_SE,42.1362077975512
Q9ZVD5_AGO4,51.9636684134606
Q9ZVF2_MLP329,46.1475167387501
Q9ZVF3_MLP328,41.6417943796458
Q9ZVH8_TFIIS,42.6993271075743
Q9ZVI7_GAUT7,49.2103083479883
Q9ZVJ2_At2g38710,43.8435145655918
Q9ZVJ4_CYP22,43.633982894243
Q9ZVJ5_SGPP,48.1094711208163
Q9ZVL3_NFYC3,48.0796259815138
Q9ZVL6_At1g54780,46.0070434757944
Q9ZVM9_At1g54610,42.1693298993573
Q9ZVQ3_GSTZ1,54.9556373245828
Q9ZVT7_RRP4,54.6576726226719
Q9ZVW2_HEN2,43.9588731318682
Q9ZVY7_OBAP1A,51.9153007443314
Q9ZW13_At2g29290,51.4097672419662
Q9ZW15_At2g29320,47.3780589496316
Q9ZW19_SDR,47.8205264417015
Q9ZW24_GSTU7,49.5179645000263
Q9ZW34_ENO3,51.04843931395
Q9ZW74_PUX11,52.4734138177973
Q9ZW84_IPMI2,52.8224074259621
Q9ZW85_At2g43090,50.1445252992222
Q9ZWI7_RER1C,44.6286685014867
R4GDP5_api5,52.8619896315689
R4GML0_Zfp106,51.753666571785345
R4YJ85_OLEAN_C00150,37.958684972195
R4YJ87_aroE,44.9536755672102
R4YJ88_OLEAN_C00300,51.2446877800343
R4YJ92_OLEAN_C00500,54.7918631122668
R4YJ93_OLEAN_C00550,41.3612064999919
R4YJ94_rho,48.1199763031894
R4YJ95_merA,41.5691329969808
R4YJ97_metX,41.9858340804222
R4YJ99_OLEAN_C00850,37.3365073308141
R4YJA2_OLEAN_C01000,37.4256100771307
R4YJA4_tktAB,43.6898165913966
R4YJA7_dnaA,43.6714948593445
R4YJA8_OLEAN_C01250,46.1479582225965
R4YJB0_OLEAN_C01300,43.2980566741133
R4YJB3_OLEAN_C01350,41.7891931860337
R4YJB4_OLEAN_C00210,48.8964942287996
R4YJC0_ilvE,46.9724546978771
R4YJC1_znuC,42.160668352453
R4YJC2_OLEAN_C01550,36.4643456950183
R4YJC3_OLEAN_C00460,48.9480852031556
R4YJC7_ftsY,42.1307392570002
R4YJD2_add,52.1510976800126
R4YJD5_OLEAN_C01850,41.0193678262529
R4YJD6_OLEAN_C00810,43.6347260712227
R4YJD9_OLEAN_C00910,39.8769653745859
R4YJE5_ahcY,49.4066759837423
R4YJE6_OLEAN_C02100,39.9779733178111
R4YJE7_gap,52.0961232824778
R4YJF0_OLEAN_C01210,51.0166167596818
R4YJF3_tyrS,37.8444637579972
R4YJF6_fusA1,43.9817321903743
R4YJF7_gyrB,40.0119416991423
R4YJF8_thyA,41.7750298552366
R4YJG2_OLEAN_C00140,39.6982789343239
R4YJG4_glnE,37.5714122004617
R4YJG5_fmt,37.2033547555605
R4YJG8_hemF,51.9653724288826
R4YJH0_rpsC,46.570274411409
R4YJH3_polA,43.2957937710108
R4YJH5_OLEAN_C01710,36.9816461860858
R4YJH6_znuA,46.312355568775
R4YJI3_efp,39.4904447908834
R4YJI5_OLEAN_C01910,54.0057502905374
R4YJJ1_OLEAN_C00740,44.2944238572746
R4YJJ4_pilT,40.699469468809
R4YJJ5_OLEAN_C02110,34.5892859383973
R4YJJ7_cobB,36.5948477381374
R4YJJ8_pyrR,45.8864132869358
R4YJK0_cobL,33.7877973574834
R4YJK1_cbiX,46.4756789864432
R4YJK2_OLEAN_C00890,48.0456789021618
R4YJK5_cheA,43.8407622562768
R4YJK7_rfbD,41.6183263985952
R4YJK8_birA,39.5330747157803
R4YJK9_OLEAN_C00990,46.4784051886549
R4YJL2_OLEAN_C01040,37.3907059819699
R4YJM0_fba,49.0009731801497
R4YJM2_fusA,42.0875479814041
R4YJM5_OLEAN_C03500,42.6993249902438
R4YJM8_trmL,41.8203537350251
R4YJN1_ubiH,37.3252075506204
R4YJN2_OLEAN_C03650,39.2872832144021
R4YJN6_dtd,49.485021101664
R4YJN7_OLEAN_C03800,36.7776351904663
R4YJN9_rpsE,51.174530041004
R4YJP1_plsC,39.1493990642507
R4YJP2_OLEAN_C03900,50.5047767936311
R4YJP4_trpE,47.2461643020418
R4YJP6_OLEAN_C04000,39.3950550678469
R4YJP7_msrP,51.0360834793547
R4YJQ5_mreB,38.097394957703
R4YJQ6_OLEAN_C01690,31.8559174630068
R4YJQ7_OLEAN_C04350,42.8239848544987
R4YJR0_OLEAN_C04400,40.8037179416142
R4YJR1_yhbN,39.949354514319
R4YJR2_OLEAN_C01790,43.754961249418
R4YJR4_OLEAN_C02760,51.4271104278745
R4YJR6_OLEAN_C01840,38.5840381162215
R4YJS6_ychF,40.0520152766509
R4YJS8_lolB,42.5603799972972
R4YJS9_OLEAN_C01990,41.2169523157188
R4YJT0_moeA,44.1841516394814
R4YJT1_OLEAN_C04850,38.981845062764
R4YJT8_OLEAN_C02090,41.6919141198538
R4YJU5_OLEAN_C03410,42.598949217197
R4YJU6_OLEAN_C02190,39.5713991316388
R4YJV2_OLEAN_C05200,41.0008720600316
R4YJV7_pulG,44.9829631202293
R4YJV9_rplA,45.6794000543322
R4YJW0_mshQ,42.1005342803901
R4YJW9_OLEAN_C03910,42.7239539109961
R4YJX0_OLEAN_C05500,39.4207853090121
R4YJX1_trpD,42.178341513299
R4YJY0_petA,47.8619450064636
R4YJY3_OLEAN_C04210,45.8641686760449
R4YJY4_ech,50.7037601160009
R4YJY6_secY,47.6134833795258
R4YJY7_mreC,40.9031149498586
R4YJY8_OLEAN_C05800,43.0750365103524
R4YJY9_OLEAN_C04360,44.972303251824
R4YJZ4_OLEAN_C05950,40.7411437742722
R4YJZ6_OLEAN_C06000,40.2558368097745
R4YK01_rpoA,52.3803182409609
R4YK02_OLEAN_C06100,46.0289544477688
R4YK03_OLEAN_C04710,49.5946337835145
R4YK04_OLEAN_C06150,41.3830933332422
R4YK05_pth,39.8911285842895
R4YK07_OLEAN_C04810,38.2251364522333
R4YK10_cmoB,38.261050198826
R4YK11_cobO,38.0493957881301
R4YK13_OLEAN_C06300,47.0049893018125
R4YK22_OLEAN_C05060,42.2614829478437
R4YK23_OLEAN_C06450,44.6741460330619
R4YK28_mpl,43.7678250936921
R4YK34_hsdR,44.5071704405003
R4YK35_rlmH,40.1661032069528
R4YK38_dacA,40.7243595675365
R4YK42_hsdR,38.3882040133936
R4YK43_OLEAN_C03440,43.9709202794689
R4YK44_gpwA,44.6536096180252
R4YK48_OLEAN_C05460,36.7167783247218
R4YK51_pulF,38.1195115656697
R4YK52_OLEAN_C05510,43.8909796507334
R4YK54_mshO,43.4617188796525
R4YK56_OLEAN_C03740,45.6415136592827
R4YK57_carA,52.2860563705785
R4YK59_OLEAN_C03790,39.6910552343946
R4YK64_OLEAN_C05710,48.4123064530778
R4YK67_OLEAN_C05760,41.3256151939919
R4YK68_OLEAN_C03990,43.8193835251087
R4YK74_ispH,44.3426659202058
R4YK78_sspA,36.3093983754697
R4YK80_pilS,38.8620947283205
R4YK81_OLEAN_C07200,41.8240668600566
R4YK85_cafA,38.2701689945227
R4YK86_purD,42.5658187139969
R4YK87_pts-hpr,41.3058462077605
R4YK89_OLEAN_C04440,34.2053826542944
R4YK90_prmA,42.4390033490156
R4YK92_OLEAN_C04490,47.256722908062
R4YK93_OLEAN_C06160,51.0494372722919
R4YK94_murA,40.4264275606567
R4YKA3_OLEAN_C07500,37.5546551542749
R4YKA7_ispE,41.1618929831871
R4YKA9_OLEAN_C04840,47.6402290443838
R4YKB0_pncB,41.3527663301884
R4YKB1_OLEAN_C06460,43.3462092173496
R4YKB3_OLEAN_C07650,46.615182315191
R4YKB9_OLEAN_C06610,48.5522080655377
R4YKC5_nadD,48.0582273744694
R4YKC6_OLEAN_C06760,41.8972096063928
R4YKC7_mltB,38.0221951671536
R4YKC8_bamE,44.9261625829798
R4YKD1_dnaJ,46.0406521150389
R4YKD2_OLEAN_C05390,51.1129271742695
R4YKD3_carB,52.030992416729
R4YKD6_OLEAN_C05490,37.3630789290172
R4YKD8_OLEAN_C07010,40.2127378574362
R4YKD9_ispB,40.8174299053634
R4YKE3_kdsA,40.3856677232169
R4YKF4_ybeY,46.0303103560785
R4YKF5_OLEAN_C05790,38.2298964441386
R4YKG3_azoR2,45.4173912742733
R4YKG4_map,46.7194916680631
R4YKG8_rluA,38.7860229300477
R4YKH2_OLEAN_C08500,37.5567524925501
R4YKJ0_dnaG,38.3353580933271
R4YKJ9_yaiL,44.4020989262621
R4YKK1_OLEAN_C09200,39.3589177680743
R4YKK8_OLEAN_C09350,38.5717687067153
R4YKK9_hsdM,45.143829328635
R4YKL6_grpE,52.6914682209184
R4YKM0_OLEAN_C06890,49.8203093989023
R4YKM6_OLEAN_C09650,40.197895558663
R4YKM7_OLEAN_C08110,50.8661034512032
R4YKM8_mgtE,40.173313544899
R4YKN0_minD,41.0243635997086
R4YKN4_OLEAN_C08260,54.9157932936605
R4YKN8_OLEAN_C08360,44.7439715137312
R4YKN9_OLEAN_C07140,39.3033481904522
R4YKP0_OLEAN_C09850,37.2627018986769
R4YKP3_OLEAN_C07190,51.5871667388092
R4YKP6_OLEAN_C09950,43.5395821985161
R4YKQ2_dnaE,41.6839782805084
R4YKQ4_OLEAN_C07340,40.0753326276649
R4YKQ8_OLEAN_C07390,46.9184332225056
R4YKR0_map,39.104507064682
R4YKR3_uppS,45.2340371734971
R4YKR5_OLEAN_C07490,39.2614992898322
R4YKS1_surA,43.4736482487954
R4YKS7_OLEAN_C09160,39.6014922591183
R4YKT1_glsA,49.0487849975805
R4YKT2_OLEAN_C09310,47.3312380658921
R4YKT4_leuA,39.9060127377537
R4YKT5_deaD,39.8758012759008
R4YKT6_OLEAN_C09410,40.535187410981
R4YKT7_gst,40.1964135901358
R4YKU3_OLEAN_C10750,38.7003852115644
R4YKV6_OLEAN_C07890,38.4632635371004
R4YKW0_OLEAN_C09910,45.7360002023853
R4YKW8_tilS,36.5508693556467
R4YKW9_OLEAN_C08140,45.4978601038595
R4YKX1_eutC,39.6937245916694
R4YKX5_rpsB,45.735862636684
R4YKX6_OLEAN_C08290,37.5811372980836
R4YKY0_OLEAN_C08390,42.2933236670986
R4YKY1_pta,49.2213140233881
R4YKY2_lpxD,37.9134108930686
R4YKY8_eutC,46.9830350946099
R4YKZ8_OLEAN_C10510,41.1567882805979
R4YL03_OLEAN_C11600,42.3598770968939
R4YL04_OLEAN_C10610,40.4581165002742
R4YL05_rpoD,41.8335166467077
R4YL07_gcp,39.0831369938751
R4YL10_valS,40.2603207991132
R4YL11_OLEAN_C10710,44.3404367396805
R4YL18_OLEAN_C11800,50.0329509826506
R4YL19_OLEAN_C09190,41.1641053100969
R4YL21_pilZ,41.3904949985418
R4YL22_OLEAN_C09240,41.8970145377085
R4YL23_cysNC,40.7773292304953
R4YL25_OLEAN_C09290,39.4509917889037
R4YL36_fliD,39.9497379517461
R4YL43_minE,46.750833550995
R4YL46_OLEAN_C09740,45.8110520620561
R4YL48_OLEAN_C12200,45.9865150912397
R4YL51_cheB,43.214351132651
R4YL52_OLEAN_C09840,50.4840316624565
R4YL54_acnA,54.0325791306102
R4YL56_OLEAN_C11460,37.7568847795382
R4YL61_OLEAN_C11560,38.9109233411603
R4YL62_OLEAN_C10040,38.5455681321493
R4YL63_fleN,38.4387567767444
R4YL66_cheB,41.6280102884949
R4YL67_glnD,40.4089603988881
R4YL75_lpxB,44.8247240271395
R4YL77_nrdA,42.4767471058495
R4YL78_OLEAN_C10340,38.4335117208371
R4YL81_glpK,43.3088528835412
R4YL85_OLEAN_C10490,47.6785991997912
R4YL90_rlmF,38.5205624952078
R4YL92_OLEAN_C10690,36.5273939674876
R4YL93_fliI,43.746475173724
R4YL97_OLEAN_C12210,50.7699536272881
R4YL98_OLEAN_C10840,39.3362777463313
R4YL99_OLEAN_C12260,41.868448274012
R4YLA7_icl,41.4542678664836
R4YLA8_OLEAN_C12900,37.336329091156
R4YLA9_fliA,45.443513185791
R4YLB1_bioA,47.6669967750735
R4YLB4_OLEAN_C12460,36.1050085557072
R4YLC1_bcp,43.4044523207877
R4YLC2_OLEAN_C11240,36.5208285505752
R4YLC5_OLEAN_C12610,43.9954506976532
R4YLC7_OLEAN_C13300,36.2659851786374
R4YLD0_trpS,38.558647719249
R4YLD2_eutB,47.4547269263256
R4YLD3_selU,27.9352491549226
R4YLE0_corB,39.4565229732029
R4YLE5_OLEAN_C12710,41.242106531285
R4YLE8_OLEAN_C13850,38.8347736984632
R4YLF0_serC,44.7025609481125
R4YLF4_holC,43.1834518653238
R4YLF5_OLEAN_C14000,37.5680227421048
R4YLF8_cheV,41.9418675605441
R4YLG3_OLEAN_C14150,42.013419658238
R4YLG6_OLEAN_C14200,44.2611692244527
R4YLG7_OLEAN_C13010,38.5635801200725
R4YLI2_OLEAN_C14500,39.0409319027174
R4YLI7_lepA,39.5813150350972
R4YLJ0_OLEAN_C13460,39.7825354914316
R4YLJ4_relA,38.3252644210355
R4YLJ5_OLEAN_C13560,38.6326566694795
R4YLJ9_OLEAN_C12440,47.0495560979789
R4YLK5_pheS,37.5481678575667
R4YLL0_OLEAN_C13860,51.4400269262329
R4YLL2_OLEAN_C15000,44.5514259204597
R4YLL3_OLEAN_C13910,39.6194058392473
R4YLL5_aer,43.7159476186438
R4YLL6_ihfB,40.4963587414267
R4YLL7_OLEAN_C15100,48.7768189029433
R4YLL8_OLEAN_C14010,41.2498283032752
R4YLL9_OLEAN_C14060,38.7804420222141
R4YLM3_wbgZ,38.8185131569458
R4YLM5_OLEAN_C14210,39.1138155786739
R4YLM7_OLEAN_C14260,44.9644678141383
R4YLM8_OLEAN_C15350,47.7682884173416
R4YLN0_OLEAN_C15400,41.9121457366451
R4YLN1_rbn,38.0100630717846
R4YLN6_OLEAN_C14460,53.3915926711703
R4YLN9_amiC,45.3479575736086
R4YLP0_OLEAN_C12740,45.9348988440126
R4YLP3_nqrD,42.9160756337127
R4YLP8_OLEAN_C12890,39.455511329562
R4YLQ2_OLEAN_C14760,42.0932150115943
R4YLQ4_OLEAN_C15800,42.0199597043897
R4YLQ8_OLEAN_C13090,39.8423575727028
R4YLR0_OLEAN_C15900,39.0832051564424
R4YLR1_OLEAN_C13140,49.2229879472246
R4YLR2_hisS,39.3539306376974
R4YLR4_prmB,34.6241577452519
R4YLR6_OLEAN_C14960,38.4003021024006
R4YLR7_OLEAN_C16000,44.2438116477051
R4YLR8_ppiA,41.1395040884411
R4YLS1_OLEAN_C13340,37.4825726786001
R4YLS5_selD,45.6780520358222
R4YLT7_topA,46.499539010696
R4YLT9_cda1,48.1048088970289
R4YLU0_glpG,43.7071712911464
R4YLU7_OLEAN_C15410,42.3547896299362
R4YLU8_gyrA,42.8764076023061
R4YLV1_cmk,37.389184583209
R4YLV3_OLEAN_C16550,44.2908348520752
R4YLV6_neuA,37.2258007064115
R4YLV7_OLEAN_C16600,39.0582127002147
R4YLV8_gap,41.1127396045048
R4YLW3_uvrB,38.4389748481766
R4YLW7_OLEAN_C16750,44.3518032035204
R4YLX1_sdhC,45.7056397959676
R4YLX3_proS,40.7622769129941
R4YLX5_OLEAN_C15860,37.269600699908
R4YLX6_OLEAN_C14440,52.823072903302
R4YLX7_OLEAN_C14490,37.1456184105495
R4YLX8_OLEAN_C15910,39.3649186209332
R4YLY3_mucD,48.0395785373878
R4YLY4_OLEAN_C16010,43.3044139635442
R4YLY7_OLEAN_C16060,54.4544193708301
R4YLZ1_adk,51.4949624903381
R4YLZ4_plsB,37.3561302230065
R4YLZ8_pilF,40.4794772256217
R4YLZ9_OLEAN_C16260,43.134965260216
R4YM01_engA,44.1085775172939
R4YM03_OLEAN_C14990,53.3472159459205
R4YM06_pntB,43.6866853778276
R4YM07_anr,34.4938523547711
R4YM10_OLEAN_C16460,42.689900715527
R4YM12_OLEAN_C17350,42.5627545230454
R4YM14_OLEAN_C16510,47.3188734511636
R4YM15_OLEAN_C17400,41.9497385268677
R4YM16_OLEAN_C15240,39.0441188580035
R4YM22_pepN,41.8964351415332
R4YM24_sbcC,42.290769196315
R4YM27_mfd,37.8070641124961
R4YM28_OLEAN_C17600,39.8443101335377
R4YM29_OLEAN_C16760,42.5279030753304
R4YM32_sdhD,47.1191257067745
R4YM37_htpG,39.9639287910615
R4YM39_lexA,39.1128594072852
R4YM41_OLEAN_C17010,35.7973013879327
R4YM46_OLEAN_C17700,39.0478985315877
R4YM47_OLEAN_C15890,42.6805855662641
R4YM51_OLEAN_C15990,45.0371259675775
R4YM54_rlmL,37.6771321279775
R4YM55_argS,40.1028619813576
R4YM57_OLEAN_C16090,38.8894903865165
R4YM63_OLEAN_C16190,52.438663614636
R4YM68_OLEAN_C16290,39.7923058777706
R4YM74_OLEAN_C17510,32.2749222951518
R4YM77_ttcA,42.1229376651142
R4YM80_OLEAN_C16440,41.9362630627916
R4YM82_glyS,41.3191584842278
R4YM86_trkA,37.5608426181006
R4YM87_leuD,37.0889757318291
R4YM88_OLEAN_C17660,41.8627832805777
R4YM90_trpF,42.0133741088641
R4YM91_OLEAN_C00220,41.0063090317866
R4YM97_trmU,38.9095233694056
R4YM99_OLEAN_C16690,50.2045330046676
R4YMA1_glpA,46.2216898041819
R4YMA4_cysG,39.3255589129791
R4YMA5_gltA,51.2820981408325
R4YMA8_sucA,44.3916551918705
R4YMB0_uvrC,36.9883898485438
R4YMB3_OLEAN_C16890,43.90543585517
R4YMB4_OLEAN_C18950,41.994958617651
R4YMB5_OLEAN_C00520,39.0689565132469
R4YMB7_OLEAN_C19000,44.8849367101975
R4YMB9_nagZ,49.3690279390161
R4YMC0_ftsE,46.0637441893802
R4YMC1_gspJ,42.5798594371475
R4YMC2_OLEAN_C17810,52.9901738006846
R4YMC3_rapA,39.7179414130446
R4YMC5_ppx,39.9155873184299
R4YMC7_thiI,43.8618572075016
R4YMD2_OLEAN_C17960,44.3515467449825
R4YMD6_rdgB,37.4527114085497
R4YMD8_OLEAN_C17190,40.9825793642738
R4YMD9_rsmC1,39.8039527625643
R4YME1_proC,40.8005323905956
R4YME2_apbE,40.8792589481887
R4YME4_OLEAN_C19400,38.5837758558585
R4YME6_talAB,43.4738955173267
R4YME7_manC,42.7299879587532
R4YME8_OLEAN_C17290,45.2808282412335
R4YMF0_OLEAN_C00870,40.2960493185914
R4YMF5_cysD,46.2639359358475
R4YMF8_albXV,47.6689599209962
R4YMF9_OLEAN_C19600,33.8231537023694
R4YMG1_OLEAN_C00970,37.4472404804808
R4YMG5_rfbD,40.8197227684713
R4YMG8_purF,44.655842260369
R4YMG9_kpsT,38.4735428804917
R4YMH2_katG,46.8356637363785
R4YMH3_OLEAN_C19800,42.5473709378591
R4YMH4_nudJ,42.6858764600148
R4YMH5_clpA,39.5054893005578
R4YMH6_OLEAN_C19850,38.7272752895986
R4YMH7_pgk,42.5968095071855
R4YMI2_OLEAN_C01170,40.7444094871363
R4YMI4_pilZ,41.5700198539931
R4YMI5_OLEAN_C18810,38.4353588103404
R4YMI6_OLEAN_C01220,41.2798920705398
R4YMJ1_OLEAN_C18910,38.7771339169404
R4YMJ3_OLEAN_C18960,45.2735074653882
R4YMJ5_OLEAN_C20150,40.2152192693794
R4YMJ6_gspF,54.839423966034
R4YMJ8_gspK,39.7147462570611
R4YMJ9_OLEAN_C20200,46.1370117474681
R4YMK1_OLEAN_C20250,49.6283335318504
R4YMK2_aspS,39.6064400542729
R4YMK3_OLEAN_C01420,39.8904703939478
R4YMK4_OLEAN_C19160,40.8619256717747
R4YMK5_nfuA,49.2539776684895
R4YMK6_OLEAN_C19210,39.7189031535718
R4YMK9_OLEAN_C19260,41.4900915825312
R4YML6_lon,41.0032598043739
R4YML7_OLEAN_C17790,49.5046158417559
R4YML8_OLEAN_C19410,37.8345399036494
R4YMM1_cysS,46.2220536050591
R4YMM2_OLEAN_C19460,47.6824623187877
R4YMM4_OLEAN_C17890,39.0554895711449
R4YMM5_OLEAN_C19510,43.8404497030818
R4YMM6_OLEAN_C20600,43.6020728429596
R4YMM7_gpsA,42.847172223147
R4YMM8_OLEAN_C19560,27.9074048397137
R4YMN5_OLEAN_C01720,46.8127775433301
R4YMN6_OLEAN_C19660,35.9190505296212
R4YMN7_OLEAN_C18090,35.821981976437
R4YMN9_rmlC,42.8361861443698
R4YMP0_OLEAN_C18140,44.7943046814034
R4YMP8_OLEAN_C19810,36.4848374972269
R4YMQ5_leuC,41.1567753883775
R4YMR1_OLEAN_C21050,37.374459768962
R4YMR2_OLEAN_C18490,47.3311967274952
R4YMR4_hemL,39.501068456912
R4YMR7_OLEAN_C20060,45.7693443041816
R4YMR8_OLEAN_C21150,41.9514817658831
R4YMR9_hflD,43.1531468667077
R4YMS0_OLEAN_C02020,44.3740545219227
R4YMS3_thiDE,38.7540069840082
R4YMS5_aat,37.9227544904932
R4YMS8_OLEAN_C21250,43.1588796206386
R4YMS9_serS,42.6384901329599
R4YMT0_OLEAN_C21300,43.5477190669463
R4YMT4_gacA,45.7664977028695
R4YMT5_metH,43.2074284164837
R4YMU1_OLEAN_C18940,45.8064357565432
R4YMU3_OLEAN_C20410,43.0925160065883
R4YMU5_ugd,42.255278881785
R4YMU7_OLEAN_C21500,45.8089516136803
R4YMU9_coaX,38.5838248305719
R4YMV0_clpX,40.8888434370508
R4YMV1_gsh,49.5138001187903
R4YMV4_glnS,42.3125619933113
R4YMV5_nusG,39.3452845530727
R4YMV9_sbcB,43.0216770155694
R4YMW0_rpoB,49.6558572165144
R4YMW2_msbA,39.8823838133959
R4YMW3_OLEAN_C21700,40.2863376499313
R4YMW6_lolD,53.1038438702032
R4YMW7_tuf,46.3087729178467
R4YMX1_pmpM,40.5408980102899
R4YMX5_OLEAN_C19440,43.0008732278937
R4YMX6_hrpA,36.148230987391
R4YMX9_kpsC,46.4968118040521
R4YMY1_cysN,42.8360891399719
R4YMY6_OLEAN_C22000,48.4384315774855
R4YMZ2_rffG,42.4239183097681
R4YMZ4_OLEAN_C22100,37.7219680223062
R4YMZ5_kpsE,43.5181966991736
R4YN02_OLEAN_C19890,38.2035759294168
R4YN04_nirN,46.5538188148738
R4YN06_wrbA,41.6864162634793
R4YN09_OLEAN_C21360,38.5351944500632
R4YN14_rluC,47.4690061371627
R4YN15_nirS,51.366908424519
R4YN17_ppsA,45.8204386874063
R4YN18_OLEAN_C21510,36.7632016305813
R4YN19_plsC,39.7132501764639
R4YN21_uvrA,41.316744521997
R4YN23_cysH,53.8159192666829
R4YN25_OLEAN_C02770,38.3617911516151
R4YN28_OLEAN_C20290,45.9069299037209
R4YN30_OLEAN_C21660,40.192634038919
R4YN32_cysI,45.4647149464649
R4YN34_OLEAN_C02920,45.7632261617718
R4YN35_OLEAN_C21710,37.8451139925297
R4YN38_OLEAN_C22650,38.1474875154179
R4YN39_norC,39.7430420744733
R4YN47_folD,44.5040148139955
R4YN54_OLEAN_C21960,40.8174673642444
R4YN55_hsdS,37.5115877028266
R4YN58_OLEAN_C03370,39.1846939483364
R4YN64_glcB,42.1805324360576
R4YN68_OLEAN_C03570,39.3999861750165
R4YN73_pulG,43.0966813553483
R4YN75_OLEAN_C22750,40.7275517849327
R4YN77_ntrC,42.7521823460528
R4YN83_OLEAN_C21040,42.23510071303
R4YN88_rnd,37.8556792292592
R4YN92_OLEAN_C21140,45.0905015415801
R4YN93_trpD,41.2026905727963
R4YN94_ligA,38.711109679869
R4YN97_ilvC,42.5635809152497
R4YNA0_leuA,42.0116848461476
R4YNA3_cycH,41.7965735541768
R4YNA4_prfC,39.8115110689323
R4YNA7_OLEAN_C21290,45.9104834823936
R4YNA8_OLEAN_C04170,40.4214746514674
R4YNB4_gatB,42.3922176467564
R4YNB5_OLEAN_C21390,38.9355893715916
R4YNB6_ackA,39.2525068786207
R4YNC0_OLEAN_C21440,40.3493454246027
R4YNC1_OLEAN_C23450,37.9476410899552
R4YNC3_lepB,40.133703646196
R4YNC6_recB,44.0179984018631
R4YNC8_OLEAN_C04470,43.5942128978083
R4YND1_OLEAN_C21590,40.663260317117
R4YND4_hisC,44.3795149812273
R4YND5_rimO,43.435453966635
R4YNE0_tadA,42.1521662189325
R4YNE6_atpA1,51.6882739183157
R4YNF1_hemA,49.1340183329313
R4YNF6_OLEAN_C04870,38.7660714283598
R4YNF8_OLEAN_C22810,52.5525386628619
R4YNF9_metE,48.6093761914755
R4YNG0_gspC,39.15584241628
R4YNG1_OLEAN_C22910,42.8302866988393
R4YNG5_OLEAN_C22960,41.6484052422339
R4YNG8_OLEAN_C21990,39.9446013710472
R4YNG9_zipA,40.5884030344446
R4YNH7_OLEAN_C23110,47.1878331173114
R4YNJ0_OLEAN_C23310,43.3689842764819
R4YNJ2_OLEAN_C23360,46.2526502257632
R4YNJ5_OLEAN_C24650,34.9703390605703
R4YNJ6_OLEAN_C23410,47.7796942041793
R4YNJ9_OLEAN_C23460,46.6070230162474
R4YNK2_OLEAN_C05420,40.6659410424774
R4YNK5_recC,44.6939466582709
R4YNK6_OLEAN_C24800,37.9141230233007
R4YNM0_OLEAN_C22490,47.9029421082513
R4YNM6_OLEAN_C23860,49.4630389511183
R4YNM7_OLEAN_C05720,44.9774159473319
R4YNN2_pgl,42.4322829647353
R4YNN6_ribF,38.8172557883843
R4YNN9_OLEAN_C05870,40.3208295285364
R4YNP0_OLEAN_C25250,44.0096558179356
R4YNP3_pilV,50.4947174934782
R4YNP5_tolR,46.9173984647324
R4YNP6_nadE,41.5773409696349
R4YNP8_OLEAN_C25400,40.4948396908964
R4YNQ0_OLEAN_C24260,41.4202663306753
R4YNQ3_purH,39.913215732518
R4YNQ5_OLEAN_C25500,37.1520508005611
R4YNR2_OLEAN_C25600,40.3626558597952
R4YNR3_OLEAN_C06220,40.856330544171
R4YNR7_OLEAN_C06270,40.5751497286225
R4YNS2_gcvT,37.6480830256528
R4YNU2_OLEAN_C22890,39.1241215228493
R4YNU6_OLEAN_C22940,39.6406752558389
R4YNV1_zwf,41.3967101051942
R4YNV3_OLEAN_C26100,38.607570891525
R4YNV4_prrC,35.4755616954305
R4YNV8_smpB,44.1290274142256
R4YNV9_dapA,40.1625914764052
R4YNW1_ccmE,47.818522027654
R4YNW4_cpoB,40.7063744312733
R4YNX0_OLEAN_C25410,39.8960784376137
R4YNX3_greA,49.3669587072183
R4YNX8_OLEAN_C25510,41.6072374826911
R4YNX9_OLEAN_C23440,45.4465080234839
R4YNY2_OLEAN_C23490,40.4113502010021
R4YNY3_OLEAN_C07020,43.2350104474932
R4YNY4_recD,41.9617492652164
R4YNY5_OLEAN_C26450,43.55672830221
R4YNZ3_OLEAN_C25710,45.2458859226424
R4YP00_OLEAN_C23790,42.0774320772311
R4YP07_arcC,51.9858893430314
R4YP15_OLEAN_C07370,43.9238762146498
R4YP24_OLEAN_C07470,40.325274855025
R4YP26_OLEAN_C26900,49.7948738174627
R4YP39_OLEAN_C07620,42.1359070555685
R4YP41_OLEAN_C26310,42.7111501571056
R4YP46_argG,49.0442336152428
R4YP47_OLEAN_C26410,41.1095793119805
R4YP48_OLEAN_C24540,38.3319026875845
R4YP50_OLEAN_C24590,38.158942423043
R4YP51_OLEAN_C26460,39.6698241673936
R4YP53_OLEAN_C26510,40.4262031153528
R4YP54_OLEAN_C27250,48.5068965751483
R4YP58_OLEAN_C24740,42.1936703745705
R4YP59_OLEAN_C26610,38.7859157388548
R4YP61_OLEAN_C07670,46.5386188773087
R4YP62_OLEAN_C27350,44.2597976200396
R4YP68_OLEAN_C27400,45.5607200497526
R4YP72_OLEAN_C26760,48.5434691273357
R4YP74_OLEAN_C27450,43.774455033665
R4YP81_OLEAN_C08020,39.1371962600672
R4YP83_purN,44.1234882241364
R4YP86_edd,50.6876211485222
R4YP88_miaB,38.385186044453
R4YP92_OLEAN_C26960,42.5294060256149
R4YP93_OLEAN_C25240,40.7293660506542
R4YP97_OLEAN_C27010,38.5820159274878
R4YP98_OLEAN_C25290,42.0132605393257
R4YP99_OLEAN_C08320,39.3925665661261
R4YPA0_tolA,47.5476711465759
R4YPA1_OLEAN_C27060,45.4092257169901
R4YPA7_clpB,42.3761231857862
R4YPA8_queC1,41.7977901415091
R4YPB6_OLEAN_C27260,41.3424074396553
R4YPB7_recJ,49.3677747088071
R4YPC9_OLEAN_C27410,39.0166471384647
R4YPD2_cca,48.1141100806456
R4YPD5_apaH,49.4943045459272
R4YPD6_OLEAN_C27800,45.2893359883353
R4YPE2_hflX,41.1677987108893
R4YPE9_fadE,49.5869288469685
R4YPF2_OLEAN_C28050,49.5653781530628
R4YPF5_OLEAN_C26090,41.2785234101768
R4YPF6_rnfG,49.161130313371
R4YPF7_OLEAN_C09320,48.3967798738048
R4YPF9_OLEAN_C09370,39.9490299744344
R4YPG4_OLEAN_C28250,43.6481984983403
R4YPG6_rpoS,49.1185660160231
R4YPG9_truD,40.3879520212083
R4YPH2_pyrG,41.0835406899886
R4YPH9_OLEAN_C27710,50.6464446957071
R4YPI1_OLEAN_C09720,36.6919073267832
R4YPI2_OLEAN_C28600,38.5822353722241
R4YPI4_OLEAN_C09770,40.2648976007343
R4YPI6_OLEAN_C26490,38.1893874554623
R4YPI8_phnA,39.9469331667223
R4YPJ0_truC,46.752049887324
R4YPJ3_OLEAN_C26590,49.6558280331126
R4YPJ4_rimM,46.3699646256501
R4YPJ6_OLEAN_C27810,39.5979404168942
R4YPK0_OLEAN_C27860,42.7388827892982
R4YPL0_OLEAN_C28010,46.6921470551981
R4YPL1_OLEAN_C10120,49.199532013994
R4YPL3_OLEAN_C29050,38.8826453397068
R4YPL5_tsf,39.9860203862574
R4YPL9_dxr,44.5897710283708
R4YPM2_purC,36.6754074551777
R4YPM4_pepA,48.1669706372112
R4YPM8_OLEAN_C10320,38.3526191756217
R4YPN0_OLEAN_C26990,46.5574600544741
R4YPN2_OLEAN_C29300,45.6930858144375
R4YPN6_OLEAN_C27040,39.854137824164
R4YPN7_OLEAN_C10420,48.2536675806927
R4YPP0_OLEAN_C27090,46.3253403593627
R4YPP2_purT,45.7856596352556
R4YPP3_ansB,48.8708711311621
R4YPP4_copA,41.3223202791146
R4YPP5_OLEAN_C28510,42.0932282392537
R4YPP6_OLEAN_C10520,43.5806082666419
R4YPQ7_OLEAN_C29650,46.8917273594613
R4YPR9_cobQ,42.8031136828418
R4YPS3_OLEAN_C29850,39.6905626323863
R4YPS4_OLEAN_C27440,48.9835688614279
R4YPS7_OLEAN_C29900,42.6291893459742
R4YPT0_OLEAN_C27490,39.3314653255449
R4YPT1_coaE,39.561885088041
R4YPT2_cysD,39.984993148422
R4YPT4_purM,54.3024344902336
R4YPT5_OLEAN_C30000,50.0022949870998
R4YPT7_ddl,44.6800377351085
R4YPU2_mraY,42.8946938369921
R4YPU6_mraW,41.5426491024703
R4YPU7_napC,45.2434653519632
R4YPU8_OLEAN_C00080,42.2833498345358
R4YPV0_OLEAN_C30200,38.1830691970038
R4YPV2_sufD,47.1768242030321
R4YPV3_glyQ,36.7202780067688
R4YPV5_OLEAN_C29360,41.0919575760716
R4YPV8_rsmB,45.2527822099219
R4YPV9_dapD,47.4757555368746
R4YPW1_rsmI,48.8088402744632
R4YPW3_tsaC,38.3702935894275
R4YPW6_OLEAN_C29510,52.311498921913
R4YPX2_nth,37.7541119435398
R4YPX5_engB,39.830632186765
R4YPX7_ampG,41.4632856280932
R4YPX9_OLEAN_C00380,50.8165782113777
R4YPY4_OLEAN_C27790,44.9294099754068
R4YPY7_aceE,46.7133109600117
R4YPY9_OLEAN_C11520,47.0100402544522
R4YPZ0_OLEAN_C30700,41.1213977216751
R4YQ02_OLEAN_C29910,36.3792104774256
R4YQ03_OLEAN_C30850,37.4196001943613
R4YQ04_OLEAN_C00580,38.9979103472664
R4YQ10_ppk,41.0612516000129
R4YQ16_murC,42.0614568802318
R4YQ17_rhlE,40.1842189476135
R4YQ18_OLEAN_C11770,51.2075256447065
R4YQ20_ndh,49.9102385221083
R4YQ21_murF,41.4219761584958
R4YQ22_OLEAN_C31050,44.9045465490227
R4YQ23_fumC,45.9672388228059
R4YQ25_OLEAN_C00730,46.394279690622
R4YQ27_ectC,44.9788773184652
R4YQ28_surE,41.7195809543639
R4YQ33_eno,51.0976826742572
R4YQ36_pyrB,44.7455614134671
R4YQ38_OLEAN_C28440,39.4091900030633
R4YQ43_gshB,41.773544101785
R4YQ46_OLEAN_C30360,50.2023938070239
R4YQ49_OLEAN_C00930,36.3341019031211
R4YQ51_prmC,37.2179552965397
R4YQ54_OLEAN_C00980,41.8376886846532
R4YQ62_OLEAN_C01030,41.717398572119
R4YQ64_trmD,48.9046470153117
R4YQ67_OLEAN_C01080,39.0280735024322
R4YQ71_OLEAN_C12220,41.6731698661224
R4YQ77_OLEAN_C31650,47.6318367929861
R4YQ78_OLEAN_C12270,38.4183488116454
R4YQ88_secD,38.9786381506903
R4YQ94_OLEAN_C31850,37.1266105169128
R4YQ95_trmJ,49.6830705280842
R4YQ96_OLEAN_C12420,50.827280628912
R4YQ98_OLEAN_C01330,46.8823248261807
R4YQA3_sufB,43.5164683743392
R4YQA7_OLEAN_C29340,43.0643499848545
R4YQB0_cda1,51.9238619951813
R4YQB1_folA,37.3833541130266
R4YQB5_hsdR,39.7077364204758
R4YQB6_OLEAN_C29440,37.1397658484961
R4YQB7_OLEAN_C01480,37.6896406611941
R4YQB9_OLEAN_C32100,39.2640802213233
R4YQC0_OLEAN_C12620,40.1619484543988
R4YQC2_cbiX,37.322168831511
R4YQC5_OLEAN_C31160,38.703569491785
R4YQC6_OLEAN_C29590,46.5613396826997
R4YQD0_OLEAN_C29640,50.1752324963228
R4YQD2_OLEAN_C31260,39.0904082282482
R4YQD3_panE,39.4225267858856
R4YQD6_OLEAN_C31310,43.2087233593406
R4YQD7_OLEAN_C29740,46.7433189374181
R4YQD8_OLEAN_C01680,37.6855696985748
R4YQF1_OLEAN_C32500,46.7865791202698
R4YQF4_OLEAN_C01830,41.8027294173601
R4YQF5_secA,38.6007386723124
R4YQF8_OLEAN_C31560,40.4878033961161
R4YQG1_OLEAN_C01880,52.5818548321538
R4YQG3_amy,43.0714031343798
R4YQG4_murD,38.9780521402729
R4YQG6_alc,40.082785658579
R4YQG7_OLEAN_C01930,40.6654692791556
R4YQG8_pstC,39.4625504445404
R4YQI1_OLEAN_C13070,42.5000586976573
R4YQI2_OLEAN_C31810,45.3318530610988
R4YQI4_OLEAN_C02080,38.1427657657344
R4YQI6_amtE,43.0787322950172
R4YQI7_OLEAN_C13170,46.5416902552864
R4YQJ0_OLEAN_C02130,45.9924946977822
R4YQJ2_OLEAN_C30440,45.7261053030912
R4YQJ6_OLEAN_C31960,42.1811533756582
R4YQK2_OLEAN_C13420,39.8961261894351
R4YQK5_OLEAN_C13470,45.059198809715
R4YQK6_OLEAN_C32060,40.1463048065079
R4YQK7_OLEAN_C13520,38.9962213995837
R4YQK8_OLEAN_C32750,39.1218648126202
R4YQK9_nasA,43.2454758619731
R4YQL0_OLEAN_C02280,40.0661423710889
R4YQL3_OLEAN_C32110,37.9248546474636
R4YQL4_OLEAN_C30690,43.6463631518284
R4YQL5_OLEAN_C13620,48.9791687148007
R4YQL6_tpiA,38.5495037729398
R4YQL9_OLEAN_C30740,43.5776297623286
R4YQM0_ffh,46.630321984573
R4YQM2_thrS,38.0341361775113
R4YQM3_OLEAN_C30790,43.0914511427998
R4YQM5_rpoC,49.4886530758513
R4YQM6_moaA2,43.4139741494755
R4YQM7_pheT,41.9416149857418
R4YQN0_OLEAN_C33000,40.3845580771692
R4YQN4_ubiE,39.1892654636454
R4YQN5_OLEAN_C32310,38.9146095760212
R4YQN6_ubiG,38.2546708111889
R4YQN8_OLEAN_C30940,37.4271079391104
R4YQP9_OLEAN_C14020,47.5259616368737
R4YQQ0_hsdM,40.9865906756581
R4YQQ5_CccA,38.7836904050091
R4YQR0_OLEAN_C31140,43.4212946553712
R4YQR5_OLEAN_C31190,40.7245421662441
R4YQR6_OLEAN_C32560,41.4752143209403
R4YQR8_OLEAN_C14270,46.7863294411345
R4YQT0_OLEAN_C33700,41.842865506196
R4YQT1_estRB8,52.1276700843571
R4YQT3_OLEAN_C31390,45.1066350607386
R4YQT4_OLEAN_C14520,39.8521703174984
R4YQU2_rpsD,50.2577758253996
R4YQU3_OLEAN_C14670,41.3828545331137
R4YQU6_OLEAN_C31540,42.1793832780868
R4YQU8_OLEAN_C34000,39.7827991051049
R4YQV0_OLEAN_C34050,30.7131568119118
R4YQV1_pspA,45.8114844436255
R4YQV3_cobK,42.171238519965
R4YQV5_cobJ,40.756301935176
R4YQV7_OLEAN_C31640,36.9036616421192
R4YQW3_radA,39.3218041841823
R4YQW6_OLEAN_C14920,38.0265217106402
R4YQW8_OLEAN_C31740,41.4367436608474
R4YQX2_OLEAN_C31790,43.9893217952153
R4YQX5_arnT,48.7525100008962
R4YQY3_glmM,39.244158311776
R4YQY7_OLEAN_C15120,39.7346898297994
R4YQY8_OLEAN_C32910,41.6294035447338
R4YQZ0_hsdM,37.9884579642777
R4YQZ1_OLEAN_C15170,38.3098915880668
R4YQZ6_OLEAN_C15220,47.1611986357037
R4YQZ7_OLEAN_C33010,43.5725605697043
R4YR01_OLEAN_C33060,48.2819545520778
R4YR02_OLEAN_C15270,44.1530075877864
R4YR10_OLEAN_C33160,36.8915645907392
R4YR12_OLEAN_C15370,51.3430450274752
R4YR13_mshJ,40.4918162777678
R4YR18_lnt,44.6712536561082
R4YR19_OLEAN_C03630,38.1341574638107
R4YR20_OLEAN_C32140,41.526058008766
R4YR21_kdtA,40.253143806078
R4YR27_OLEAN_C03730,47.2014209854407
R4YR31_OLEAN_C34950,38.101326488056
R4YR35_OLEAN_C32240,48.4456841014203
R4YR36_OLEAN_C35000,37.6018347302382
R4YR37_OLEAN_C03830,41.7695043085211
R4YR39_nqrA,38.4106649677373
R4YR45_nqrF,40.4343120262536
R4YR46_OLEAN_C35100,41.1667762860778
R4YR52_trpC,45.3396402778589
R4YR57_OLEAN_C15770,40.0425992048535
R4YR59_OLEAN_C04080,40.1349574454698
R4YR60_pcnB,39.4809709769917
R4YR62_OLEAN_C15820,39.9295947527675
R4YR66_pgi,40.7948543656496
R4YR72_OLEAN_C15920,39.3855732096984
R4YR73_OLEAN_C32540,37.3517745211654
R4YR75_OLEAN_C04230,43.3276678037695
R4YR80_gatA,42.1154081259666
R4YR81_pyrD,41.9422922760773
R4YR85_OLEAN_C04330,42.1996025461062
R4YR87_OLEAN_C34110,46.2613967324739
R4YR88_OLEAN_C32640,41.0753183705381
R4YR89_betB,48.3480614666603
R4YR94_rpoN,41.0204143204132
R4YR95_dhmA,46.6781006324536
R4YR99_OLEAN_C34260,39.6684554193448
R4YRA7_alkJ,45.3514429601835
R4YRB0_OLEAN_C35800,40.3218496966453
R4YRB1_rsbU,41.9424103031106
R4YRB3_OLEAN_C04680,47.3786862872
R4YRB4_OLEAN_C35850,40.3707540182649
R4YRB7_pilU,43.6156056329307
R4YRB8_OLEAN_C32690,40.7024889756387
R4YRC2_prsA,48.6972904677901
R4YRC3_OLEAN_C35950,46.9139217050268
R4YRC4_ccoP,44.969921460908
R4YRC6_prfA,43.5796519757438
R4YRD1_OLEAN_C16520,41.1423142768022
R4YRD2_ribA,46.0247116030701
R4YRD5_truB,45.4365163927857
R4YRD8_OLEAN_C34760,40.876010308511
R4YRE1_OLEAN_C16620,52.044808745753
R4YRE4_rnr,41.726880133452
R4YRE6_hldE,42.2388579049887
R4YRF0_rpsR,45.8215456553467
R4YRF2_rlpB,46.204216714545
R4YRF3_OLEAN_C05130,41.5009952545742
R4YRF4_OLEAN_C16720,47.1247061422586
R4YRF9_OLEAN_C36300,43.4346567475921
R4YRG2_OLEAN_C35010,37.5353142816246
R4YRG5_aroK,37.1648225733364
R4YRG6_orn,36.5341814438814
R4YRG7_sdhA,51.7885470892136
R4YRG9_OLEAN_C33190,33.495874885858
R4YRH0_pilM,40.8616744118876
R4YRH1_OLEAN_C35110,37.5678153805966
R4YRH3_lipB,28.0004948242361
R4YRH4_sucC,46.0718398784003
R4YRH5_OLEAN_C33290,40.1393523707536
R4YRH7_OLEAN_C36450,43.1322907030749
R4YRI8_hslO,40.6321681757077
R4YRJ1_OLEAN_C17020,36.4836569626996
R4YRJ3_dsbD,43.0143514548465
R4YRJ7_proB,40.4481692353794
R4YRL3_OLEAN_C05730,49.7423861569625
R4YRL4_OLEAN_C36800,40.1923023681765
R4YRL5_betI,44.5231026913888
R4YRM0_OLEAN_C36850,40.5961167139983
R4YRM3_ileS,51.926292554695
R4YRM7_OLEAN_C33940,40.5647321060964
R4YRM8_OLEAN_C05880,44.5217116566297
R4YRN1_OLEAN_C33990,42.4918299585709
R4YRN6_hemD,40.8798225480197
R4YRP9_OLEAN_C17470,41.3392697061846
R4YRQ0_OLEAN_C35910,47.3894086407273
R4YRQ2_OLEAN_C06130,42.969998398608
R4YRQ7_OLEAN_C06180,47.942058355572
R4YRR3_dxs,45.0513568608083
R4YRR6_OLEAN_C34390,47.4533543798525
R4YRR7_OLEAN_C06280,47.1569271462234
R4YRR8_OLEAN_C36110,47.3061283183747
R4YRR9_OLEAN_C37300,50.6423132887103
R4YRS2_rlmB,38.411391313465
R4YRS3_OLEAN_C34490,45.2284775431953
R4YRS7_ribB,38.4393691980917
R4YRS9_OLEAN_C36260,51.375721136538
R4YRT1_OLEAN_C06430,39.3966160294129
R4YRT4_gltD,47.3300372842814
R4YRT7_parE,39.4413394323699
R4YRT8_pilQ,40.4860934420644
R4YRU3_mrcA,36.4897861947253
R4YRU6_OLEAN_C37600,39.9393657214764
R4YRU7_OLEAN_C36460,36.9942103711424
R4YRV1_OLEAN_C17720,37.5055828728268
R4YRV3_OLEAN_C36510,37.6689418899443
R4YRV7_pckA,40.3826500796284
R4YRV8_hsdS,41.8919557212879
R4YRW6_OLEAN_C17920,46.9553698280294
R4YRW7_recN,41.7137819140434
R4YRW9_motA,46.1437339411776
R4YRX2_OLEAN_C06880,43.9120868067636
R4YRY2_OLEAN_C35240,40.6108266876733
R4YRY3_OLEAN_C06980,45.0595281026907
R4YRZ0_OLEAN_C37750,46.6147595407606
R4YRZ2_OLEAN_C35340,43.4574563709782
R4YRZ5_OLEAN_C37800,41.9643931959595
R4YRZ6_uspA,39.7820615566578
R4YRZ7_asd,45.6877013673592
R4YS00_OLEAN_C37850,46.6043463919264
R4YS02_trpA,53.4906070933719
R4YS04_OLEAN_C35440,42.98250217415
R4YS06_speB,38.2445180254508
R4YS07_OLEAN_C37950,53.0138600734101
R4YS19_OLEAN_C07280,44.8608712773154
R4YS25_OLEAN_C38200,45.5315697303951
R4YS30_OLEAN_C18770,49.4802160185334
R4YS35_OLEAN_C18820,38.8643727652323
R4YS38_miaA,36.3550530782798
R4YS40_OLEAN_C07430,49.3344999816591
R4YS41_OLEAN_C38400,42.2978907781441
R4YS44_queG,38.557233535773
R4YS45_etfB,45.0916997345958
R4YS48_coaBC,45.9740520882988
R4YS53_OLEAN_C07530,45.4101387514732
R4YS54_OLEAN_C35890,40.4736389986053
R4YS56_gspL,42.3216806765621
R4YS59_priA,43.529736422924
R4YS60_recG,38.5764138498602
R4YS64_OLEAN_C38700,47.865951390999
R4YS71_OLEAN_C38800,37.5823780019049
R4YS72_OLEAN_C19270,43.4268336988492
R4YS75_xni,40.4420765960608
R4YS78_rhlB,37.7530559648361
R4YS80_glmU,44.0431290825654
R4YS86_OLEAN_C19520,40.4173357627456
R4YS88_cysC,40.5479816665116
R4YS89_parB,42.4525499276957
R4YS90_hemE,37.8382955215319
R4YS92_galE,37.8702066744577
R4YS95_aroB,36.8188843142179
R4YS96_OLEAN_C19670,36.6543849036751
R4YS99_rmlA,39.1543238873911
R4YSA8_OLEAN_C19870,39.1022764316278
R4YSB2_gltX,39.3620185936253
R4YSB3_OLEAN_C37810,43.5194433115044
R4YSB7_tmk,47.7137663119745
R4YSC1_eutB,37.2313094992323
R4YSC3_hsdR,37.6872805010129
R4YSC7_OLEAN_C20070,37.9659511092353
R4YSC8_OLEAN_C08280,48.3372145822316
R4YSD8_pabB,40.6458380262782
R4YSD9_OLEAN_C08430,43.0215375842383
R4YSE3_uspA,44.4514766587734
R4YSF0_OLEAN_C36890,36.3634642439892
R4YSF5_OLEAN_C20420,43.3799936833762
R4YSF6_trmB,41.4019084561752
R4YSF8_mutM,37.5539934979047
R4YSG0_fabI,36.863300436272
R4YSG2_dut,51.2266022980402
R4YSG4_clpP,46.260501746412
R4YSG8_ppiB,43.5550138288698
R4YSG9_spoT,37.4655776935218
R4YSH0_OLEAN_C08880,42.4255731069021
R4YSH1_OLEAN_C38660,42.4682108642363
R4YSH2_murB,38.3034427765281
R4YSH7_OLEAN_C20670,43.5525447513968
R4YSI1_OLEAN_C20720,37.224393733549
R4YSI3_OLEAN_C09080,40.4004148617673
R4YSI4_OLEAN_C37190,41.0669959802118
R4YSI5_OLEAN_C20770,39.5333949536397
R4YSI7_upp,44.5321776832964
R4YSI9_uvrD,38.3657025729304
R4YSJ2_acs,40.8544230175543
R4YSK2_OLEAN_C09330,43.3305174688156
R4YSK3_parA,39.7730043439959
R4YSK4_OLEAN_C21020,36.8494107889444
R4YSK5_mnmE,47.8381818380301
R4YSK9_OLEAN_C09430,41.8217137092917
R4YSL1_dnaX,43.2129799854986
R4YSL6_cox3,39.1121826940122
R4YSL7_OLEAN_C21220,41.761675370751
R4YSM6_OLEAN_C21370,40.7756764308149
R4YSN0_OLEAN_C21470,40.0937402222649
R4YSN3_OLEAN_C09930,51.2582515595877
R4YSN4_OLEAN_C21570,45.0062939991188
R4YSN9_OLEAN_C21670,41.7167580518758
R4YSP1_OLEAN_C21720,43.4593710451127
R4YSP4_OLEAN_C21770,38.3437524836856
R4YSP7_OLEAN_C21820,50.6059915174321
R4YSP8_OLEAN_C10230,40.1882060053923
R4YSP9_OLEAN_C37840,36.8311408524486
R4YSQ7_OLEAN_C21970,44.3118159560493
R4YSR7_OLEAN_C10530,45.7534943783167
R4YSR8_OLEAN_C22120,36.5581997205966
R4YST3_slmA,49.6985733552621
R4YST5_gmk,42.8125072859742
R4YST8_OLEAN_C38640,40.81058698152
R4YST9_pdxH,39.5581263987892
R4YSU2_OLEAN_C22470,39.8279666287813
R4YSU4_OLEAN_C10930,41.2404218580847
R4YSU6_cls,45.6638940916285
R4YSU8_OLEAN_C38840,39.0873428778326
R4YSV2_glmS,45.8176409039801
R4YSV8_OLEAN_C11180,36.6425492905368
R4YSW0_mnmG,42.68749212505
R4YSW3_OLEAN_C11280,46.9684290857175
R4YSW4_eutN,53.146683664824
R4YSX0_acnB,39.9708864861439
R4YSX8_smc,39.5502341498489
R4YSX9_OLEAN_C11680,41.4558762288575
R4YSY1_OLEAN_C11730,39.3154420554428
R4YSY4_OLEAN_C11780,37.1106079929555
R4YSY5_ccmB,46.0998852323996
R4YSZ0_OLEAN_C23370,38.3347813636547
R4YSZ1_OLEAN_C23420,42.2123178707593
R4YSZ2_OLEAN_C23470,47.9168953678366
R4YSZ9_OLEAN_C23670,43.7072173387298
R4YT00_OLEAN_C23720,42.2689433241316
R4YT01_fleQ,37.6303431582136
R4YT02_lysU,37.6585743464365
R4YT03_purL,41.1081117433566
R4YT04_fliF,42.986749764611
R4YT10_atpD1,47.716207238217
R4YT12_OLEAN_C12280,43.4992518222933
R4YT13_OLEAN_C24120,35.9840434475193
R4YT17_flhA,40.2678954789396
R4YT23_OLEAN_C12480,37.6968744266787
R4YT31_OLEAN_C12630,40.8554101256145
R4YT32_OLEAN_C24720,34.6699973361906
R4YT40_OLEAN_C12680,40.4277327029517
R4YT42_galU,40.8149450482267
R4YT44_OLEAN_C25220,41.0987507984611
R4YT45_OLEAN_C25270,47.7604591305548
R4YT47_pal,42.3578379896688
R4YT49_ruvB,43.9986204467416
R4YT50_OLEAN_C12880,40.1555072344961
R4YT54_OLEAN_C25470,39.560746814214
R4YT58_OLEAN_C25570,41.2354457693532
R4YT59_rnb,40.1199267946642
R4YT61_OLEAN_C13180,35.1970935883438
R4YT67_gcvP1,42.5194848832499
R4YT68_OLEAN_C13380,43.2336735048233
R4YT75_OLEAN_C13580,40.9930777568527
R4YT76_OLEAN_C25970,40.0447866575626
R4YT77_OLEAN_C13630,35.4471701879239
R4YT78_OLEAN_C13680,45.0189829295088
R4YT82_ihfA,39.4463012344582
R4YT87_aroA,42.2034971793585
R4YT89_OLEAN_C13980,40.1439016676449
R4YT91_neuB,42.6117276325753
R4YT95_tuaG,37.6570280864453
R4YT96_OLEAN_C14180,40.6331497814296
R4YT99_fadA,45.8838089630018
R4YTB2_era,40.0103418486847
R4YTB5_ppc,43.4462767602579
R4YTB7_rsmJ,40.3510622600083
R4YTB9_trmJ,38.9116087175023
R4YTC1_rlmN,47.3431199403344
R4YTC2_bamB,43.0634656048104
R4YTC3_OLEAN_C26970,50.587151726064
R4YTC4_OLEAN_C14980,40.4370848799187
R4YTC5_OLEAN_C27020,38.5362292652491
R4YTC7_OLEAN_C27070,39.3007961777831
R4YTD2_cobN,40.2788866221263
R4YTD3_gloB,48.992560935544
R4YTD4_OLEAN_C27220,43.870897424876
R4YTD6_tauA,44.2895502668225
R4YTD7_OLEAN_C15330,53.6419566402244
R4YTD9_sbcD,45.818911560296
R4YTE1_OLEAN_C15430,40.0488772137645
R4YTE5_OLEAN_C27470,38.8759336283264
R4YTE6_OLEAN_C15580,42.0567186341799
R4YTE7_nqrB,40.8678777634823
R4YTE8_hda,34.0516753668986
R4YTF2_OLEAN_C15780,53.9178193150091
R4YTF3_OLEAN_C27620,45.2486002535173
R4YTF7_OLEAN_C15980,39.7636445902541
R4YTG2_OLEAN_C27720,52.0583857161658
R4YTG4_OLEAN_C27770,40.318622709407
R4YTH1_OLEAN_C16330,43.7815195814174
R4YTH5_OLEAN_C28120,40.0295594142655
R4YTH6_lysC,41.1678496897706
R4YTI0_recA,39.928283447372
R4YTI2_purK,35.8140151588243
R4YTI3_ispD,54.9730426822426
R4YTI4_OLEAN_C16580,36.8822118520158
R4YTI6_OLEAN_C16630,39.8567217026207
R4YTI9_rfaC,53.8598626204598
R4YTJ0_OLEAN_C28570,41.0528239776365
R4YTJ6_dsbC,52.0552508041835
R4YTJ7_sdhB,49.424809571581
R4YTK0_sucD,44.938885059067
R4YTK3_tesB,37.6047403775606
R4YTK4_OLEAN_C16980,42.0343187422485
R4YTK7_OLEAN_C17030,46.9150231217602
R4YTK8_queA,39.9207969693816
R4YTL4_OLEAN_C17180,39.3422723881654
R4YTM0_OLEAN_C29470,43.3368849571571
R4YTM4_OLEAN_C17380,48.2084180754127
R4YTM7_OLEAN_C29670,39.3182619252636
R4YTN0_btuF,46.31189371697
R4YTN5_pilB,43.3719284684364
R4YTN6_OLEAN_C17630,37.0878038646482
R4YTN7_mutT,39.4857370862464
R4YTN8_ftsZ,41.7016025710918
R4YTN9_murG,38.2802113625306
R4YTP0_murE,42.2384877082193
R4YTP2_OLEAN_C30220,42.062958352324
R4YTP4_OLEAN_C17680,49.281138098958
R4YTP7_OLEAN_C30420,43.2595602873074
R4YTQ0_rsmC,39.5902980131921
R4YTQ5_nasT,44.1589306063033
R4YTQ6_OLEAN_C17980,37.292768661177
R4YTQ8_OLEAN_C18030,49.5201513806481
R4YTR5_OLEAN_C06520,53.0348751885427
R4YTR8_nirB,42.3031146584186
R4YTR9_argE,41.4415032940595
R4YTS3_folC,39.9991063457191
R4YTS6_purB,41.2975025520306
R4YTS7_OLEAN_C31020,44.0091847497767
R4YTS8_icd,38.8041614011408
R4YTS9_OLEAN_C31070,38.8794387251121
R4YTT2_ectA,38.8364661536987
R4YTT5_OLEAN_C18830,36.5163170592033
R4YTT6_OLEAN_C18880,40.5841115933347
R4YTT7_topB,40.6504406410828
R4YTT8_OLEAN_C18930,39.0196569346939
R4YTT9_etfA,38.0036516291446
R4YTU2_OLEAN_C31320,38.3963474250352
R4YTU8_OLEAN_C19230,41.0078372643761
R4YTV0_OLEAN_C19280,52.9559660355364
R4YTV1_OLEAN_C19330,37.6755585186067
R4YTV5_OLEAN_C19430,34.071788684863
R4YTV6_OLEAN_C31620,39.0763133201057
R4YTV7_kpsS,38.8910876469188
R4YTV8_OLEAN_C19530,44.5094121775959
R4YTV9_pstA,41.0340356052833
R4YTW4_OLEAN_C19680,39.536097708031
R4YTW6_cpxR,41.4592733689557
R4YTW7_OLEAN_C19780,41.8934236697178
R4YTW8_OLEAN_C31870,47.0106001344398
R4YTX3_OLEAN_C31970,38.371997262484
R4YTX4_mltG,40.7287813494796
R4YTX5_OLEAN_C32020,39.8059349332581
R4YTX6_fabD,44.1602505215221
R4YTX9_ppsA,45.5186485940845
R4YTY0_OLEAN_C32120,45.5661283698834
R4YTY1_OLEAN_C20180,42.3882672713601
R4YTY7_ugpQ,50.0836099370999
R4YTY9_adhA,36.3827591287062
R4YTZ0_dnaQ,37.073883224412
R4YTZ1_OLEAN_C32370,41.4945992813046
R4YTZ2_ppiD,40.3663109170066
R4YTZ7_OLEAN_C32520,39.3238740076025
R4YTZ8_OLEAN_C20630,43.0795960520635
R4YU00_OLEAN_C20680,44.4851383731092
R4YU05_OLEAN_C20880,45.2188890598313
R4YU14_rlmJ,36.1698509449827
R4YU15_pnp,53.5005157386464
R4YU16_OLEAN_C21280,38.1094697586909
R4YU17_nusA,42.8928772104778
R4YU19_folP,44.4583192969849
R4YU21_OLEAN_C32920,45.9759247881386
R4YU22_OLEAN_C32970,43.5459946257843
R4YU26_ubiB,37.2246313706442
R4YU29_OLEAN_C33170,42.1828646093366
R4YU34_OLEAN_C33320,41.1251193960748
R4YU44_OLEAN_C21830,38.4230207226264
R4YU46_OLEAN_C21880,39.6285533662269
R4YU54_OLEAN_C22030,48.5562067166856
R4YU65_OLEAN_C34270,39.2497801548735
R4YU68_OLEAN_C34370,52.0313726490906
R4YU73_ribD,36.8188564783785
R4YU79_ampC,36.4053340447663
R4YU80_OLEAN_C34720,42.4354332609275
R4YU82_OLEAN_C34770,48.883616664461
R4YU85_hldD,45.4902903788649
R4YU86_glsA,39.4456533949059
R4YU89_engC,44.1147366370514
R4YU90_psd,35.3025643785479
R4YU91_OLEAN_C22680,42.7628474956778
R4YU92_sfsA,49.8325129338803
R4YU95_OLEAN_C22730,36.8851277839489
R4YUA0_OLEAN_C22880,38.7489219639391
R4YUA5_OLEAN_C23030,51.2396488457561
R4YUA7_acsA,42.6423446223397
R4YUB1_OLEAN_C35620,37.5635753098022
R4YUB2_ccmA,42.1458499316243
R4YUB5_hflX,40.62671068845
R4YUB7_OLEAN_C35770,42.7271975596723
R4YUB8_OLEAN_C23380,37.7012568522009
R4YUB9_OLEAN_C23430,37.8530131262002
R4YUC2_serA,37.4909252609694
R4YUC3_OLEAN_C23530,45.973109361307
R4YUC7_OLEAN_C35970,40.0704425090191
R4YUD1_prfB,40.6915378543528
R4YUD3_ispA,34.400981673915
R4YUE2_alr,40.3470873996976
R4YUE5_gltA,52.2924841586502
R4YUE7_pilP,40.0196893930246
R4YUE9_OLEAN_C36420,49.6803214777564
R4YUF4_OLEAN_C36520,51.8349192976621
R4YUF6_hepA,38.4277840535357
R4YUF8_OLEAN_C24580,38.7519740872754
R4YUG1_OLEAN_C36670,42.5490557886002
R4YUG6_OLEAN_C36770,39.6264155912701
R4YUH5_OLEAN_C36970,49.7108465275392
R4YUH9_manB,44.1400506777614
R4YUI0_lysA,42.0917635736852
R4YUI2_OLEAN_C37120,35.9622143450133
R4YUI7_OLEAN_C37220,41.1207769713513
R4YUJ3_OLEAN_C37370,41.3465469082979
R4YUJ7_OLEAN_C25680,48.6471971888974
R4YUK0_OLEAN_C37520,39.498387566593
R4YUK5_OLEAN_C37620,43.0813491283489
R4YUK6_OLEAN_C25930,52.9184644314136
R4YUL7_OLEAN_C37720,41.5821565376725
R4YUL8_OLEAN_C26430,40.4595130666607
R4YUL9_OLEAN_C37770,46.230398806262
R4YUM5_hsdS,36.9673016564433
R4YUM7_OLEAN_C38020,47.3022481335473
R4YUM8_OLEAN_C38070,37.5600762635989
R4YUN3_OLEAN_C38220,36.3098383810096
R4YUN8_OLEAN_C38370,49.7710070149159
R4YUP3_manB,38.5722033289968
R4YUP5_OLEAN_C38570,37.2003529519209
R4YUP7_OLEAN_C26980,43.9055823245984
R4YUP9_rubB,47.8791466844163
R4YUQ0_OLEAN_C27030,39.2329980005355
R4YUQ1_OLEAN_C38770,40.165223910784
R4YUQ2_OLEAN_C27080,39.6573913831462
R4YUQ6_OLEAN_C38920,41.590649555247
R4YUQ8_OLEAN_C38970,44.5214679721626
R4YUR2_gidB,37.1167585896093
R4YUR3_OLEAN_C27280,40.5830000306129
R4YUR4_yidC,37.8341927052033
R4YUR8_OLEAN_C27480,44.8200124496215
R4YUS0_OLEAN_C27580,36.9827399427196
R4YUS3_rcp,35.1314170049316
R4YUT0_rnfC,41.3843368265314
R4YUT1_oadB,41.2726919221551
R4YUT2_alaS,40.902149189744
R4YUT3_proV,40.7631159830384
R4YUT4_mutS,40.9624345643773
R4YUT5_pcm,47.1319379837332
R4YUU2_OLEAN_C28680,39.7480670171962
R4YUU7_xseA,41.7607945763877
R4YUV7_cinA,40.8824174712204
R4YUW0_OLEAN_C29580,41.1626033682686
R4YUW2_OLEAN_C29680,40.1400695569144
R4YUW3_OLEAN_C29730,39.9105400308673
R4YUW4_OLEAN_C29780,42.3322240815805
R4YUW5_cobT,45.6350373691557
R4YUW6_nadC,40.1122810407529
R4YUW8_argJ,45.303413605584
R4YUW9_ftsA,41.794261896586
R4YUX7_OLEAN_C30430,38.7243608574132
R4YUX9_hyi,45.6634571261277
R4YUY0_nasS,45.2785732580885
R4YUY1_nasD,36.8764140452964
R4YUY6_OLEAN_C30880,41.7239788994555
R4YUY8_OLEAN_C30980,42.5640516262773
R4YUZ3_ndpA,41.2676879087525
R4YUZ5_OLEAN_C31330,37.6418450418223
R4YV03_OLEAN_C31730,43.2113769596983
R4YV06_dctP,50.3625074608546
R4YV07_OLEAN_C31930,45.0111200365462
R4YV11_OLEAN_C32130,39.7827912626303
R4YV17_OLEAN_C32430,54.6043822231997
R4YV20_OLEAN_C32580,45.5940787156021
R4YV23_OLEAN_C32730,44.0927881136165
R4YV26_ftsH,43.6336630681977
R4YV28_leuS,40.545688319737
R4YV30_OLEAN_C33080,37.6611561746986
R4YV40_phnR,47.2249555549554
R4YV43_OLEAN_C33730,37.4671535115959
R4YV45_OLEAN_C33830,44.0683926212979
R4YV46_OLEAN_C33880,48.8618784264262
R4YV49_fadE,42.5557895267711
R4YV51_OLEAN_C34130,45.4648506763796
R4YV53_OLEAN_C34230,44.1299647878513
R4YV55_OLEAN_C34330,45.6502033035371
R4YV56_OLEAN_C34380,52.2128239400559
R4YV57_OLEAN_C34430,42.3683961539881
R4YV58_OLEAN_C34480,39.1096857361966
R4YV62_parC,37.3191173173837
R4YV64_OLEAN_C34780,40.2906348125194
R4YV69_argA,42.6432860779227
R4YV74_panC,44.9823861925085
R4YV77_rpiA,49.6059630067429
R4YV79_OLEAN_C35530,42.7735651992373
R4YV85_OLEAN_C35830,41.4259738122117
R4YV86_OLEAN_C35880,47.344877778558
R4YV88_hslU,45.4682149163675
R4YV92_OLEAN_C36180,41.928732457692
R4YV93_OLEAN_C36230,53.0586981555555
R4YV94_mqo,40.6272419181293
R4YV95_OLEAN_C36330,45.3193842896131
R4YV96_pilO,37.9533398176943
R4YV97_OLEAN_C36430,47.9944485014662
R4YVA0_OLEAN_C36580,38.6719831657695
R4YVA1_OLEAN_C36630,43.4365760163677
R4YVA2_OLEAN_C36680,40.4582050963857
R4YVA6_OLEAN_C36880,45.0655702162397
R4YVA8_hemY,48.9509089228426
R4YVA9_OLEAN_C37030,39.5385002038477
R4YVB0_dapF,43.4727620575255
R4YVB2_OLEAN_C37180,37.2377989289735
R4YVB3_ureG,48.8449963540988
R4YVC2_copA,46.1973007617526
R4YVC8_hsdM,40.57662688346
R4YVC9_OLEAN_C38030,41.4052496583395
R4YVD0_acsA,39.5915494556482
R4YVD1_OLEAN_C38130,36.626610422431
R4YVD2_OLEAN_C38180,42.7535871290495
R4YVD3_gpm,45.0572711045445
R4YVD4_prlC,40.4073567968978
R4YVD6_OLEAN_C38380,30.0388821022907
R4YVD9_argB,40.1434796324975
R4YVE1_OLEAN_C38630,37.4013219986076
S4R1E5_Gpx4,47.59007791812315
S4R1L5_Birc6,49.26529155937225
S4R1M0_Ptprc,50.70864364983895
S4R1W1_Gm3839,47.8469827349301
S4R1W5_Rbm6,49.39002354840995
S4R203_Arhgap12,47.41781108801155
S4R219_Dennd2d,44.93776391894055
S4R225_Wdr13,52.71150451868875
S4R265_Rsrc2,53.7450016554963
S4R270_Bin2,47.1970741577531
S4R287_Ccdc53,54.7815085994649
S4R2B6_Anapc16,53.4536098761754
S4R2J9_Prrc2c,51.21357595731605
S4R2K0_Pdf,47.6483600889125
S5ZDJ9_ntl-1,41.2497139192797
S6FCW6_pde-4,36.2193222456206
S6FN19_CELE_Y41E3.1,39.2756455062374
S6FN32_wdr-23,39.805376764675
S6FWQ0_C03H12.1,43.535522523545
U4PB05_gpx-2,44.2649553136579
U4PB74_C18H7.1,40.8882659130049
U4PBF4_pde-3,39.2596413843772
U4PBR7_dsl-3,39.1736970130992
U4PBS3_par-3,49.6473950672112
U4PBU8_plst-1,46.1125294230972
U4PBX2_rnp-3,38.9445423320073
U4PC16_CELE_Y69A2AR.16,38.6877126109187
U4PEH8_smg-8,48.0890707572301
U4PEQ9_egl-4,36.9289520565066
U4PF53_CELE_T13A10.64,36.4826721380031
U4PM26_denn-4,39.7928521458014
U4PMD6_mca-3,42.2594261697497
U4PMF4_duo-3,40.0952627375682
U4PR75_CELE_M4.1,38.4719211123138
U4PRC7_pac-1,47.6042612525199
U4PS45_ric-8,40.3247189379207
U4PS59_clec-75,41.2199145632553
V5XY55_paa-1,39.2065984008138
V5Z1T2_ced-12,39.0740721006326
V6CIS4_hecd-1,43.1509540934664
V6CIT4_lin-33,43.9894890550438
V6CIW4_pde-6,39.2208433198321
V6CIX1_drh-1,39.0557629461426
V6CJW9_CELE_Y48G1C.10,41.7399455232917
V6CK14_him-19,37.3549643395182
V6CK19_CELE_F15B10.3,37.8610441541953
V6CK48_acs-13,36.8670781656257
V6CK76_rcor-1,37.8585393873831
V6CKG6_CELE_H35B03.2,45.0760575858417
V6CLC9_deps-1,35.5816106244272
V6CLH7_try-3,46.2121848721575
V6CLS4_zfh-2,47.7303977603779
V6CLU0_ketn-1,54.2370562423888
V6CLV8_dys-1,44.3659930842232
V6CLW5_nkb-3,45.3887187774741
V6CM07_rps-8,41.8536882338869
V9GWW1_Zfp280d,47.37605329546215
V9GX00_Il6st,54.5678454528325
V9GX21_Atpaf1,49.481778116456994
V9GX22_Tmem254b,46.5514602148356
V9GX26_Gyg,50.227248324906896
V9GXD9_Synrg,49.523894118667
V9GXF1_1110065P20Rik,53.0543009648835
V9GXI5_Clec7a,50.3566384041508
V9GXI7_Mrpl20,47.1951460616222
V9GXK0_Gm12117,45.57444011451885
V9GXK6_Crtc2,54.6141050115216
V9GXP8_Erc1,48.69690171751055
W6RTL8_CELE_Y40C5A.4,41.057566414663
W6RY35_CELE_Y92H12A.4,41.4804306958457
X1WBT0_si:dkey-105h12.2,54.6449010296357
X1WD71_ap2a1,50.3218208694853
X1WDN1_ube2ia,52.7452161404236
X1WFB0_ddx3b,46.5600380050678
X1WFZ2_capns1b,54.8446633093114
X1WHB9_zgc:114181,56.1513492499801
X5JA13_SEC10a,40.2469285319968
X5LPX5_CELE_Y37E3.11,39.3977419227253
X5LV67_CELE_D2096.7,39.5112491021187
X5LVB3_nsun-4,34.3515906466097
X5LX81_gap-3,40.6608224628518
X5M5P2_ule-1,45.408693237129
X5MBH3_spe-48,44.9772738691669
Z4YJL0_Bahd1,50.695296919644704
Z4YJL9_Ift20,49.67072142093155
Z4YJR1_Lmf1,49.47673425628485
Z4YJT3_Larp1,46.773456909508354
Z4YJW0_Emc1,51.29092807937275
Z4YJY0_Fam175b,55.60088288906575
Z4YJZ7_Ehmt1,48.749075213505
Z4YK56_AU040320,51.20016346148545
Z4YK64_Dcaf17,52.0113707193413
Z4YKB8_Hp1bp3,48.06709800708765
Z4YKT6_Dhrs7b,51.97068241250555
Z4YL23_Fer1l4,47.7483380243866
Z4YL78_Ckap5,46.2126196688119
Z4YL87_Tsr2,54.6877484890738
Z4YLI8_Cluh,48.62264030479215
Z4YLT1_Inip,47.64786603556305
Z4YLT8_Rnf11,56.9535916618651
Z4YML9_Tmem87b,52.851250143083945
Z4YNA9_AB124611,55.2221775887156
